id,name,state,category,latitude,longitude,price_range,rating,review_count,description,best_season,image_url
7593,Do Drul Chorten,Sikkim,attraction,27.312838,88.604828,budget,4.7,3138,"Do Drul Chorten is a renowned religious landmark situated in Gangtok, East Sikkim district of Sikkim. The destination attracts visitors seeking authentic regional heritage, architectural grandeur, and picturesque surroundings. It plays an integral role in the cultural landscape and local tourism identity of the region.",Apr-Jun,https://thumb.wikimedia.org/wikipedia/commons/thumb/b/b4/Tsongmo_Lake_or_Changu_Lake_-_East_Sikkim.jpg/960px-Tsongmo_Lake_or_Changu_Lake_-_East_Sikkim.jpg?utm_source=en.wikipedia.org&utm_campaign=api&utm_content=thumbnail
7594,Enchey Monastery,Sikkim,attraction,27.335938,88.619172,budget,4.6,6132,"Enchey Monastery is a renowned religious landmark situated in Gangtok, East Sikkim district of Sikkim. The destination attracts visitors seeking authentic regional heritage, architectural grandeur, and picturesque surroundings. It plays an integral role in the cultural landscape and local tourism identity of the region.",Apr-Jun,https://thumb.wikimedia.org/wikipedia/commons/thumb/e/ed/Enchey_Monastery_in_Gangtok_district%2C_East_Sikkim.jpg/960px-Enchey_Monastery_in_Gangtok_district%2C_East_Sikkim.jpg?utm_source=en.wikipedia.org&utm_campaign=api&utm_content=thumbnail
7595,Ganesh Tok,Sikkim,attraction,27.341462,88.621297,budget,4.7,4402,"Ganesh Tok is a renowned religious landmark situated in Gangtok, East Sikkim district of Sikkim. The destination attracts visitors seeking authentic regional heritage, architectural grandeur, and picturesque surroundings. It plays an integral role in the cultural landscape and local tourism identity of the region.",Apr-Jun,https://thumb.wikimedia.org/wikipedia/commons/thumb/4/47/Mani_stone_slabs_outside_Tashiding_Monastery.jpg/960px-Mani_stone_slabs_outside_Tashiding_Monastery.jpg?utm_source=en.wikipedia.org&utm_campaign=api&utm_content=thumbnail
7596,Gonjang Monastery,Sikkim,attraction,27.370587,88.616109,budget,4.2,3265,"Gonjang Monastery is a renowned religious landmark situated in Gangtok, East Sikkim district of Sikkim. The destination attracts visitors seeking authentic regional heritage, architectural grandeur, and picturesque surroundings. It plays an integral role in the cultural landscape and local tourism identity of the region.",Apr-Jun,https://thumb.wikimedia.org/wikipedia/commons/thumb/d/d4/Full_view_of_Sanga-Choeling_Monastery.jpg/960px-Full_view_of_Sanga-Choeling_Monastery.jpg?utm_source=en.wikipedia.org&utm_campaign=api&utm_content=thumbnail
7597,Hanuman Tok,Sikkim,attraction,27.347838,88.628703,budget,4.3,2284,"Hanuman Tok is a renowned religious landmark situated in Gangtok, East Sikkim district of Sikkim. The destination attracts visitors seeking authentic regional heritage, architectural grandeur, and picturesque surroundings. It plays an integral role in the cultural landscape and local tourism identity of the region.",Apr-Jun,https://thumb.wikimedia.org/wikipedia/commons/thumb/b/b4/Hanuman_Tok_Temple_Complex_in_Gangtok_District%2C_East_Sikkim_05.jpg/960px-Hanuman_Tok_Temple_Complex_in_Gangtok_District%2C_East_Sikkim_05.jpg?utm_source=en.wikipedia.org&utm_campaign=api&utm_content=thumbnail
7598,Kanchendzonga national park,Sikkim,attraction,27.342012,88.621328,budget,4.3,2891,"Kanchendzonga national park is a renowned recreation landmark situated in Gangtok, East Sikkim district of Sikkim. The destination attracts visitors seeking authentic regional heritage, architectural grandeur, and picturesque surroundings. It plays an integral role in the cultural landscape and local tourism identity of the region.",Apr-Jun,https://thumb.wikimedia.org/wikipedia/commons/thumb/e/e4/Yuksom_Village.jpg/960px-Yuksom_Village.jpg?utm_source=en.wikipedia.org&utm_campaign=api&utm_content=thumbnail
7599,Namgyal Institute of Tibetology,Sikkim,attraction,27.315938,88.604797,budget,4.6,7960,"Namgyal Institute of Tibetology is a renowned cultural landmark situated in Gangtok, East Sikkim district of Sikkim. The destination attracts visitors seeking authentic regional heritage, architectural grandeur, and picturesque surroundings. It plays an integral role in the cultural landscape and local tourism identity of the region.",Apr-Jun,https://thumb.wikimedia.org/wikipedia/commons/thumb/0/0e/Namgyal_Institute_of_Tibetology_Front_Panorama.jpg/960px-Namgyal_Institute_of_Tibetology_Front_Panorama.jpg?utm_source=en.wikipedia.org&utm_campaign=api&utm_content=thumbnail
7600,Thakurbari Temple,Sikkim,attraction,27.330112,88.613203,budget,4.7,7124,"Thakurbari Temple is a renowned religious landmark situated in Gangtok, East Sikkim district of Sikkim. The destination attracts visitors seeking authentic regional heritage, architectural grandeur, and picturesque surroundings. It plays an integral role in the cultural landscape and local tourism identity of the region.",Apr-Jun,https://thumb.wikimedia.org/wikipedia/commons/thumb/3/3f/Phensong_Monastery.jpg/960px-Phensong_Monastery.jpg?utm_source=en.wikipedia.org&utm_campaign=api&utm_content=thumbnail
7601,Baba Harbhajan Singh Memorial Temple,Sikkim,attraction,27.366667,88.816667,budget,4.5,24817,"Perched at 13,123 feet (4,000 m) on the Indo-China border road between Nathu La and Jelep La passes, a unique military shrine dedicated to Sepoy Harbhajan Singh of the 23rd Punjab Regiment (1968 Indo-China clashes), revered by both Indian and Chinese soldiers as a guardian spirit who warns troops of impending danger.",Apr-Jun,https://thumb.wikimedia.org/wikipedia/commons/thumb/f/fb/Cherry_Resort_inside_Temi_Tea_Garden%2C_Namchi%2C_Sikkim.jpg/960px-Cherry_Resort_inside_Temi_Tea_Garden%2C_Namchi%2C_Sikkim.jpg?utm_source=en.wikipedia.org&utm_campaign=api&utm_content=thumbnail
7602,Nathula Pass,Sikkim,attraction,27.386389,88.831944,budget,4.7,8811,"Perched at an altitude of 14,140 feet (4,310 m) on the Himalayas connecting Sikkim with China's Tibet Autonomous Region, a legendary mountain pass that formed an offshoot of the historic Old Silk Road.",Apr-Jun,https://thumb.wikimedia.org/wikipedia/commons/thumb/6/64/Location_of_Nathula.svg/960px-Location_of_Nathula.svg.png?utm_source=en.wikipedia.org&utm_campaign=api&utm_content=thumbnail
7603,Rumtek Monastery (Dharma Chakra Centre),Sikkim,attraction,27.304722,88.583611,budget,4.7,23412,"Perched on a green hill directly opposite Gangtok, the largest monastery in Sikkim and the principal international seat-in-exile of the Gyalwang Karmapa (head of the Karma Kagyu lineage), housing priceless golden stupas, thangkas, and Buddhist scriptures.",Apr-Jun,https://thumb.wikimedia.org/wikipedia/commons/thumb/9/99/Rumtek_Monastery_alias_Dharma_Chakra_Centre_near_Gangtok%2C_East_Sikkim_09.jpg/960px-Rumtek_Monastery_alias_Dharma_Chakra_Centre_near_Gangtok%2C_East_Sikkim_09.jpg?utm_source=en.wikipedia.org&utm_campaign=api&utm_content=thumbnail
7604,Tsomgo Lake (Changu Lake),Sikkim,attraction,27.374167,88.761944,budget,4.8,26553,"A breathtaking oval-shaped glacial alpine lake situated at 12,310 feet (3,753 m) altitude on the Gangtok-Nathula highway, fed by melting glaciers, revered by local Sikkimese lamas who historically read prophecies in the changing lake colors.",Apr-Jun,https://thumb.wikimedia.org/wikipedia/commons/thumb/b/b4/Tsongmo_Lake_or_Changu_Lake_-_East_Sikkim.jpg/960px-Tsongmo_Lake_or_Changu_Lake_-_East_Sikkim.jpg?utm_source=en.wikipedia.org&utm_campaign=api&utm_content=thumbnail
7605,Pelling,Sikkim,attraction,27.30037,88.23565,budget,3.9,500,"Pelling, a scenic hill town located in the West Sikkim district of Sikkim, is a hub for trekking and adventure enthusiasts. The area boasts rich Buddhist and Lepcha traditions, which are still visible in its vibrant culture. Pelling's breathtaking vistas, snow-capped mountains, and lush forests create a perfect escapade from the chaos of urban life. Visitors can enjoy a delightful blend of adventure, spirituality, and natural wonder.",Apr-Jun,https://thumb.wikimedia.org/wikipedia/commons/thumb/b/b3/Sunrise_over_Kangchenjunga.jpg/960px-Sunrise_over_Kangchenjunga.jpg?utm_source=en.wikipedia.org&utm_campaign=api&utm_content=thumbnail
7606,Yuksom,Sikkim,attraction,27.36924,88.21848,budget,4.5,8284,"Yuksom, a quaint hamlet in the Sikkim Himalayas, is a popular trekking hub that offers breathtaking views of the surrounding mountains, valleys, and rivers. This picturesque town is situated in the West Sikkim district, surrounded by towering peaks of the Himalayan range, which include the iconic Kanchenjunga, the third-highest peak in the world. With its rich cultural heritage and diverse flora and fauna, Yuksom has become a must-visit destination for adventure seekers and nature lovers alike.",Apr-Jun,https://thumb.wikimedia.org/wikipedia/commons/thumb/e/e4/Yuksom_Village.jpg/960px-Yuksom_Village.jpg?utm_source=en.wikipedia.org&utm_campaign=api&utm_content=thumbnail
7607,Dzongu,Sikkim,attraction,27.53475,88.4891,budget,4.7,5395,"A strictly protected, indigenous Lepcha ancestral homeland featuring terraced river valleys, hanging cane bridges, and untouched subtropical cloud forests.",Apr-Jun,https://thumb.wikimedia.org/wikipedia/commons/thumb/a/ac/Kangchenjunga_PangPema.JPG/960px-Kangchenjunga_PangPema.JPG?utm_source=en.wikipedia.org&utm_campaign=api&utm_content=thumbnail
7608,Lachen,Sikkim,attraction,27.73061,88.5495,budget,4.6,2118,"Perched at an elevation of 2,750 meters, Lachen is a quaint mountain village in North Sikkim. The region's stunning landscapes, rich cultural heritage, and breathtaking views have drawn visitors from across the globe. Lachen offers a mix of spirituality, adventure, and nature's splendor, making it an ideal destination for those seeking an offbeat Himalayan experience.",Apr-Jun,https://thumb.wikimedia.org/wikipedia/commons/thumb/a/a3/Mt._Kanchanjunga_as_seen_from_Rinchenpong%2C_West_Sikkim_on_7th_May%2C_2017..jpg/960px-Mt._Kanchanjunga_as_seen_from_Rinchenpong%2C_West_Sikkim_on_7th_May%2C_2017..jpg?utm_source=en.wikipedia.org&utm_campaign=api&utm_content=thumbnail
7609,Lachung,Sikkim,attraction,27.68971,88.74259,budget,4.7,2748,"Tucked away in the North Sikkim Himalayas, Lachung is a picturesque town in the Indian state of Sikkim. Known for its unspoiled natural beauty, Lachung is a trekker's haven nestled in the heart of the Eastern Himalayas. The area is home to lush green valleys, snow-capped mountains, and serene rivers, including Lachung Chu and Lachen Chu. This charming town is an ideal destination for nature lovers and adventure enthusiasts. Lachung has a rich cultural heritage, and its people retain traditional values and hospitality.",Apr-Jun,https://thumb.wikimedia.org/wikipedia/commons/thumb/f/f4/Lachung_Town.jpg/960px-Lachung_Town.jpg?utm_source=en.wikipedia.org&utm_campaign=api&utm_content=thumbnail
7610,Borong Village,Sikkim,attraction,27.2925,88.35944,budget,4.2,3169,"Borong Village, situated in the South Sikkim district, is a picturesque village surrounded by lush green forests and majestic mountains. The village is located near the Maenam Wildlife Sanctuary, which is home to a variety of flora and fauna, including the red panda and the Himalayan black bear. With its stunning natural beauty, rich cultural heritage, and exciting adventure activities, Borong Village is an ideal destination for trekking, camping, rock climbing, and bird watching. The village is also famous for its hot springs, which are believed to have medicinal properties. Visitors can experience the local Lepcha culture, try traditional cuisine, and enjoy the warm hospitality of the villagers.",Apr-Jun,https://upload.wikimedia.org/wikipedia/commons/f/f7/Bundesarchiv_Bild_135-BAI-05-04%2C_Tibetexpedition%2C_Haus_in_Chungtang.jpg?utm_source=en.wikipedia.org&utm_campaign=api&utm_content=thumbnail_unscaled
7611,Temi Tea Garden,Sikkim,attraction,27.2343,88.4239,budget,3.9,661,"Established in 1969 by the last King of Sikkim, Temi Tea Garden is the only tea estate in the state of Sikkim. Spanning across gentle mountain slopes in Namchi district, this organic tea garden is world-renowned for its premium, aromatic black tea. The garden is lined with beautiful cherry blossom trees that bloom in winter, and offers breathtaking views of Mount Kanchenjunga and the surrounding valleys.",Apr-Jun,https://thumb.wikimedia.org/wikipedia/commons/thumb/f/fb/Cherry_Resort_inside_Temi_Tea_Garden%2C_Namchi%2C_Sikkim.jpg/960px-Cherry_Resort_inside_Temi_Tea_Garden%2C_Namchi%2C_Sikkim.jpg?utm_source=en.wikipedia.org&utm_campaign=api&utm_content=thumbnail
7612,Buddha Park Ravangla (Tathagata Tsal),Sikkim,attraction,27.311667,88.363889,budget,4.7,23857,"Constructed between 2006 and 2013 to commemorate the 2550th birth anniversary of Gautama Buddha, a magnificent 130-foot (40 m) high copper repoussé statue of the Buddha surrounded by landscaped spiritual gardens against snowy Himalayan peaks.",Apr-Jun,https://upload.wikimedia.org/wikipedia/commons/4/4b/Stairway_to_Heaven_by_Led_Zeppelin_US_promotional_single.png?utm_source=en.wikipedia.org&utm_campaign=api&utm_content=thumbnail_unscaled
7613,Siddhesvara Dhaam (Char Dham Namchi),Sikkim,attraction,27.168056,88.350556,budget,4.5,29980,"Perched atop Solophok hill in South Sikkim, a 29-hectare spiritual pilgrimage and cultural tourism complex crowned by a monumental 108-foot seated statue of Lord Shiva, housing exact architectural replicas of the four Char Dhams and 12 Jyotirlingas.",Apr-Jun,https://upload.wikimedia.org/wikipedia/commons/8/80/Singhik-my_tangible_god.jpg?utm_source=en.wikipedia.org&utm_campaign=api&utm_content=thumbnail_unscaled
7614,Yumthang Valley (Valley of Flowers of Sikkim),Sikkim,attraction,27.82,88.7,budget,4.5,18292,"Perched at 11,693 feet (3,564 m) in North Sikkim surrounded by snow-capped Himalayan peaks and the Lachung River, internationally famous as the 'Valley of Flowers of Sikkim', bursting into a breathtaking kaleidoscope of over 24 species of wild rhododendrons every spring.",Apr-Jun,https://thumb.wikimedia.org/wikipedia/commons/thumb/d/d7/Yumthang_valley%2C_Lachung_Sikkim_India_2012.jpg/960px-Yumthang_valley%2C_Lachung_Sikkim_India_2012.jpg?utm_source=en.wikipedia.org&utm_campaign=api&utm_content=thumbnail
7615,Aritar Lake,Sikkim,attraction,27.1867,88.67662,budget,3.9,266,"The quiet, cobblestone and dirt walking loops winding through dense rhododendron and fir woods above the emerald, boot-shaped natural lake.",Apr-Jun,https://upload.wikimedia.org/wikipedia/commons/f/f7/Bundesarchiv_Bild_135-BAI-05-04%2C_Tibetexpedition%2C_Haus_in_Chungtang.jpg?utm_source=en.wikipedia.org&utm_campaign=api&utm_content=thumbnail_unscaled
7616,Zuluk,Sikkim,attraction,27.25099,88.77502,budget,4.5,8490,"Perched at a height of 10,000 feet above sea level, Zuluk is a picturesque hamlet in Sikkim, nestled in the lap of the Himalayas. This tranquil destination is a haven for adventure seekers and nature lovers alike. The region is adorned with a rich tapestry of alpine forests, verdant meadows, and snow-capped peaks. The trek to Zuluk meanders through the picturesque Thambi Viewpoint, offering breathtaking vistas of the Himalayan range. The journey promises a memorable experience, as trekkers traverse through scenic trails, encountering an incredible array of flora and fauna.",Apr-Jun,https://thumb.wikimedia.org/wikipedia/commons/thumb/b/b2/Zuluk_at_dawn.jpg/960px-Zuluk_at_dawn.jpg?utm_source=en.wikipedia.org&utm_campaign=api&utm_content=thumbnail
7617,Gangtok,Sikkim,attraction,27.2408,88.5868,budget,4.9,22548,"Gangtok is a premier hill station destination in East Sikkim, Sikkim. Renowned as a prominent landmark in regional tourism (Hill Station), it welcomes visitors seeking authentic cultural immersion, picturesque vistas, and rich historic heritage.",Apr-Jun,https://thumb.wikimedia.org/wikipedia/commons/thumb/0/0a/Kangch-Goechala.jpg/960px-Kangch-Goechala.jpg?utm_source=en.wikipedia.org&utm_campaign=api&utm_content=thumbnail
7618,Gurudongmar Lake,Sikkim,attraction,27.7735,88.7165,budget,4.9,23263,"Gurudongmar Lake is a premier lake destination in North Sikkim, Sikkim. Renowned as a prominent landmark in regional tourism (Lake), it welcomes visitors seeking authentic cultural immersion, picturesque vistas, and rich historic heritage.",Apr-Jun,https://thumb.wikimedia.org/wikipedia/commons/thumb/5/5f/Gurudongmar_Lake_Sikkim%2C_India_%28edit%29.jpg/960px-Gurudongmar_Lake_Sikkim%2C_India_%28edit%29.jpg?utm_source=en.wikipedia.org&utm_campaign=api&utm_content=thumbnail
7619,Pemayangtse Monastery,Sikkim,attraction,27.3547,88.6263,budget,4.9,6000,"Pemayangtse Monastery is a premier monastery destination in West Sikkim, Sikkim. Renowned as a prominent landmark in regional tourism (Monastery), it welcomes visitors seeking authentic cultural immersion, picturesque vistas, and rich historic heritage.",Apr-Jun,https://thumb.wikimedia.org/wikipedia/commons/thumb/f/fa/Main_Shrine_of_Pemangytse_Gompa_with_prayer_flags.jpg/960px-Main_Shrine_of_Pemangytse_Gompa_with_prayer_flags.jpg?utm_source=en.wikipedia.org&utm_campaign=api&utm_content=thumbnail
7620,Khangchendzonga National Park,Sikkim,attraction,27.3802,88.5108,budget,4.4,17377,"Khangchendzonga National Park is a premier fort destination in Sikkim, Sikkim. Renowned as a prominent landmark in regional tourism (UNESCO Wildlife), it welcomes visitors seeking authentic cultural immersion, picturesque vistas, and rich historic heritage.",Apr-Jun,https://thumb.wikimedia.org/wikipedia/commons/thumb/0/0a/Kangch-Goechala.jpg/960px-Kangch-Goechala.jpg?utm_source=en.wikipedia.org&utm_campaign=api&utm_content=thumbnail
7621,Kangchenjunga,Sikkim,attraction,27.4057,88.5453,budget,4.4,11642,"Kangchenjunga is a premier hill station destination in Sikkim, Sikkim. Renowned as a prominent landmark in regional tourism (Mountain), it welcomes visitors seeking authentic cultural immersion, picturesque vistas, and rich historic heritage.",Apr-Jun,https://thumb.wikimedia.org/wikipedia/commons/thumb/a/ac/Kangchenjunga_PangPema.JPG/960px-Kangchenjunga_PangPema.JPG?utm_source=en.wikipedia.org&utm_campaign=api&utm_content=thumbnail
7622,Khecheopalri Lake,Sikkim,attraction,27.4312,88.5798,budget,4.9,22169,"Khecheopalri Lake is a premier lake destination in West Sikkim, Sikkim. Renowned as a prominent landmark in regional tourism (Lake), it welcomes visitors seeking authentic cultural immersion, picturesque vistas, and rich historic heritage.",Apr-Jun,https://thumb.wikimedia.org/wikipedia/commons/thumb/7/71/Foot_bridge_to_Khecheolpalri_Lake.jpg/960px-Foot_bridge_to_Khecheolpalri_Lake.jpg?utm_source=en.wikipedia.org&utm_campaign=api&utm_content=thumbnail
7623,MG Marg,Sikkim,attraction,27.4447,88.5363,budget,4.5,7438,"MG Marg is a premier heritage destination in Gangtok, Sikkim. Renowned as a prominent landmark in regional tourism (City), it welcomes visitors seeking authentic cultural immersion, picturesque vistas, and rich historic heritage.",Apr-Jun,https://thumb.wikimedia.org/wikipedia/commons/thumb/f/f2/Allahabad_Montage_II_Dec_2014.jpg/960px-Allahabad_Montage_II_Dec_2014.jpg?utm_source=en.wikipedia.org&utm_campaign=api&utm_content=thumbnail
7624,Baba Harbhajan Singh Temple,Sikkim,attraction,27.2573,88.6003,budget,4.8,16334,"Baba Harbhajan Singh Temple is a premier temple destination in East Sikkim, Sikkim. Renowned as a prominent landmark in regional tourism (Religious), it welcomes visitors seeking authentic cultural immersion, picturesque vistas, and rich historic heritage.",Apr-Jun,https://thumb.wikimedia.org/wikipedia/commons/thumb/9/99/Rumtek_Monastery_alias_Dharma_Chakra_Centre_near_Gangtok%2C_East_Sikkim_09.jpg/960px-Rumtek_Monastery_alias_Dharma_Chakra_Centre_near_Gangtok%2C_East_Sikkim_09.jpg?utm_source=en.wikipedia.org&utm_campaign=api&utm_content=thumbnail
7625,Zero Point,Sikkim,attraction,27.79,88.73,budget,4.8,8850,"Zero Point is a premier hill station destination in North Sikkim, Sikkim. Renowned as a prominent landmark in regional tourism (Mountain), it welcomes visitors seeking authentic cultural immersion, picturesque vistas, and rich historic heritage.",Apr-Jun,https://upload.wikimedia.org/wikipedia/commons/8/80/Singhik-my_tangible_god.jpg?utm_source=en.wikipedia.org&utm_campaign=api&utm_content=thumbnail_unscaled
7626,Rabdentse Ruins,Sikkim,attraction,27.3712,88.6398,budget,4.4,6440,"Rabdentse Ruins is a premier heritage destination in West Sikkim, Sikkim. Renowned as a prominent landmark in regional tourism (Heritage), it welcomes visitors seeking authentic cultural immersion, picturesque vistas, and rich historic heritage.",Apr-Jun,https://thumb.wikimedia.org/wikipedia/commons/thumb/b/b4/Hanuman_Tok_Temple_Complex_in_Gangtok_District%2C_East_Sikkim_05.jpg/960px-Hanuman_Tok_Temple_Complex_in_Gangtok_District%2C_East_Sikkim_05.jpg?utm_source=en.wikipedia.org&utm_campaign=api&utm_content=thumbnail
7627,Samdruptse Hill,Sikkim,attraction,27.3967,88.5243,budget,4.4,22520,"Samdruptse Hill is a premier heritage destination in South Sikkim, Sikkim. Renowned as a prominent landmark in regional tourism (Religious), it welcomes visitors seeking authentic cultural immersion, picturesque vistas, and rich historic heritage.",Apr-Jun,https://thumb.wikimedia.org/wikipedia/commons/thumb/2/2e/Brilliant_Morning_Rays%2C_Saramsa_Garden%2C_Gangtok%2C_Sikkim_Wiki_Loves_Earth_2017_-_India.jpg/960px-Brilliant_Morning_Rays%2C_Saramsa_Garden%2C_Gangtok%2C_Sikkim_Wiki_Loves_Earth_2017_-_India.jpg?utm_source=en.wikipedia.org&utm_campaign=api&utm_content=thumbnail
7628,Banjhakri Falls,Sikkim,attraction,27.2723,88.5507,budget,4.4,13016,"Banjhakri Falls is a premier waterfall attraction in Gangtok district, Sikkim. Forest waterfall and landscaped cultural park close to Gangtok.",Apr-Jun,https://thumb.wikimedia.org/wikipedia/commons/thumb/0/02/Nathang_Pano_1.jpg/960px-Nathang_Pano_1.jpg?utm_source=en.wikipedia.org&utm_campaign=api&utm_content=thumbnail
7629,Tashi View Point,Sikkim,attraction,27.2957,88.5849,budget,4.9,29088,"Tashi View Point is a premier viewpoint attraction in Gangtok district, Sikkim. Popular viewpoint for Kanchenjunga and surrounding Himalayan ranges.",Apr-Jun,https://thumb.wikimedia.org/wikipedia/commons/thumb/9/99/Rumtek_Monastery_alias_Dharma_Chakra_Centre_near_Gangtok%2C_East_Sikkim_09.jpg/960px-Rumtek_Monastery_alias_Dharma_Chakra_Centre_near_Gangtok%2C_East_Sikkim_09.jpg?utm_source=en.wikipedia.org&utm_campaign=api&utm_content=thumbnail
7630,Tsuklakhang Monastery,Sikkim,attraction,27.3191,88.6191,budget,4.3,986,"Tsuklakhang Monastery is a premier monastery attraction in Gangtok district, Sikkim. Royal chapel and important Buddhist heritage within Gangtok.",Apr-Jun,https://thumb.wikimedia.org/wikipedia/commons/thumb/a/a3/Mt._Kanchanjunga_as_seen_from_Rinchenpong%2C_West_Sikkim_on_7th_May%2C_2017..jpg/960px-Mt._Kanchanjunga_as_seen_from_Rinchenpong%2C_West_Sikkim_on_7th_May%2C_2017..jpg?utm_source=en.wikipedia.org&utm_campaign=api&utm_content=thumbnail
7631,Royal Palace heritage area,Sikkim,attraction,27.3425,88.6533,mid,4.9,2300,"Royal Palace heritage area is a premier mountain pass attraction in Gangtok district, Sikkim. Historic royal complex representing Sikkim's former monarchy.",Apr-Jun,https://thumb.wikimedia.org/wikipedia/commons/thumb/b/b4/Hanuman_Tok_Temple_Complex_in_Gangtok_District%2C_East_Sikkim_05.jpg/960px-Hanuman_Tok_Temple_Complex_in_Gangtok_District%2C_East_Sikkim_05.jpg?utm_source=en.wikipedia.org&utm_campaign=api&utm_content=thumbnail
7632,Directorate of Handicrafts and Handloom,Sikkim,attraction,27.3659,88.6875,budget,4.4,1817,"Directorate of Handicrafts and Handloom is a premier culture attraction in Gangtok district, Sikkim. Living craft centre with carpet weaving wood carving thangka and handloom traditions.",Apr-Jun,https://thumb.wikimedia.org/wikipedia/commons/thumb/0/08/Dubdi_Monastery_2.jpg/960px-Dubdi_Monastery_2.jpg?utm_source=en.wikipedia.org&utm_campaign=api&utm_content=thumbnail
7633,Nehru Botanical Garden,Sikkim,attraction,27.3893,88.5417,mid,4.8,3223,"Nehru Botanical Garden is a premier park attraction in Gangtok district, Sikkim. Botanical garden with Himalayan plants and orchids.",Apr-Jun,https://thumb.wikimedia.org/wikipedia/commons/thumb/a/af/Phodong_monastery_-_north_sikkim.jpg/960px-Phodong_monastery_-_north_sikkim.jpg?utm_source=en.wikipedia.org&utm_campaign=api&utm_content=thumbnail
7634,Kyongnosla Alpine Sanctuary,Sikkim,attraction,27.4127,88.5759,budget,4.7,7002,"Kyongnosla Alpine Sanctuary is a premier mountain pass attraction in Gangtok district, Sikkim. High-altitude protected landscape with rhododendrons orchids and Himalayan wildlife.",Apr-Jun,https://thumb.wikimedia.org/wikipedia/commons/thumb/e/ed/Enchey_Monastery_in_Gangtok_district%2C_East_Sikkim.jpg/960px-Enchey_Monastery_in_Gangtok_district%2C_East_Sikkim.jpg?utm_source=en.wikipedia.org&utm_campaign=api&utm_content=thumbnail
7635,Memencho Lake,Sikkim,attraction,27.2561,88.6101,budget,4.5,3359,"Memencho Lake is a premier lake attraction in Gangtok district, Sikkim. Remote high-altitude lake surrounded by forest and mountains.",Apr-Jun,https://thumb.wikimedia.org/wikipedia/commons/thumb/d/d7/Yumthang_valley%2C_Lachung_Sikkim_India_2012.jpg/960px-Yumthang_valley%2C_Lachung_Sikkim_India_2012.jpg?utm_source=en.wikipedia.org&utm_campaign=api&utm_content=thumbnail
7636,Kupup Lake / Elephant Lake,Sikkim,attraction,27.2795,88.6443,budget,4.3,1781,"Kupup Lake / Elephant Lake is a premier lake attraction in Gangtok district, Sikkim. Distinctive high-altitude lake on the old Silk Route.",Apr-Jun,https://thumb.wikimedia.org/wikipedia/commons/thumb/4/4f/Log_House_at_Golitar_Fambong_Lho_WLS.jpg/960px-Log_House_at_Golitar_Fambong_Lho_WLS.jpg?utm_source=en.wikipedia.org&utm_campaign=api&utm_content=thumbnail
7637,Lungthung View Point,Sikkim,attraction,27.3029,88.6785,budget,4.2,1070,"Lungthung View Point is a premier viewpoint attraction in Gangtok district, Sikkim. High Silk Route viewpoint overlooking Himalayan ranges.",Apr-Jun,https://thumb.wikimedia.org/wikipedia/commons/thumb/0/0a/Kangch-Goechala.jpg/960px-Kangch-Goechala.jpg?utm_source=en.wikipedia.org&utm_campaign=api&utm_content=thumbnail
7638,Tukla Valley,Sikkim,attraction,27.3263,88.5327,budget,4.2,3240,"Tukla Valley is a premier mountain pass attraction in Gangtok district, Sikkim. High-altitude valley with mountain views and military-history associations.",Apr-Jun,https://thumb.wikimedia.org/wikipedia/commons/thumb/e/ed/Enchey_Monastery_in_Gangtok_district%2C_East_Sikkim.jpg/960px-Enchey_Monastery_in_Gangtok_district%2C_East_Sikkim.jpg?utm_source=en.wikipedia.org&utm_campaign=api&utm_content=thumbnail
7639,Thambi View Point,Sikkim,attraction,27.3497,88.5669,budget,4.3,1967,"Thambi View Point is a premier viewpoint attraction in Gangtok district, Sikkim. High viewpoint famous for sunrise over Kanchenjunga.",Apr-Jun,https://thumb.wikimedia.org/wikipedia/commons/thumb/0/02/Nathang_Pano_1.jpg/960px-Nathang_Pano_1.jpg?utm_source=en.wikipedia.org&utm_campaign=api&utm_content=thumbnail
7640,Seven Sisters Waterfall,Sikkim,attraction,27.3731,88.6011,budget,4.7,2561,"Seven Sisters Waterfall is a premier waterfall attraction in Gangtok district, Sikkim. Multi-tier waterfall along the North Sikkim highway.",Sep-Nov,https://thumb.wikimedia.org/wikipedia/commons/thumb/4/41/Geirangerfjord_sieben_Schwestern.jpg/960px-Geirangerfjord_sieben_Schwestern.jpg?utm_source=en.wikipedia.org&utm_campaign=api&utm_content=thumbnail
7641,Paragliding / Bulbulay Dara area,Sikkim,attraction,27.3965,88.6353,mid,4.3,3275,"Paragliding / Bulbulay Dara area is a premier mountain pass attraction in Gangtok district, Sikkim. Mountain adventure and broad valley viewpoints around Gangtok.",Apr-Jun,https://thumb.wikimedia.org/wikipedia/commons/thumb/4/47/Mani_stone_slabs_outside_Tashiding_Monastery.jpg/960px-Mani_stone_slabs_outside_Tashiding_Monastery.jpg?utm_source=en.wikipedia.org&utm_campaign=api&utm_content=thumbnail
7642,Fambong Lho Wildlife Sanctuary,Sikkim,attraction,27.4199,88.6695,budget,4.1,1233,"Fambong Lho Wildlife Sanctuary is a premier wildlife attraction in Gangtok district, Sikkim. Forest sanctuary close to Gangtok with birds and Himalayan biodiversity.",Apr-Jun,https://thumb.wikimedia.org/wikipedia/commons/thumb/4/4f/Log_House_at_Golitar_Fambong_Lho_WLS.jpg/960px-Log_House_at_Golitar_Fambong_Lho_WLS.jpg?utm_source=en.wikipedia.org&utm_campaign=api&utm_content=thumbnail
7643,Martam Village,Sikkim,attraction,27.2633,88.5237,budget,4.3,1223,"Martam Village is a premier mountain pass attraction in Gangtok district, Sikkim. Quiet traditional village with mountain views and homestay experiences.",Apr-Jun,https://thumb.wikimedia.org/wikipedia/commons/thumb/4/4f/Log_House_at_Golitar_Fambong_Lho_WLS.jpg/960px-Log_House_at_Golitar_Fambong_Lho_WLS.jpg?utm_source=en.wikipedia.org&utm_campaign=api&utm_content=thumbnail
7644,Temi-style nearby village farm routes,Sikkim,attraction,27.2867,88.5579,budget,4.3,1786,"Temi-style nearby village farm routes is a premier mountain pass attraction in Gangtok district, Sikkim. Small agricultural settlements and Himalayan countryside beyond standard Gangtok sightseeing.",Apr-Jun,https://thumb.wikimedia.org/wikipedia/commons/thumb/7/71/Foot_bridge_to_Khecheolpalri_Lake.jpg/960px-Foot_bridge_to_Khecheolpalri_Lake.jpg?utm_source=en.wikipedia.org&utm_campaign=api&utm_content=thumbnail
7645,Shanti View Point,Sikkim,attraction,27.3101,88.5921,budget,4.9,8012,"Shanti View Point is a premier viewpoint attraction in Gangtok district, Sikkim. Quiet local viewpoint with mountain scenery.",Apr-Jun,https://thumb.wikimedia.org/wikipedia/commons/thumb/6/64/Location_of_Nathula.svg/960px-Location_of_Nathula.svg.png?utm_source=en.wikipedia.org&utm_campaign=api&utm_content=thumbnail
7646,Tashi Namgyal heritage trail,Sikkim,attraction,27.3335,88.6263,budget,4.6,8883,"Tashi Namgyal heritage trail is a premier culture attraction in Gangtok district, Sikkim. Older Gangtok streets and royal-era cultural landscape.",Apr-Jun,https://upload.wikimedia.org/wikipedia/commons/a/a1/Landscape_of_Pangolakha_Wildlife_Sanctuary_East_Sikkim_India_13.02.2016.jpg?utm_source=en.wikipedia.org&utm_campaign=api&utm_content=thumbnail_unscaled
7647,Sanga Choeling Monastery,Sikkim,attraction,27.3065,88.2901,budget,4.9,12393,"The quiet, unpaved walking trail winding beyond the 17th-century monastery through high-altitude pine ridges overlooking the snowy peaks of Mount Pandim.",Apr-Jun,https://thumb.wikimedia.org/wikipedia/commons/thumb/d/d4/Full_view_of_Sanga-Choeling_Monastery.jpg/960px-Full_view_of_Sanga-Choeling_Monastery.jpg?utm_source=en.wikipedia.org&utm_campaign=api&utm_content=thumbnail
7648,Dubdi Monastery,Sikkim,attraction,27.3299,88.3243,budget,4.2,502,"Dubdi Monastery is a premier monastery attraction in Gyalshing district, Sikkim. First monastery established after Sikkim's first Chogyal was consecrated.",Apr-Jun,https://thumb.wikimedia.org/wikipedia/commons/thumb/0/08/Dubdi_Monastery_2.jpg/960px-Dubdi_Monastery_2.jpg?utm_source=en.wikipedia.org&utm_campaign=api&utm_content=thumbnail
7649,Tashiding Monastery,Sikkim,attraction,27.3533,88.1785,budget,4.4,2505,"Tashiding Monastery is a premier monastery attraction in Gyalshing district, Sikkim. Major sacred monastery associated with the Bhumchu festival.",Apr-Jun,https://thumb.wikimedia.org/wikipedia/commons/thumb/4/47/Mani_stone_slabs_outside_Tashiding_Monastery.jpg/960px-Mani_stone_slabs_outside_Tashiding_Monastery.jpg?utm_source=en.wikipedia.org&utm_campaign=api&utm_content=thumbnail
7650,Khangchendzonga Falls,Sikkim,attraction,27.3767,88.2127,budget,4.8,5798,"Khangchendzonga Falls is a premier waterfall attraction in Gyalshing district, Sikkim. Powerful waterfall on the route toward Pelling and Yuksom.",Apr-Jun,https://thumb.wikimedia.org/wikipedia/commons/thumb/e/ed/Enchey_Monastery_in_Gangtok_district%2C_East_Sikkim.jpg/960px-Enchey_Monastery_in_Gangtok_district%2C_East_Sikkim.jpg?utm_source=en.wikipedia.org&utm_campaign=api&utm_content=thumbnail
7651,Phamrong Falls,Sikkim,attraction,27.2201,88.2469,budget,4.9,2121,"Phamrong Falls is a premier waterfall attraction in Gyalshing district, Sikkim. Forest waterfall near Tsong village with trekking potential.",Apr-Jun,https://thumb.wikimedia.org/wikipedia/commons/thumb/0/0d/Kabi_Lungchok_1.jpg/960px-Kabi_Lungchok_1.jpg?utm_source=en.wikipedia.org&utm_campaign=api&utm_content=thumbnail
7652,Norbugang Coronation Throne,Sikkim,attraction,27.2435,88.2811,budget,4.1,1067,"Norbugang Coronation Throne is a premier monastery attraction in Gyalshing district, Sikkim. Historic site where the first Chogyal of Sikkim was consecrated.",Apr-Jun,https://upload.wikimedia.org/wikipedia/commons/8/80/Singhik-my_tangible_god.jpg?utm_source=en.wikipedia.org&utm_campaign=api&utm_content=thumbnail_unscaled
7653,Khanchendzonga National Park,Sikkim,attraction,27.2669,88.3153,budget,4.8,21210,"Khanchendzonga National Park is a premier wildlife attraction in Gyalshing district, Sikkim. UNESCO World Heritage landscape of mountains forests glaciers and biodiversity.",Apr-Jun,https://upload.wikimedia.org/wikipedia/commons/4/4b/Stairway_to_Heaven_by_Led_Zeppelin_US_promotional_single.png?utm_source=en.wikipedia.org&utm_campaign=api&utm_content=thumbnail_unscaled
7654,Nub Dechenphug,Sikkim,attraction,27.2903,88.1695,budget,4.2,882,"Nub Dechenphug is a premier cave attraction in Gyalshing district, Sikkim. Lesser-known sacred and historic structure with scenic surroundings.",Apr-Jun,https://thumb.wikimedia.org/wikipedia/commons/thumb/b/b4/Hanuman_Tok_Temple_Complex_in_Gangtok_District%2C_East_Sikkim_05.jpg/960px-Hanuman_Tok_Temple_Complex_in_Gangtok_District%2C_East_Sikkim_05.jpg?utm_source=en.wikipedia.org&utm_campaign=api&utm_content=thumbnail
7655,Hungri Monastery,Sikkim,attraction,27.3137,88.2037,budget,4.7,1608,"Hungri Monastery is a premier monastery attraction in Gyalshing district, Sikkim. Remote monastery with limited mainstream tourism.",Apr-Jun,https://thumb.wikimedia.org/wikipedia/commons/thumb/a/ac/Kangchenjunga_PangPema.JPG/960px-Kangchenjunga_PangPema.JPG?utm_source=en.wikipedia.org&utm_campaign=api&utm_content=thumbnail
7656,Tsho Nyidal / Pokhari Dara Lake,Sikkim,attraction,27.3371,88.2379,budget,4.2,487,"Tsho Nyidal / Pokhari Dara Lake is a premier lake attraction in Gyalshing district, Sikkim. Quiet mountain lake and photography destination.",Apr-Jun,https://thumb.wikimedia.org/wikipedia/commons/thumb/d/d7/Yumthang_valley%2C_Lachung_Sikkim_India_2012.jpg/960px-Yumthang_valley%2C_Lachung_Sikkim_India_2012.jpg?utm_source=en.wikipedia.org&utm_campaign=api&utm_content=thumbnail
7657,Sewaro Rock,Sikkim,attraction,27.3605,88.2721,budget,4.2,1531,"Sewaro Rock is a premier nature attraction in Gyalshing district, Sikkim. Distinctive natural rock formation in the western hills.",Apr-Jun,https://thumb.wikimedia.org/wikipedia/commons/thumb/0/0e/Namgyal_Institute_of_Tibetology_Front_Panorama.jpg/960px-Namgyal_Institute_of_Tibetology_Front_Panorama.jpg?utm_source=en.wikipedia.org&utm_campaign=api&utm_content=thumbnail
7658,Legship,Sikkim,attraction,27.2039,88.3063,budget,4.2,2385,"Legship is a premier nature attraction in Gyalshing district, Sikkim. Rangit River valley town with rafting and riverside scenery.",Apr-Jun,https://thumb.wikimedia.org/wikipedia/commons/thumb/e/e0/Legship_shiva_temple.jpg/960px-Legship_shiva_temple.jpg?utm_source=en.wikipedia.org&utm_campaign=api&utm_content=thumbnail
7659,Kirateshwar Mahadev Mandir,Sikkim,attraction,27.2273,88.1605,budget,4.4,1831,"Kirateshwar Mahadev Mandir is a premier temple attraction in Gyalshing district, Sikkim. Riverside Shiva temple surrounded by forested hills.",Apr-Jun,https://thumb.wikimedia.org/wikipedia/commons/thumb/e/e0/Legship_shiva_temple.jpg/960px-Legship_shiva_temple.jpg?utm_source=en.wikipedia.org&utm_campaign=api&utm_content=thumbnail
7660,Dentam,Sikkim,attraction,27.2507,88.1947,budget,4.6,5241,"The lesser-explored eastern border entries into the high-altitude sanctuary, blanketed in vibrant scarlet and pink wild blooms during springtime.",Apr-Jun,https://thumb.wikimedia.org/wikipedia/commons/thumb/b/b2/Zuluk_at_dawn.jpg/960px-Zuluk_at_dawn.jpg?utm_source=en.wikipedia.org&utm_campaign=api&utm_content=thumbnail
7661,Barsey Rhododendron Sanctuary,Sikkim,attraction,27.2741,88.2289,budget,4.1,408,"The lesser-explored eastern border entries into the high-altitude sanctuary, blanketed in vibrant scarlet and pink wild blooms during springtime.",Apr-Jun,https://thumb.wikimedia.org/wikipedia/commons/thumb/e/e0/Legship_shiva_temple.jpg/960px-Legship_shiva_temple.jpg?utm_source=en.wikipedia.org&utm_campaign=api&utm_content=thumbnail
7662,Hilley,Sikkim,attraction,27.2975,88.2631,budget,4.6,6297,"Hilley is a premier viewpoint attraction in Gyalshing district, Sikkim. Gateway to Barsey with forest and mountain landscapes.",Apr-Jun,https://thumb.wikimedia.org/wikipedia/commons/thumb/0/0d/Kabi_Lungchok_1.jpg/960px-Kabi_Lungchok_1.jpg?utm_source=en.wikipedia.org&utm_campaign=api&utm_content=thumbnail
7663,Rinchenpong,Sikkim,attraction,27.3209,88.2973,budget,4.9,1614,"A quiet, historic pond linked to ancient indigenous guerrilla warfare against invading forces, framed by British-era forest trails and old stone chortens.",Apr-Jun,https://thumb.wikimedia.org/wikipedia/commons/thumb/a/a3/Mt._Kanchanjunga_as_seen_from_Rinchenpong%2C_West_Sikkim_on_7th_May%2C_2017..jpg/960px-Mt._Kanchanjunga_as_seen_from_Rinchenpong%2C_West_Sikkim_on_7th_May%2C_2017..jpg?utm_source=en.wikipedia.org&utm_campaign=api&utm_content=thumbnail
7664,Kaluk,Sikkim,attraction,27.3443,88.1515,budget,4.9,6138,"Kaluk is a premier viewpoint attraction in Gyalshing district, Sikkim. Peaceful village with panoramic Himalayan views and traditional homestays.",Apr-Jun,https://thumb.wikimedia.org/wikipedia/commons/thumb/5/51/ABX_SHRI_PURUSHOTTAMA_KSHETRA_PURI.jpg/960px-ABX_SHRI_PURUSHOTTAMA_KSHETRA_PURI.jpg?utm_source=en.wikipedia.org&utm_campaign=api&utm_content=thumbnail
7665,Richenpong Monastery,Sikkim,attraction,27.3677,88.1857,budget,4.9,8066,"Richenpong Monastery is a premier monastery attraction in Gyalshing district, Sikkim. Old monastery in a quieter western Sikkim setting.",Apr-Jun,https://thumb.wikimedia.org/wikipedia/commons/thumb/f/f4/Lachung_Town.jpg/960px-Lachung_Town.jpg?utm_source=en.wikipedia.org&utm_campaign=api&utm_content=thumbnail
7666,Azing Farm,Sikkim,attraction,27.2111,88.2199,budget,4.8,7166,"Azing Farm is a premier agri tourism attraction in Gyalshing district, Sikkim. Working farm where visitors can experience local fruits and vegetables.",Apr-Jun,https://thumb.wikimedia.org/wikipedia/commons/thumb/9/99/Rumtek_Monastery_alias_Dharma_Chakra_Centre_near_Gangtok%2C_East_Sikkim_09.jpg/960px-Rumtek_Monastery_alias_Dharma_Chakra_Centre_near_Gangtok%2C_East_Sikkim_09.jpg?utm_source=en.wikipedia.org&utm_campaign=api&utm_content=thumbnail
7667,Reshi Hot Springs,Sikkim,attraction,27.2345,88.2541,budget,4.1,960,"Reshi Hot Springs is a premier nature attraction in Gyalshing district, Sikkim. Natural hot springs along the Rangit River valley.",Apr-Jun,https://thumb.wikimedia.org/wikipedia/commons/thumb/6/64/Location_of_Nathula.svg/960px-Location_of_Nathula.svg.png?utm_source=en.wikipedia.org&utm_campaign=api&utm_content=thumbnail
7668,Kabi Lungchok,Sikkim,attraction,27.4748,88.5856,budget,4.2,2920,"Kabi Lungchok is a premier nature attraction in Mangan district, Sikkim. Historic site where Lepcha and Bhutia chiefs affirmed a brotherhood treaty.",Apr-Jun,https://thumb.wikimedia.org/wikipedia/commons/thumb/0/0d/Kabi_Lungchok_1.jpg/960px-Kabi_Lungchok_1.jpg?utm_source=en.wikipedia.org&utm_campaign=api&utm_content=thumbnail
7669,Phensang Monastery,Sikkim,attraction,27.4982,88.6198,budget,4.7,1203,"Phensang Monastery is a premier monastery attraction in Mangan district, Sikkim. 18th-century Nyingma monastery on a scenic hillside.",Apr-Jun,https://thumb.wikimedia.org/wikipedia/commons/thumb/3/3f/Phensong_Monastery.jpg/960px-Phensong_Monastery.jpg?utm_source=en.wikipedia.org&utm_campaign=api&utm_content=thumbnail
7670,Phodong Monastery,Sikkim,attraction,27.5216,88.474,budget,4.4,29362,"Phodong Monastery is a premier monastery attraction in Mangan district, Sikkim. Important historic monastery and one of Sikkim's major Buddhist institutions.",Apr-Jun,https://thumb.wikimedia.org/wikipedia/commons/thumb/a/af/Phodong_monastery_-_north_sikkim.jpg/960px-Phodong_monastery_-_north_sikkim.jpg?utm_source=en.wikipedia.org&utm_campaign=api&utm_content=thumbnail
7671,Seven Sisters Falls,Sikkim,attraction,27.545,88.5082,budget,4.1,439,"Seven Sisters Falls is a premier waterfall attraction in Mangan district, Sikkim. Multi-tier waterfall beside the North Sikkim highway.",Apr-Jun,https://thumb.wikimedia.org/wikipedia/commons/thumb/f/f4/Lachung_Town.jpg/960px-Lachung_Town.jpg?utm_source=en.wikipedia.org&utm_campaign=api&utm_content=thumbnail
7672,Singhik,Sikkim,attraction,27.5684,88.5424,budget,4.8,1900,"The historic foot-trails that descend from the high ridge into deep forested river ravines below, far from the highway traffic.",Apr-Jun,https://upload.wikimedia.org/wikipedia/commons/8/80/Singhik-my_tangible_god.jpg?utm_source=en.wikipedia.org&utm_campaign=api&utm_content=thumbnail_unscaled
7673,Rong Lungten Lee,Sikkim,attraction,27.5918,88.5766,budget,4.1,480,"Rong Lungten Lee is a premier culture attraction in Mangan district, Sikkim. Replica of a traditional Lepcha house showing indigenous lifestyle.",Apr-Jun,https://thumb.wikimedia.org/wikipedia/commons/thumb/a/ac/Kangchenjunga_PangPema.JPG/960px-Kangchenjunga_PangPema.JPG?utm_source=en.wikipedia.org&utm_campaign=api&utm_content=thumbnail
7674,Namprikdang,Sikkim,attraction,27.4352,88.6108,budget,4.7,1720,"Namprikdang is a premier nature attraction in Mangan district, Sikkim. Confluence of Teesta and Kanaka rivers near Lepcha cultural sites.",Apr-Jun,https://thumb.wikimedia.org/wikipedia/commons/thumb/f/f4/Lachung_Town.jpg/960px-Lachung_Town.jpg?utm_source=en.wikipedia.org&utm_campaign=api&utm_content=thumbnail
7675,Chungthang,Sikkim,attraction,27.4586,88.465,budget,4.5,7975,"Chungthang is a premier nature attraction in Mangan district, Sikkim. Historic Lepcha settlement at the confluence of Lachen and Lachung Chu.",Apr-Jun,https://upload.wikimedia.org/wikipedia/commons/f/f7/Bundesarchiv_Bild_135-BAI-05-04%2C_Tibetexpedition%2C_Haus_in_Chungtang.jpg?utm_source=en.wikipedia.org&utm_campaign=api&utm_content=thumbnail_unscaled
7676,Thangu Valley,Sikkim,attraction,27.482,88.4992,budget,4.3,1502,"Thangu Valley is a premier valley attraction in Mangan district, Sikkim. High-altitude valley and trekking base above Lachen.",Apr-Jun,https://thumb.wikimedia.org/wikipedia/commons/thumb/e/e8/Thangu_valley_03.jpg/960px-Thangu_valley_03.jpg?utm_source=en.wikipedia.org&utm_campaign=api&utm_content=thumbnail
7677,Green Lake Trek,Sikkim,attraction,27.5054,88.5334,budget,4.2,1845,"Green Lake Trek is a premier lake attraction in Mangan district, Sikkim. Remote high-altitude trekking route toward Green Lake beneath Himalayan peaks.",Apr-Jun,https://thumb.wikimedia.org/wikipedia/commons/thumb/f/f4/Lachung_Town.jpg/960px-Lachung_Town.jpg?utm_source=en.wikipedia.org&utm_campaign=api&utm_content=thumbnail
7678,Lingdong,Sikkim,attraction,27.5288,88.5676,budget,4.2,1184,"Lingdong is a premier nature attraction in Mangan district, Sikkim. Quiet mountain settlement and rural Himalayan landscape.",Apr-Jun,https://thumb.wikimedia.org/wikipedia/commons/thumb/0/0d/Kabi_Lungchok_1.jpg/960px-Kabi_Lungchok_1.jpg?utm_source=en.wikipedia.org&utm_campaign=api&utm_content=thumbnail
7679,Passingdong,Sikkim,attraction,27.5522,88.6018,budget,4.7,6153,"Passingdong is a premier mountain pass attraction in Mangan district, Sikkim. Lepcha village landscape with forests and mountain views.",Apr-Jun,https://thumb.wikimedia.org/wikipedia/commons/thumb/4/4f/Log_House_at_Golitar_Fambong_Lho_WLS.jpg/960px-Log_House_at_Golitar_Fambong_Lho_WLS.jpg?utm_source=en.wikipedia.org&utm_campaign=api&utm_content=thumbnail
7680,Lingthem,Sikkim,attraction,27.5756,88.456,budget,4.8,8532,"An isolated high-ridge hamlet in Upper Dzongu with unbroken panoramic views of Mount Kangchenjunga, surrounded by sacred juniper groves.",Apr-Jun,https://thumb.wikimedia.org/wikipedia/commons/thumb/3/3f/Phensong_Monastery.jpg/960px-Phensong_Monastery.jpg?utm_source=en.wikipedia.org&utm_campaign=api&utm_content=thumbnail
7681,Tholung Valley,Sikkim,attraction,27.419,88.4902,budget,4.9,7845,"Tholung Valley is a premier valley attraction in Mangan district, Sikkim. Remote valley and trek through Lepcha cultural landscapes.",Apr-Jun,https://thumb.wikimedia.org/wikipedia/commons/thumb/d/d4/Full_view_of_Sanga-Choeling_Monastery.jpg/960px-Full_view_of_Sanga-Choeling_Monastery.jpg?utm_source=en.wikipedia.org&utm_campaign=api&utm_content=thumbnail
7682,Tholung Monastery,Sikkim,attraction,27.4424,88.5244,budget,4.6,6203,"Tholung Monastery is a premier monastery attraction in Mangan district, Sikkim. Remote sacred monastery in upper Dzongu.",Apr-Jun,https://thumb.wikimedia.org/wikipedia/commons/thumb/e/e0/Legship_shiva_temple.jpg/960px-Legship_shiva_temple.jpg?utm_source=en.wikipedia.org&utm_campaign=api&utm_content=thumbnail
7683,Khangchendzonga waterfalls and road cascades,Sikkim,attraction,27.4658,88.5586,budget,4.6,3957,"Khangchendzonga waterfalls and road cascades is a premier waterfall attraction in Mangan district, Sikkim. Numerous small waterfalls along steep mountain roads beyond major attractions.",Sep-Nov,https://thumb.wikimedia.org/wikipedia/commons/thumb/e/e0/Legship_shiva_temple.jpg/960px-Legship_shiva_temple.jpg?utm_source=en.wikipedia.org&utm_campaign=api&utm_content=thumbnail
7684,Yumthang Valley of Flowers Sanctuary,Sikkim,attraction,22.6025,78.9685,budget,3.9,1302,"Yumthang Valley of Flowers Sanctuary is an authentic attraction destination located in ,  district of Sikkim. Celebrated for its regional significance and unique ambiance, it offers travelers an immersive experience in the culture, scenic beauty, and heritage of Sikkim.",Apr-Jun,https://thumb.wikimedia.org/wikipedia/commons/thumb/0/0e/Namgyal_Institute_of_Tibetology_Front_Panorama.jpg/960px-Namgyal_Institute_of_Tibetology_Front_Panorama.jpg?utm_source=en.wikipedia.org&utm_campaign=api&utm_content=thumbnail
7685,Siddheshwar Dham Char Dham,Sikkim,attraction,27.1739,88.2636,budget,4.6,14098,"Siddheshwar Dham Char Dham is a premier temple attraction in Namchi district, Sikkim. Large pilgrimage complex on Solophok Hill with four symbolic Indian dhams.",Apr-Jun,https://thumb.wikimedia.org/wikipedia/commons/thumb/b/b2/Zuluk_at_dawn.jpg/960px-Zuluk_at_dawn.jpg?utm_source=en.wikipedia.org&utm_campaign=api&utm_content=thumbnail
7686,Ngadak Monastery,Sikkim,attraction,27.1973,88.2978,budget,4.8,8420,"Ngadak Monastery is a premier monastery attraction in Namchi district, Sikkim. Historic monastery above Namchi undergoing preservation.",Apr-Jun,https://thumb.wikimedia.org/wikipedia/commons/thumb/d/d7/Yumthang_valley%2C_Lachung_Sikkim_India_2012.jpg/960px-Yumthang_valley%2C_Lachung_Sikkim_India_2012.jpg?utm_source=en.wikipedia.org&utm_campaign=api&utm_content=thumbnail
7687,Rock Garden Namchi,Sikkim,attraction,27.2207,88.332,budget,4.7,1778,"Rock Garden Namchi is a premier park attraction in Namchi district, Sikkim. Terraced garden with rare plants waterfalls and Himalayan views.",Apr-Jun,https://thumb.wikimedia.org/wikipedia/commons/thumb/e/e0/Rock_Garden_Chandigarh.jpg/960px-Rock_Garden_Chandigarh.jpg
7688,Sherdup Choeling Monastery,Sikkim,attraction,27.2441,88.3662,budget,4.7,7714,"Sherdup Choeling Monastery is a premier monastery attraction in Namchi district, Sikkim. Important monastery and cultural site around Namchi.",Apr-Jun,https://thumb.wikimedia.org/wikipedia/commons/thumb/b/b4/Hanuman_Tok_Temple_Complex_in_Gangtok_District%2C_East_Sikkim_05.jpg/960px-Hanuman_Tok_Temple_Complex_in_Gangtok_District%2C_East_Sikkim_05.jpg?utm_source=en.wikipedia.org&utm_campaign=api&utm_content=thumbnail
7689,Dichen Choeling Monastery,Sikkim,attraction,27.0875,88.4004,budget,4.1,721,"Dichen Choeling Monastery is a premier monastery attraction in Namchi district, Sikkim. Quiet monastery in the Namchi hills.",Apr-Jun,https://thumb.wikimedia.org/wikipedia/commons/thumb/6/64/Location_of_Nathula.svg/960px-Location_of_Nathula.svg.png?utm_source=en.wikipedia.org&utm_campaign=api&utm_content=thumbnail
7690,Karma Rabdenling Goenpa,Sikkim,attraction,27.1109,88.4346,budget,4.9,2475,"Karma Rabdenling Goenpa is a premier monastery attraction in Namchi district, Sikkim. Old Karma Kagyu goenpa near Ralong.",Apr-Jun,https://thumb.wikimedia.org/wikipedia/commons/thumb/0/0a/Kangch-Goechala.jpg/960px-Kangch-Goechala.jpg?utm_source=en.wikipedia.org&utm_campaign=api&utm_content=thumbnail
7691,Ralong Monastery,Sikkim,attraction,27.1343,88.2888,budget,4.5,1370,"Ralong Monastery is a premier monastery attraction in Namchi district, Sikkim. Historic monastery associated with the Karma Kagyu tradition.",Apr-Jun,https://thumb.wikimedia.org/wikipedia/commons/thumb/e/e8/Thangu_valley_03.jpg/960px-Thangu_valley_03.jpg?utm_source=en.wikipedia.org&utm_campaign=api&utm_content=thumbnail
7692,Ralong Hot Springs,Sikkim,attraction,27.1577,88.323,budget,4.1,387,"Ralong Hot Springs is a premier nature attraction in Namchi district, Sikkim. Natural hot springs in the Ralong area.",Apr-Jun,https://upload.wikimedia.org/wikipedia/commons/a/a1/Landscape_of_Pangolakha_Wildlife_Sanctuary_East_Sikkim_India_13.02.2016.jpg?utm_source=en.wikipedia.org&utm_campaign=api&utm_content=thumbnail_unscaled
7693,Maenam Hill,Sikkim,attraction,27.1811,88.3572,budget,4.1,797,"Maenam Hill is a premier viewpoint attraction in Namchi district, Sikkim. High forested mountain with trekking and panoramic Himalayan views.",Apr-Jun,https://thumb.wikimedia.org/wikipedia/commons/thumb/b/b4/Tsongmo_Lake_or_Changu_Lake_-_East_Sikkim.jpg/960px-Tsongmo_Lake_or_Changu_Lake_-_East_Sikkim.jpg?utm_source=en.wikipedia.org&utm_campaign=api&utm_content=thumbnail
7694,Tendong Hill,Sikkim,attraction,27.2045,88.3914,budget,4.7,5613,A steep walking route cutting through thick oak and magnolia forests leading to a sacred Lepcha hilltop lookout tower.,Apr-Jun,https://thumb.wikimedia.org/wikipedia/commons/thumb/b/b4/Tsongmo_Lake_or_Changu_Lake_-_East_Sikkim.jpg/960px-Tsongmo_Lake_or_Changu_Lake_-_East_Sikkim.jpg?utm_source=en.wikipedia.org&utm_campaign=api&utm_content=thumbnail
7695,Tendong Lho Rum Faat cultural trail,Sikkim,attraction,27.2279,88.4256,budget,4.2,2469,"Tendong Lho Rum Faat cultural trail is a premier nature attraction in Namchi district, Sikkim. Landscape connected with Lepcha traditions and the sacred mountain.",Apr-Jun,https://thumb.wikimedia.org/wikipedia/commons/thumb/b/b2/Zuluk_at_dawn.jpg/960px-Zuluk_at_dawn.jpg?utm_source=en.wikipedia.org&utm_campaign=api&utm_content=thumbnail
7696,Sharchog Bey Phug,Sikkim,attraction,27.2513,88.2798,budget,4.8,5942,"Sharchog Bey Phug is a premier cave attraction in Namchi district, Sikkim. Sacred cave associated with Guru Rinpoche and one of Sikkim's four major sacred caves.",Apr-Jun,https://thumb.wikimedia.org/wikipedia/commons/thumb/d/d4/Full_view_of_Sanga-Choeling_Monastery.jpg/960px-Full_view_of_Sanga-Choeling_Monastery.jpg?utm_source=en.wikipedia.org&utm_campaign=api&utm_content=thumbnail
7697,Lho Khandro Sang Phug,Sikkim,attraction,27.0947,88.314,budget,4.7,2853,"Lho Khandro Sang Phug is a premier cave attraction in Namchi district, Sikkim. Sacred cave linked to Guru Rinpoche's spiritual landscape.",Apr-Jun,https://thumb.wikimedia.org/wikipedia/commons/thumb/b/b3/Sunrise_over_Kangchenjunga.jpg/960px-Sunrise_over_Kangchenjunga.jpg?utm_source=en.wikipedia.org&utm_campaign=api&utm_content=thumbnail
7698,Jorethang,Sikkim,attraction,27.1181,88.3482,budget,4.5,8045,"Jorethang is a premier nature attraction in Namchi district, Sikkim. Important southern Sikkim town on the Rangit River with local culture and markets.",Apr-Jun,https://upload.wikimedia.org/wikipedia/commons/2/22/Jorethang.jpg?utm_source=en.wikipedia.org&utm_campaign=api&utm_content=thumbnail_unscaled
7699,Borong Hot Springs,Sikkim,attraction,27.1415,88.3824,budget,4.5,6437,"Borong Hot Springs is a premier nature attraction in Namchi district, Sikkim. Natural thermal springs in a forested valley.",Apr-Jun,https://thumb.wikimedia.org/wikipedia/commons/thumb/0/0e/Namgyal_Institute_of_Tibetology_Front_Panorama.jpg/960px-Namgyal_Institute_of_Tibetology_Front_Panorama.jpg?utm_source=en.wikipedia.org&utm_campaign=api&utm_content=thumbnail
7700,Sadam,Sikkim,attraction,27.1649,88.4166,budget,4.8,5283,"Sadam is a premier viewpoint attraction in Namchi district, Sikkim. Quiet hill village and countryside landscapes.",Apr-Jun,https://thumb.wikimedia.org/wikipedia/commons/thumb/d/d7/Yumthang_valley%2C_Lachung_Sikkim_India_2012.jpg/960px-Yumthang_valley%2C_Lachung_Sikkim_India_2012.jpg?utm_source=en.wikipedia.org&utm_campaign=api&utm_content=thumbnail
7701,Tashiding Monastery (Most Sacred Monastery in Sikkim),Sikkim,attraction,22.5609,78.9501,budget,4.1,1283,"Tashiding Monastery (Most Sacred Monastery in Sikkim) is an authentic attraction destination located in ,  district of Sikkim. Celebrated for its regional significance and unique ambiance, it offers travelers an immersive experience in the culture, scenic beauty, and heritage of Sikkim.",Apr-Jun,https://thumb.wikimedia.org/wikipedia/commons/thumb/4/47/Mani_stone_slabs_outside_Tashiding_Monastery.jpg/960px-Mani_stone_slabs_outside_Tashiding_Monastery.jpg?utm_source=en.wikipedia.org&utm_campaign=api&utm_content=thumbnail
7702,Kitam Bird Sanctuary,Sikkim,attraction,27.2117,88.305,budget,4.1,489,"One of the rare low-altitude protected sal and pine forest reserves in Sikkim, offering quiet nature trails home to peacocks, emerald doves, and wild barking deer.",Apr-Jun,https://thumb.wikimedia.org/wikipedia/commons/thumb/0/08/Dubdi_Monastery_2.jpg/960px-Dubdi_Monastery_2.jpg?utm_source=en.wikipedia.org&utm_campaign=api&utm_content=thumbnail
7703,Kitam Village,Sikkim,attraction,27.2351,88.3392,budget,4.5,6972,"Kitam Village is a premier mountain pass attraction in Namchi district, Sikkim. Quiet village near bird sanctuary with homestay and forest experiences.",Apr-Jun,https://thumb.wikimedia.org/wikipedia/commons/thumb/f/fa/Main_Shrine_of_Pemangytse_Gompa_with_prayer_flags.jpg/960px-Main_Shrine_of_Pemangytse_Gompa_with_prayer_flags.jpg?utm_source=en.wikipedia.org&utm_campaign=api&utm_content=thumbnail
7704,Saramsa Garden,Sikkim,attraction,27.1533,88.6117,budget,4.1,739,"Saramsa Garden is a premier park attraction in Pakyong district, Sikkim. Historic horticultural garden established in 1922 and former royal fruit-growing area.",Apr-Jun,https://thumb.wikimedia.org/wikipedia/commons/thumb/2/2e/Brilliant_Morning_Rays%2C_Saramsa_Garden%2C_Gangtok%2C_Sikkim_Wiki_Loves_Earth_2017_-_India.jpg/960px-Brilliant_Morning_Rays%2C_Saramsa_Garden%2C_Gangtok%2C_Sikkim_Wiki_Loves_Earth_2017_-_India.jpg?utm_source=en.wikipedia.org&utm_campaign=api&utm_content=thumbnail
7705,Lampokhari Lake,Sikkim,attraction,27.1767,88.6459,budget,4.2,684,"The quiet, cobblestone and dirt walking loops winding through dense rhododendron and fir woods above the emerald, boot-shaped natural lake.",Apr-Jun,https://upload.wikimedia.org/wikipedia/commons/8/80/Singhik-my_tangible_god.jpg?utm_source=en.wikipedia.org&utm_campaign=api&utm_content=thumbnail_unscaled
7706,Aritar Monastery,Sikkim,attraction,27.2001,88.5001,budget,4.9,5481,"Aritar Monastery is a premier monastery attraction in Pakyong district, Sikkim. Historic monastery overlooking the Aritar landscape.",Apr-Jun,https://thumb.wikimedia.org/wikipedia/commons/thumb/2/2e/Brilliant_Morning_Rays%2C_Saramsa_Garden%2C_Gangtok%2C_Sikkim_Wiki_Loves_Earth_2017_-_India.jpg/960px-Brilliant_Morning_Rays%2C_Saramsa_Garden%2C_Gangtok%2C_Sikkim_Wiki_Loves_Earth_2017_-_India.jpg?utm_source=en.wikipedia.org&utm_campaign=api&utm_content=thumbnail
7707,Mankhim Hilltop Temple,Sikkim,attraction,27.2235,88.5343,budget,4.1,277,"Mankhim Hilltop Temple is a premier temple attraction in Pakyong district, Sikkim. Hilltop temple with broad Himalayan and lake views.",Apr-Jun,https://thumb.wikimedia.org/wikipedia/commons/thumb/5/5f/Gurudongmar_Lake_Sikkim%2C_India_%28edit%29.jpg/960px-Gurudongmar_Lake_Sikkim%2C_India_%28edit%29.jpg?utm_source=en.wikipedia.org&utm_campaign=api&utm_content=thumbnail
7708,Lingtam,Sikkim,attraction,27.2469,88.5685,budget,4.1,602,"Lingtam is a premier culture attraction in Pakyong district, Sikkim. Quiet village described by the district as a hidden treasure for authentic local experience.",Apr-Jun,https://thumb.wikimedia.org/wikipedia/commons/thumb/9/99/Rumtek_Monastery_alias_Dharma_Chakra_Centre_near_Gangtok%2C_East_Sikkim_09.jpg/960px-Rumtek_Monastery_alias_Dharma_Chakra_Centre_near_Gangtok%2C_East_Sikkim_09.jpg?utm_source=en.wikipedia.org&utm_campaign=api&utm_content=thumbnail
7709,Phadamchen,Sikkim,attraction,27.2703,88.6027,budget,4.1,317,"Phadamchen is a premier nature attraction in Pakyong district, Sikkim. Alpine forests meadows traditional houses and trekking routes on the Silk Route.",Apr-Jun,https://thumb.wikimedia.org/wikipedia/commons/thumb/7/71/Foot_bridge_to_Khecheolpalri_Lake.jpg/960px-Foot_bridge_to_Khecheolpalri_Lake.jpg?utm_source=en.wikipedia.org&utm_campaign=api&utm_content=thumbnail
7710,Reshi Khola,Sikkim,attraction,27.2937,88.6369,budget,4.7,4275,"Reshi Khola is a premier mountain pass attraction in Pakyong district, Sikkim. Forest river valley suited to camping picnics and nature experiences.",Apr-Jun,https://thumb.wikimedia.org/wikipedia/commons/thumb/4/4f/Log_House_at_Golitar_Fambong_Lho_WLS.jpg/960px-Log_House_at_Golitar_Fambong_Lho_WLS.jpg?utm_source=en.wikipedia.org&utm_campaign=api&utm_content=thumbnail
7711,Rongli,Sikkim,attraction,27.3171,88.6711,budget,4.7,2005,"Rongli is a premier nature attraction in Pakyong district, Sikkim. Historic Silk Route gateway and river valley town.",Apr-Jun,https://thumb.wikimedia.org/wikipedia/commons/thumb/5/5f/Gurudongmar_Lake_Sikkim%2C_India_%28edit%29.jpg/960px-Gurudongmar_Lake_Sikkim%2C_India_%28edit%29.jpg?utm_source=en.wikipedia.org&utm_campaign=api&utm_content=thumbnail
7712,Zig-Zag Road,Sikkim,attraction,27.1605,88.5253,budget,4.9,3712,"Zig-Zag Road is a premier nature attraction in Pakyong district, Sikkim. 0.",Apr-Jun,https://thumb.wikimedia.org/wikipedia/commons/thumb/e/e8/Thangu_valley_03.jpg/960px-Thangu_valley_03.jpg?utm_source=en.wikipedia.org&utm_campaign=api&utm_content=thumbnail
7713,Nathang Valley,Sikkim,attraction,27.1839,88.5595,budget,4.7,7372,"Nathang Valley is a premier valley attraction in Pakyong district, Sikkim. High-altitude meadow valley with snow and eastern Himalayan views.",Apr-Jun,https://thumb.wikimedia.org/wikipedia/commons/thumb/0/02/Nathang_Pano_1.jpg/960px-Nathang_Pano_1.jpg?utm_source=en.wikipedia.org&utm_campaign=api&utm_content=thumbnail
7714,Kupup Elephant Lake,Sikkim,attraction,27.2073,88.5937,budget,4.9,3005,"Kupup Elephant Lake is a premier lake attraction in Pakyong district, Sikkim. Distinctive high-altitude lake shaped like an elephant.",Apr-Jun,https://thumb.wikimedia.org/wikipedia/commons/thumb/4/47/Mani_stone_slabs_outside_Tashiding_Monastery.jpg/960px-Mani_stone_slabs_outside_Tashiding_Monastery.jpg?utm_source=en.wikipedia.org&utm_campaign=api&utm_content=thumbnail
7715,Old Baba Mandir,Sikkim,attraction,27.2307,88.6279,budget,4.2,2467,"Old Baba Mandir is a premier temple attraction in Pakyong district, Sikkim. Original shrine associated with the Baba Harbhajan Singh legend.",Apr-Jun,https://thumb.wikimedia.org/wikipedia/commons/thumb/e/e8/Thangu_valley_03.jpg/960px-Thangu_valley_03.jpg?utm_source=en.wikipedia.org&utm_campaign=api&utm_content=thumbnail
7716,Pangolakha Wildlife Sanctuary,Sikkim,attraction,27.2541,88.6621,budget,4.1,530,"Pangolakha Wildlife Sanctuary is a premier mountain pass attraction in Pakyong district, Sikkim. Protected eastern Himalayan forest and alpine ecosystem.",Apr-Jun,https://upload.wikimedia.org/wikipedia/commons/a/a1/Landscape_of_Pangolakha_Wildlife_Sanctuary_East_Sikkim_India_13.02.2016.jpg?utm_source=en.wikipedia.org&utm_campaign=api&utm_content=thumbnail_unscaled
7717,Chujachen,Sikkim,attraction,27.2775,88.5163,budget,4.5,8842,"Chujachen is a premier nature attraction in Pakyong district, Sikkim. Remote Silk Route village and forest landscape.",Apr-Jun,https://thumb.wikimedia.org/wikipedia/commons/thumb/4/4f/Log_House_at_Golitar_Fambong_Lho_WLS.jpg/960px-Log_House_at_Golitar_Fambong_Lho_WLS.jpg?utm_source=en.wikipedia.org&utm_campaign=api&utm_content=thumbnail
7718,Dalapchand,Sikkim,attraction,27.3009,88.5505,budget,4.6,1852,"Dalapchand is a premier mountain pass attraction in Pakyong district, Sikkim. Quiet mountain village included in district tourism development sites.",Apr-Jun,https://thumb.wikimedia.org/wikipedia/commons/thumb/b/b2/Zuluk_at_dawn.jpg/960px-Zuluk_at_dawn.jpg?utm_source=en.wikipedia.org&utm_campaign=api&utm_content=thumbnail
7719,Dokchin,Sikkim,attraction,27.3243,88.5847,budget,4.9,8044,"Dokchin is a premier culture attraction in Pakyong district, Sikkim. Lesser-known village landscape along eastern Sikkim routes.",Apr-Jun,https://thumb.wikimedia.org/wikipedia/commons/thumb/a/a3/Mt._Kanchanjunga_as_seen_from_Rinchenpong%2C_West_Sikkim_on_7th_May%2C_2017..jpg/960px-Mt._Kanchanjunga_as_seen_from_Rinchenpong%2C_West_Sikkim_on_7th_May%2C_2017..jpg?utm_source=en.wikipedia.org&utm_campaign=api&utm_content=thumbnail
7720,Kartok,Sikkim,attraction,27.1677,88.6189,budget,4.1,262,"Kartok is a premier temple attraction in Pakyong district, Sikkim. Remote village and Himalayan countryside.",Apr-Jun,https://thumb.wikimedia.org/wikipedia/commons/thumb/e/e8/Thangu_valley_03.jpg/960px-Thangu_valley_03.jpg?utm_source=en.wikipedia.org&utm_campaign=api&utm_content=thumbnail
7721,Assam Lingzey,Sikkim,attraction,27.1911,88.6531,budget,4.5,7306,"Assam Lingzey is a premier nature attraction in Pakyong district, Sikkim. Quiet highland village with agricultural landscapes.",Apr-Jun,https://thumb.wikimedia.org/wikipedia/commons/thumb/0/0d/Kabi_Lungchok_1.jpg/960px-Kabi_Lungchok_1.jpg?utm_source=en.wikipedia.org&utm_campaign=api&utm_content=thumbnail
7722,Pastanga,Sikkim,attraction,27.2145,88.5073,budget,4.2,1356,"Pastanga is a premier nature attraction in Pakyong district, Sikkim. Forest village suited to birding village walks and nature stays.",Apr-Jun,https://thumb.wikimedia.org/wikipedia/commons/thumb/4/47/Mani_stone_slabs_outside_Tashiding_Monastery.jpg/960px-Mani_stone_slabs_outside_Tashiding_Monastery.jpg?utm_source=en.wikipedia.org&utm_campaign=api&utm_content=thumbnail
7723,Yakten,Sikkim,attraction,27.2379,88.5415,budget,4.3,2056,"Yakten is a premier agri tourism attraction in Pakyong district, Sikkim. Village landscape and community tourism potential.",Apr-Jun,https://thumb.wikimedia.org/wikipedia/commons/thumb/9/99/Rumtek_Monastery_alias_Dharma_Chakra_Centre_near_Gangtok%2C_East_Sikkim_09.jpg/960px-Rumtek_Monastery_alias_Dharma_Chakra_Centre_near_Gangtok%2C_East_Sikkim_09.jpg?utm_source=en.wikipedia.org&utm_campaign=api&utm_content=thumbnail
7724,Kali Khola Waterfall,Sikkim,attraction,27.2613,88.5757,budget,4.3,1127,"Kali Khola Waterfall is a premier mountain pass attraction in Pakyong district, Sikkim. Large waterfall on the Old Silk Route between Rorathang and Rongli.",Sep-Nov,https://thumb.wikimedia.org/wikipedia/commons/thumb/b/b4/Hanuman_Tok_Temple_Complex_in_Gangtok_District%2C_East_Sikkim_05.jpg/960px-Hanuman_Tok_Temple_Complex_in_Gangtok_District%2C_East_Sikkim_05.jpg?utm_source=en.wikipedia.org&utm_campaign=api&utm_content=thumbnail
7725,Taku Neh / Buddha Neh,Sikkim,attraction,27.2847,88.6099,budget,4.2,2292,"Taku Neh / Buddha Neh is a premier monastery attraction in Pakyong district, Sikkim. Sacred pilgrimage site deep in Rolep forest associated with Guru Rinpoche traditions.",Apr-Jun,https://thumb.wikimedia.org/wikipedia/commons/thumb/6/64/Location_of_Nathula.svg/960px-Location_of_Nathula.svg.png?utm_source=en.wikipedia.org&utm_campaign=api&utm_content=thumbnail
7726,Rolep,Sikkim,attraction,27.3081,88.6441,budget,4.6,3570,"A pristine, secluded valley along the Rangpo River basin featuring crystal-clear mountain pools, traditional trout-rearing ponds, and bamboo homestays.",Apr-Jun,https://thumb.wikimedia.org/wikipedia/commons/thumb/a/ac/Kangchenjunga_PangPema.JPG/960px-Kangchenjunga_PangPema.JPG?utm_source=en.wikipedia.org&utm_campaign=api&utm_content=thumbnail
7727,Rorathang,Sikkim,attraction,27.1515,88.4983,budget,4.7,2025,"Rorathang is a premier nature attraction in Pakyong district, Sikkim. Historic eastern Sikkim route and gateway toward Silk Route villages.",Apr-Jun,https://thumb.wikimedia.org/wikipedia/commons/thumb/e/e4/Yuksom_Village.jpg/960px-Yuksom_Village.jpg?utm_source=en.wikipedia.org&utm_campaign=api&utm_content=thumbnail
7728,Soreng town,Sikkim,attraction,27.0976,88.1486,budget,4.4,2869,"Soreng town is a premier nature attraction in Soreng district, Sikkim. Small hill town surrounded by green mountains flowers birds and rural landscapes.",Apr-Jun,https://thumb.wikimedia.org/wikipedia/commons/thumb/5/51/ABX_SHRI_PURUSHOTTAMA_KSHETRA_PURI.jpg/960px-ABX_SHRI_PURUSHOTTAMA_KSHETRA_PURI.jpg?utm_source=en.wikipedia.org&utm_campaign=api&utm_content=thumbnail
7729,Jhandi Dara,Sikkim,attraction,27.121,88.1828,budget,4.8,8234,"Jhandi Dara is a premier viewpoint attraction in Soreng district, Sikkim. Scenic hilltop destination recommended for nature lovers and panoramic views.",Apr-Jun,https://thumb.wikimedia.org/wikipedia/commons/thumb/e/e4/Yuksom_Village.jpg/960px-Yuksom_Village.jpg?utm_source=en.wikipedia.org&utm_campaign=api&utm_content=thumbnail
7730,Chuli Dara,Sikkim,attraction,27.1444,88.217,budget,4.3,3091,"Chuli Dara is a premier viewpoint attraction in Soreng district, Sikkim. Hilltop viewpoint about a 45-minute walk from Soreng with sunrise and Darjeeling views.",Apr-Jun,https://thumb.wikimedia.org/wikipedia/commons/thumb/5/5f/Gurudongmar_Lake_Sikkim%2C_India_%28edit%29.jpg/960px-Gurudongmar_Lake_Sikkim%2C_India_%28edit%29.jpg?utm_source=en.wikipedia.org&utm_campaign=api&utm_content=thumbnail
7731,Sri Badam Monastery,Sikkim,attraction,27.1678,88.2512,budget,4.9,5140,"Sri Badam Monastery is a premier monastery attraction in Soreng district, Sikkim. One of the old monasteries of the western Sikkim region.",Apr-Jun,https://thumb.wikimedia.org/wikipedia/commons/thumb/e/e8/Thangu_valley_03.jpg/960px-Thangu_valley_03.jpg?utm_source=en.wikipedia.org&utm_campaign=api&utm_content=thumbnail
7732,Stairway to Heaven,Sikkim,attraction,27.1912,88.2854,budget,4.6,3028,"Stairway to Heaven is a premier nature attraction in Soreng district, Sikkim. Unusual historic ceramic-pot tower tradition associated with Lepcha heritage.",Apr-Jun,https://upload.wikimedia.org/wikipedia/commons/4/4b/Stairway_to_Heaven_by_Led_Zeppelin_US_promotional_single.png?utm_source=en.wikipedia.org&utm_campaign=api&utm_content=thumbnail_unscaled
7733,Vrindavan Dham,Sikkim,attraction,27.2146,88.1396,budget,4.5,8981,"Vrindavan Dham is a premier temple attraction in Soreng district, Sikkim. Rural religious destination at Dodak dedicated to Krishna traditions.",Apr-Jun,https://thumb.wikimedia.org/wikipedia/commons/thumb/0/02/Nathang_Pano_1.jpg/960px-Nathang_Pano_1.jpg?utm_source=en.wikipedia.org&utm_campaign=api&utm_content=thumbnail
7734,Mangardzong,Sikkim,attraction,27.238,88.1738,budget,4.6,6774,"Mangardzong is a premier nature attraction in Soreng district, Sikkim. Historic Tharpu site associated with the old Manger Raja tradition.",Apr-Jun,https://thumb.wikimedia.org/wikipedia/commons/thumb/d/d7/Yumthang_valley%2C_Lachung_Sikkim_India_2012.jpg/960px-Yumthang_valley%2C_Lachung_Sikkim_India_2012.jpg?utm_source=en.wikipedia.org&utm_campaign=api&utm_content=thumbnail
7735,Rahunev Cave,Sikkim,attraction,27.0814,88.208,budget,4.1,1068,"Rahunev Cave is a premier cave attraction in Soreng district, Sikkim. Sacred cave associated with Rahula, a Buddhist protector deity.",Apr-Jun,https://thumb.wikimedia.org/wikipedia/commons/thumb/b/b2/Zuluk_at_dawn.jpg/960px-Zuluk_at_dawn.jpg?utm_source=en.wikipedia.org&utm_campaign=api&utm_content=thumbnail
7736,Ramidham,Sikkim,attraction,27.1048,88.2422,budget,4.1,1055,"Ramidham is a premier temple attraction in Soreng district, Sikkim. Hilltop sacred site above Bara Samdong surrounded by natural scenery.",Apr-Jun,https://thumb.wikimedia.org/wikipedia/commons/thumb/4/41/Geirangerfjord_sieben_Schwestern.jpg/960px-Geirangerfjord_sieben_Schwestern.jpg?utm_source=en.wikipedia.org&utm_campaign=api&utm_content=thumbnail
7737,Jor Pokhari Mandir,Sikkim,attraction,27.1282,88.2764,budget,4.7,3180,"Jor Pokhari Mandir is a premier temple attraction in Soreng district, Sikkim. Natural twin-pond landscape with a temple between Soreng and Sribadam.",Apr-Jun,https://thumb.wikimedia.org/wikipedia/commons/thumb/b/b2/Zuluk_at_dawn.jpg/960px-Zuluk_at_dawn.jpg?utm_source=en.wikipedia.org&utm_campaign=api&utm_content=thumbnail
7738,Payul Dechen Gaweling Monastery,Sikkim,attraction,27.1516,88.1306,budget,4.7,7950,"Payul Dechen Gaweling Monastery is a premier monastery attraction in Soreng district, Sikkim. Quiet monastery offering a serene atmosphere in a rural setting.",Apr-Jun,https://thumb.wikimedia.org/wikipedia/commons/thumb/4/41/Geirangerfjord_sieben_Schwestern.jpg/960px-Geirangerfjord_sieben_Schwestern.jpg?utm_source=en.wikipedia.org&utm_campaign=api&utm_content=thumbnail
7739,Azinga Farm,Sikkim,attraction,27.175,88.1648,budget,4.7,1399,"Azinga Farm is a premier agri tourism attraction in Soreng district, Sikkim. Private farm offering exposure to local fruit and vegetable cultivation.",Apr-Jun,https://thumb.wikimedia.org/wikipedia/commons/thumb/9/99/Rumtek_Monastery_alias_Dharma_Chakra_Centre_near_Gangtok%2C_East_Sikkim_09.jpg/960px-Rumtek_Monastery_alias_Dharma_Chakra_Centre_near_Gangtok%2C_East_Sikkim_09.jpg?utm_source=en.wikipedia.org&utm_campaign=api&utm_content=thumbnail
7740,Rhododendron Trek,Sikkim,attraction,27.1984,88.199,budget,4.3,560,"Rhododendron Trek is a premier nature attraction in Soreng district, Sikkim. Seasonal route connecting Hilley Barsey Dentam Pemayangtse and nearby Himalayan landscapes.",Apr-Jun,https://thumb.wikimedia.org/wikipedia/commons/thumb/a/a3/Mt._Kanchanjunga_as_seen_from_Rinchenpong%2C_West_Sikkim_on_7th_May%2C_2017..jpg/960px-Mt._Kanchanjunga_as_seen_from_Rinchenpong%2C_West_Sikkim_on_7th_May%2C_2017..jpg?utm_source=en.wikipedia.org&utm_campaign=api&utm_content=thumbnail
7741,Barsey Rhododendron Sanctuary,Sikkim,attraction,27.2741,88.2289,budget,4.1,408,"The lesser-explored eastern border entries into the high-altitude sanctuary, blanketed in vibrant scarlet and pink wild blooms during springtime.",Apr-Jun,https://thumb.wikimedia.org/wikipedia/commons/thumb/e/e0/Legship_shiva_temple.jpg/960px-Legship_shiva_temple.jpg?utm_source=en.wikipedia.org&utm_campaign=api&utm_content=thumbnail
7742,Rammam River valley,Sikkim,attraction,27.2452,88.2674,budget,4.2,2266,"Rammam River valley is a premier valley attraction in Soreng district, Sikkim. Remote river valley and forest landscape on the western Sikkim side.",Sep-Nov,https://thumb.wikimedia.org/wikipedia/commons/thumb/f/fb/Cherry_Resort_inside_Temi_Tea_Garden%2C_Namchi%2C_Sikkim.jpg/960px-Cherry_Resort_inside_Temi_Tea_Garden%2C_Namchi%2C_Sikkim.jpg?utm_source=en.wikipedia.org&utm_campaign=api&utm_content=thumbnail
7743,Rey Mindu & Bhutia Heritage Hamlets,Sikkim,attraction,27.2633,88.5237,budget,4.6,6354,"Traditional wooden and stone homesteads tucked in the valley beneath the Rumtek ridge, surrounded by terrace paddy fields, cardamom orchards, and quiet monastery walking trails.",Apr-Jun,https://thumb.wikimedia.org/wikipedia/commons/thumb/5/5f/Gurudongmar_Lake_Sikkim%2C_India_%28edit%29.jpg/960px-Gurudongmar_Lake_Sikkim%2C_India_%28edit%29.jpg?utm_source=en.wikipedia.org&utm_campaign=api&utm_content=thumbnail
7744,Tintek & Rakdong River Trails,Sikkim,attraction,27.2867,88.5579,budget,4.7,3025,"Secluded sub-tropical village paths descending toward the Teesta River, offering uncrowded natural riverbanks, hanging footbridges, and bamboo groves.",Sep-Nov,https://thumb.wikimedia.org/wikipedia/commons/thumb/0/0d/Kabi_Lungchok_1.jpg/960px-Kabi_Lungchok_1.jpg?utm_source=en.wikipedia.org&utm_campaign=api&utm_content=thumbnail
7745,Luing Dalling Monastery & Sacred Forest,Sikkim,attraction,27.3101,88.5921,budget,4.1,417,"An understated, ancient Buddhist hermitage located above the Ranka valley, bypassed by mainstream tourists in favor of larger monasteries.",Apr-Jun,https://thumb.wikimedia.org/wikipedia/commons/thumb/3/3f/Phensong_Monastery.jpg/960px-Phensong_Monastery.jpg?utm_source=en.wikipedia.org&utm_campaign=api&utm_content=thumbnail
7746,Ratey Chu Forest Waterhead,Sikkim,attraction,27.3335,88.6263,budget,4.0,752,"A pristine, moss-draped temperate jungle reserve that serves as the natural water catchment for Gangtok, rich in endemic ferns, native birds, and tranquil mountain streams.",Apr-Jun,https://upload.wikimedia.org/wikipedia/commons/8/80/Singhik-my_tangible_god.jpg?utm_source=en.wikipedia.org&utm_campaign=api&utm_content=thumbnail_unscaled
7747,Darap Eco-Heritage Village,Sikkim,attraction,27.3065,88.2901,budget,4.2,3011,"A quiet Limboo community village near Pelling preserving traditional mud-and-timber houses, organic buckwheat farming, and ancient storytelling traditions.",Apr-Jun,https://thumb.wikimedia.org/wikipedia/commons/thumb/0/02/Nathang_Pano_1.jpg/960px-Nathang_Pano_1.jpg?utm_source=en.wikipedia.org&utm_campaign=api&utm_content=thumbnail
7748,Tashiding Sacred Sinmo Rock & Rathong Chu Banks,Sikkim,attraction,27.3299,88.3243,budget,4.1,677,The secluded river valley and sacred rock alcoves beneath Tashiding Monastery where the Rathong and Rangeet rivers carve through deep forested gorges.,Apr-Jun,https://thumb.wikimedia.org/wikipedia/commons/thumb/a/af/Phodong_monastery_-_north_sikkim.jpg/960px-Phodong_monastery_-_north_sikkim.jpg?utm_source=en.wikipedia.org&utm_campaign=api&utm_content=thumbnail
7749,Hee Bermiok & Chhubing Cave Cascades,Sikkim,attraction,27.3533,88.1785,budget,4.4,2912,"A remote village tract featuring cold mountain brooks, the subterranean Chhubing holy cave, and mountain biking paths through wild rhododendron buffers.",Apr-Jun,https://thumb.wikimedia.org/wikipedia/commons/thumb/4/41/Geirangerfjord_sieben_Schwestern.jpg/960px-Geirangerfjord_sieben_Schwestern.jpg?utm_source=en.wikipedia.org&utm_campaign=api&utm_content=thumbnail
7750,Sanga Choeling Monastery Rear Ridge,Sikkim,attraction,27.3767,88.2127,budget,4.2,483,"The quiet, unpaved walking trail winding beyond the 17th-century monastery through high-altitude pine ridges overlooking the snowy peaks of Mount Pandim.",Apr-Jun,https://upload.wikimedia.org/wikipedia/commons/f/f7/Bundesarchiv_Bild_135-BAI-05-04%2C_Tibetexpedition%2C_Haus_in_Chungtang.jpg?utm_source=en.wikipedia.org&utm_campaign=api&utm_content=thumbnail_unscaled
7751,Dzongu Lepcha Primitive Reserve (Passingdang & Tingvong),Sikkim,attraction,27.437,88.5442,budget,3.9,775,"A strictly protected, indigenous Lepcha ancestral homeland featuring terraced river valleys, hanging cane bridges, and untouched subtropical cloud forests.",Apr-Jun,https://thumb.wikimedia.org/wikipedia/commons/thumb/f/fa/Main_Shrine_of_Pemangytse_Gompa_with_prayer_flags.jpg/960px-Main_Shrine_of_Pemangytse_Gompa_with_prayer_flags.jpg?utm_source=en.wikipedia.org&utm_campaign=api&utm_content=thumbnail
7752,Lingthem Village & Gompa,Sikkim,attraction,27.4604,88.5784,budget,4.0,303,"An isolated high-ridge hamlet in Upper Dzongu with unbroken panoramic views of Mount Kangchenjunga, surrounded by sacred juniper groves.",Apr-Jun,https://thumb.wikimedia.org/wikipedia/commons/thumb/0/0a/Kangch-Goechala.jpg/960px-Kangch-Goechala.jpg?utm_source=en.wikipedia.org&utm_campaign=api&utm_content=thumbnail
7753,Singhik Viewpoint Old Bridle Paths,Sikkim,attraction,27.4838,88.6126,budget,4.4,1393,"The historic foot-trails that descend from the high ridge into deep forested river ravines below, far from the highway traffic.",Apr-Jun,https://thumb.wikimedia.org/wikipedia/commons/thumb/0/08/Dubdi_Monastery_2.jpg/960px-Dubdi_Monastery_2.jpg?utm_source=en.wikipedia.org&utm_campaign=api&utm_content=thumbnail
7754,Malam Waterfall & Rongyung Chu Shallows,Sikkim,attraction,27.5072,88.4668,budget,3.9,1137,"A roaring, multi-tiered forest cascade and pristine turquoise riverbed hidden deep within the Dzongu reserve boundary.",Sep-Nov,https://thumb.wikimedia.org/wikipedia/commons/thumb/b/b2/Zuluk_at_dawn.jpg/960px-Zuluk_at_dawn.jpg?utm_source=en.wikipedia.org&utm_campaign=api&utm_content=thumbnail
7755,Tarey Bhir (Sadhu Khol Gorge),Sikkim,attraction,27.1919,88.3176,budget,3.9,322,"A narrow, 3-kilometer-long knife-edge ridge path perched atop a 10,000-foot sheer vertical cliff that looks down into the confluence of the Teesta and Rangeet rivers.",Apr-Jun,https://thumb.wikimedia.org/wikipedia/commons/thumb/d/d4/Full_view_of_Sanga-Choeling_Monastery.jpg/960px-Full_view_of_Sanga-Choeling_Monastery.jpg?utm_source=en.wikipedia.org&utm_campaign=api&utm_content=thumbnail
7756,Kitam Bird Sanctuary Buffer Paths,Sikkim,attraction,27.2153,88.3518,budget,4.2,3090,"One of the rare low-altitude protected sal and pine forest reserves in Sikkim, offering quiet nature trails home to peacocks, emerald doves, and wild barking deer.",Apr-Jun,https://thumb.wikimedia.org/wikipedia/commons/thumb/b/b3/Sunrise_over_Kangchenjunga.jpg/960px-Sunrise_over_Kangchenjunga.jpg?utm_source=en.wikipedia.org&utm_campaign=api&utm_content=thumbnail
7757,Maniram & Phalidanda Cardamom Slopes,Sikkim,attraction,27.2387,88.386,budget,4.2,785,"A peaceful agricultural hamlet known for large-cardamom plantations, traditional drying kilns (bhattis), and panoramic views of the southern hills.",Apr-Jun,https://thumb.wikimedia.org/wikipedia/commons/thumb/0/0d/Kabi_Lungchok_1.jpg/960px-Kabi_Lungchok_1.jpg?utm_source=en.wikipedia.org&utm_campaign=api&utm_content=thumbnail
7758,Tendong Hill Ancient Hermitage Trail,Sikkim,attraction,27.0821,88.4202,budget,4.2,2026,A steep walking route cutting through thick oak and magnolia forests leading to a sacred Lepcha hilltop lookout tower.,Apr-Jun,https://thumb.wikimedia.org/wikipedia/commons/thumb/0/0d/Kabi_Lungchok_1.jpg/960px-Kabi_Lungchok_1.jpg?utm_source=en.wikipedia.org&utm_campaign=api&utm_content=thumbnail
7759,Aritar Lampokhari Lake Rear Foot-Trails,Sikkim,attraction,27.1803,88.5127,budget,4.0,1060,"The quiet, cobblestone and dirt walking loops winding through dense rhododendron and fir woods above the emerald, boot-shaped natural lake.",Apr-Jun,https://upload.wikimedia.org/wikipedia/commons/8/80/Singhik-my_tangible_god.jpg?utm_source=en.wikipedia.org&utm_campaign=api&utm_content=thumbnail_unscaled
7760,Mankhim Hilltop & Kirat Rai Temple,Sikkim,attraction,27.2037,88.5469,budget,4.6,2184,"An elevated vantage point above Dalapchand offering sweeping views of the eastern Himalayas, old prayer flags, and ancestral tribal heritage grounds.",Apr-Jun,https://upload.wikimedia.org/wikipedia/commons/2/22/Jorethang.jpg?utm_source=en.wikipedia.org&utm_campaign=api&utm_content=thumbnail_unscaled
7761,Rolep River Valley & Shokey Khola Cascades,Sikkim,attraction,27.2271,88.5811,budget,3.9,535,"A pristine, secluded valley along the Rangpo River basin featuring crystal-clear mountain pools, traditional trout-rearing ponds, and bamboo homestays.",Sep-Nov,https://thumb.wikimedia.org/wikipedia/commons/thumb/0/0d/Kabi_Lungchok_1.jpg/960px-Kabi_Lungchok_1.jpg?utm_source=en.wikipedia.org&utm_campaign=api&utm_content=thumbnail
7762,Mulkharka Lake (Sikkim–Bengal Border Ridge),Sikkim,attraction,27.2505,88.6153,budget,4.5,6325,"A high-altitude sacred lake hidden inside dense mossy forests, famous for reflecting Mount Kangchenjunga on its mirror-still surface on calm mornings.",Apr-Jun,https://thumb.wikimedia.org/wikipedia/commons/thumb/e/ed/Enchey_Monastery_in_Gangtok_district%2C_East_Sikkim.jpg/960px-Enchey_Monastery_in_Gangtok_district%2C_East_Sikkim.jpg?utm_source=en.wikipedia.org&utm_campaign=api&utm_content=thumbnail
7763,Chakung & Pine Hill Viewpoint,Sikkim,attraction,27.1966,88.2656,budget,4.2,1232,"A tranquil ridge settlement surrounded by pine plantations, offering misty sunrise panoramas over the Rangeet river valley below.",Apr-Jun,https://thumb.wikimedia.org/wikipedia/commons/thumb/f/fa/Main_Shrine_of_Pemangytse_Gompa_with_prayer_flags.jpg/960px-Main_Shrine_of_Pemangytse_Gompa_with_prayer_flags.jpg?utm_source=en.wikipedia.org&utm_campaign=api&utm_content=thumbnail
7764,Rinchenpong Poison Pokhari & Heritage Bungalow,Sikkim,attraction,27.22,88.1198,budget,4.6,2226,"A quiet, historic pond linked to ancient indigenous guerrilla warfare against invading forces, framed by British-era forest trails and old stone chortens.",Apr-Jun,https://upload.wikimedia.org/wikipedia/commons/2/22/Jorethang.jpg?utm_source=en.wikipedia.org&utm_campaign=api&utm_content=thumbnail_unscaled
7765,Zoom Village & Agrarian Terraces,Sikkim,attraction,27.2434,88.154,mid,4.7,4325,"An off-the-beaten-path countryside hamlet featuring organic ginger and maize terraces, mountain spring channels, and quiet community life.......................",Apr-Jun,https://thumb.wikimedia.org/wikipedia/commons/thumb/0/0e/Namgyal_Institute_of_Tibetology_Front_Panorama.jpg/960px-Namgyal_Institute_of_Tibetology_Front_Panorama.jpg?utm_source=en.wikipedia.org&utm_campaign=api&utm_content=thumbnail
7766,Tsomgo Lake (Changu Lake Sacred Waters),Sikkim,attraction,22.6201,78.9325,budget,4.3,2521,"Tsomgo Lake (Changu Lake Sacred Waters) is an authentic attraction destination located in ,  district of Sikkim. Celebrated for its regional significance and unique ambiance, it offers travelers an immersive experience in the culture, scenic beauty, and heritage of Sikkim.",Apr-Jun,https://thumb.wikimedia.org/wikipedia/commons/thumb/b/b4/Tsongmo_Lake_or_Changu_Lake_-_East_Sikkim.jpg/960px-Tsongmo_Lake_or_Changu_Lake_-_East_Sikkim.jpg?utm_source=en.wikipedia.org&utm_campaign=api&utm_content=thumbnail
7767,Baba Harbhajan Singh Memorial Shrine,Sikkim,attraction,22.6097,78.9405,budget,4.3,1334,"Baba Harbhajan Singh Memorial Shrine is an authentic attraction destination located in ,  district of Sikkim. Celebrated for its regional significance and unique ambiance, it offers travelers an immersive experience in the culture, scenic beauty, and heritage of Sikkim.",Apr-Jun,https://thumb.wikimedia.org/wikipedia/commons/thumb/a/a3/Mt._Kanchanjunga_as_seen_from_Rinchenpong%2C_West_Sikkim_on_7th_May%2C_2017..jpg/960px-Mt._Kanchanjunga_as_seen_from_Rinchenpong%2C_West_Sikkim_on_7th_May%2C_2017..jpg?utm_source=en.wikipedia.org&utm_campaign=api&utm_content=thumbnail
7768,Nathula Pass Indo-China Border Silk Route,Sikkim,attraction,22.6033,78.9901,budget,4.2,703,"Nathula Pass Indo-China Border Silk Route is an authentic attraction destination located in ,  district of Sikkim. Celebrated for its regional significance and unique ambiance, it offers travelers an immersive experience in the culture, scenic beauty, and heritage of Sikkim.",Apr-Jun,https://thumb.wikimedia.org/wikipedia/commons/thumb/e/e4/Yuksom_Village.jpg/960px-Yuksom_Village.jpg?utm_source=en.wikipedia.org&utm_campaign=api&utm_content=thumbnail
7769,Enchey Monastery Gangtok,Sikkim,attraction,22.5673,78.9957,budget,4.7,6709,"Enchey Monastery Gangtok is an authentic attraction destination located in ,  district of Sikkim. Celebrated for its regional significance and unique ambiance, it offers travelers an immersive experience in the culture, scenic beauty, and heritage of Sikkim.",Apr-Jun,https://upload.wikimedia.org/wikipedia/commons/8/80/Singhik-my_tangible_god.jpg?utm_source=en.wikipedia.org&utm_campaign=api&utm_content=thumbnail_unscaled
7770,Ganesh Tok & Kanchenjunga View,Sikkim,attraction,22.5977,78.9453,budget,3.9,960,"Ganesh Tok & Kanchenjunga View is an authentic attraction destination located in ,  district of Sikkim. Celebrated for its regional significance and unique ambiance, it offers travelers an immersive experience in the culture, scenic beauty, and heritage of Sikkim.",Apr-Jun,https://thumb.wikimedia.org/wikipedia/commons/thumb/2/2e/Brilliant_Morning_Rays%2C_Saramsa_Garden%2C_Gangtok%2C_Sikkim_Wiki_Loves_Earth_2017_-_India.jpg/960px-Brilliant_Morning_Rays%2C_Saramsa_Garden%2C_Gangtok%2C_Sikkim_Wiki_Loves_Earth_2017_-_India.jpg?utm_source=en.wikipedia.org&utm_campaign=api&utm_content=thumbnail
7771,Ban Jhakri Falls & Energy Park,Sikkim,attraction,22.5713,78.9701,budget,4.0,419,"Ban Jhakri Falls & Energy Park is an authentic attraction destination located in ,  district of Sikkim. Celebrated for its regional significance and unique ambiance, it offers travelers an immersive experience in the culture, scenic beauty, and heritage of Sikkim.",Apr-Jun,https://thumb.wikimedia.org/wikipedia/commons/thumb/3/3f/Phensong_Monastery.jpg/960px-Phensong_Monastery.jpg?utm_source=en.wikipedia.org&utm_campaign=api&utm_content=thumbnail
7772,Gurudongmar Lake Sacred High Water,Sikkim,attraction,22.5881,78.9645,budget,4.1,270,"Gurudongmar Lake Sacred High Water is an authentic attraction destination located in ,  district of Sikkim. Celebrated for its regional significance and unique ambiance, it offers travelers an immersive experience in the culture, scenic beauty, and heritage of Sikkim.",Apr-Jun,https://upload.wikimedia.org/wikipedia/commons/8/80/Singhik-my_tangible_god.jpg?utm_source=en.wikipedia.org&utm_campaign=api&utm_content=thumbnail_unscaled
7773,Yumthang Valley of Flowers,Sikkim,attraction,22.5937,78.9237,budget,4.2,2578,"Yumthang Valley of Flowers is an authentic attraction destination located in ,  district of Sikkim. Celebrated for its regional significance and unique ambiance, it offers travelers an immersive experience in the culture, scenic beauty, and heritage of Sikkim.",Apr-Jun,https://thumb.wikimedia.org/wikipedia/commons/thumb/d/d7/Yumthang_valley%2C_Lachung_Sikkim_India_2012.jpg/960px-Yumthang_valley%2C_Lachung_Sikkim_India_2012.jpg?utm_source=en.wikipedia.org&utm_campaign=api&utm_content=thumbnail
7774,Zero Point Yumesamdong Snow Vista,Sikkim,attraction,22.5713,78.9501,budget,4.0,357,"Zero Point Yumesamdong Snow Vista is an authentic attraction destination located in ,  district of Sikkim. Celebrated for its regional significance and unique ambiance, it offers travelers an immersive experience in the culture, scenic beauty, and heritage of Sikkim.",Dec-Feb,https://thumb.wikimedia.org/wikipedia/commons/thumb/9/99/Rumtek_Monastery_alias_Dharma_Chakra_Centre_near_Gangtok%2C_East_Sikkim_09.jpg/960px-Rumtek_Monastery_alias_Dharma_Chakra_Centre_near_Gangtok%2C_East_Sikkim_09.jpg?utm_source=en.wikipedia.org&utm_campaign=api&utm_content=thumbnail
7775,Lachung Monastery & Apple Orchards,Sikkim,attraction,22.6241,78.9389,budget,4.2,1164,"Lachung Monastery & Apple Orchards is an authentic attraction destination located in ,  district of Sikkim. Celebrated for its regional significance and unique ambiance, it offers travelers an immersive experience in the culture, scenic beauty, and heritage of Sikkim.",Apr-Jun,https://thumb.wikimedia.org/wikipedia/commons/thumb/0/0d/Kabi_Lungchok_1.jpg/960px-Kabi_Lungchok_1.jpg?utm_source=en.wikipedia.org&utm_campaign=api&utm_content=thumbnail
7776,Lachen Traditional Dzumsa Village,Sikkim,attraction,22.5609,78.9965,budget,4.7,3106,"Lachen Traditional Dzumsa Village is an authentic attraction destination located in ,  district of Sikkim. Celebrated for its regional significance and unique ambiance, it offers travelers an immersive experience in the culture, scenic beauty, and heritage of Sikkim.",Apr-Jun,https://thumb.wikimedia.org/wikipedia/commons/thumb/e/e8/Thangu_valley_03.jpg/960px-Thangu_valley_03.jpg?utm_source=en.wikipedia.org&utm_campaign=api&utm_content=thumbnail
7777,Chopta Valley & Alpine Meadows,Sikkim,attraction,22.5881,78.9253,budget,4.6,5405,"Chopta Valley & Alpine Meadows is an authentic attraction destination located in ,  district of Sikkim. Celebrated for its regional significance and unique ambiance, it offers travelers an immersive experience in the culture, scenic beauty, and heritage of Sikkim.",Apr-Jun,https://thumb.wikimedia.org/wikipedia/commons/thumb/a/ac/Kangchenjunga_PangPema.JPG/960px-Kangchenjunga_PangPema.JPG?utm_source=en.wikipedia.org&utm_campaign=api&utm_content=thumbnail
7778,Singba Rhododendron Sanctuary,Sikkim,attraction,22.5905,78.9509,budget,3.9,1086,"Singba Rhododendron Sanctuary is an authentic attraction destination located in ,  district of Sikkim. Celebrated for its regional significance and unique ambiance, it offers travelers an immersive experience in the culture, scenic beauty, and heritage of Sikkim.",Apr-Jun,https://thumb.wikimedia.org/wikipedia/commons/thumb/d/d7/Yumthang_valley%2C_Lachung_Sikkim_India_2012.jpg/960px-Yumthang_valley%2C_Lachung_Sikkim_India_2012.jpg?utm_source=en.wikipedia.org&utm_campaign=api&utm_content=thumbnail
7779,Pelling Skywalk & Chenrezig Colossus,Sikkim,attraction,22.5561,78.9293,budget,4.3,1819,"Pelling Skywalk & Chenrezig Colossus is an authentic attraction destination located in ,  district of Sikkim. Celebrated for its regional significance and unique ambiance, it offers travelers an immersive experience in the culture, scenic beauty, and heritage of Sikkim.",Apr-Jun,https://thumb.wikimedia.org/wikipedia/commons/thumb/a/a3/Mt._Kanchanjunga_as_seen_from_Rinchenpong%2C_West_Sikkim_on_7th_May%2C_2017..jpg/960px-Mt._Kanchanjunga_as_seen_from_Rinchenpong%2C_West_Sikkim_on_7th_May%2C_2017..jpg?utm_source=en.wikipedia.org&utm_campaign=api&utm_content=thumbnail
7780,Pemayangtse Monastery (Perfect Sublime Lotus),Sikkim,attraction,22.5633,78.9773,budget,4.6,4634,"Pemayangtse Monastery (Perfect Sublime Lotus) is an authentic attraction destination located in ,  district of Sikkim. Celebrated for its regional significance and unique ambiance, it offers travelers an immersive experience in the culture, scenic beauty, and heritage of Sikkim.",Apr-Jun,https://thumb.wikimedia.org/wikipedia/commons/thumb/f/fa/Main_Shrine_of_Pemangytse_Gompa_with_prayer_flags.jpg/960px-Main_Shrine_of_Pemangytse_Gompa_with_prayer_flags.jpg?utm_source=en.wikipedia.org&utm_campaign=api&utm_content=thumbnail
7781,Rabdentse Ruins Ancient Capital,Sikkim,attraction,22.5905,78.9949,budget,4.1,1171,"Rabdentse Ruins Ancient Capital is an authentic attraction destination located in ,  district of Sikkim. Celebrated for its regional significance and unique ambiance, it offers travelers an immersive experience in the culture, scenic beauty, and heritage of Sikkim.",Apr-Jun,https://thumb.wikimedia.org/wikipedia/commons/thumb/b/b2/Zuluk_at_dawn.jpg/960px-Zuluk_at_dawn.jpg?utm_source=en.wikipedia.org&utm_campaign=api&utm_content=thumbnail
7782,Khecheopalri Sacred Wish Fulfilling Lake,Sikkim,attraction,22.5857,78.9589,budget,4.6,1520,"Khecheopalri Sacred Wish Fulfilling Lake is an authentic attraction destination located in ,  district of Sikkim. Celebrated for its regional significance and unique ambiance, it offers travelers an immersive experience in the culture, scenic beauty, and heritage of Sikkim.",Apr-Jun,https://thumb.wikimedia.org/wikipedia/commons/thumb/4/41/Geirangerfjord_sieben_Schwestern.jpg/960px-Geirangerfjord_sieben_Schwestern.jpg?utm_source=en.wikipedia.org&utm_campaign=api&utm_content=thumbnail
7783,Kanchenjunga Waterfall Pelling,Sikkim,attraction,22.6257,78.9493,budget,4.6,3147,"Kanchenjunga Waterfall Pelling is an authentic attraction destination located in ,  district of Sikkim. Celebrated for its regional significance and unique ambiance, it offers travelers an immersive experience in the culture, scenic beauty, and heritage of Sikkim.",Sep-Nov,https://thumb.wikimedia.org/wikipedia/commons/thumb/f/f2/Allahabad_Montage_II_Dec_2014.jpg/960px-Allahabad_Montage_II_Dec_2014.jpg?utm_source=en.wikipedia.org&utm_campaign=api&utm_content=thumbnail
7784,Singshore Bridge (Highest in Sikkim),Sikkim,attraction,22.6241,78.9509,budget,4.3,1902,"Singshore Bridge (Highest in Sikkim) is an authentic attraction destination located in ,  district of Sikkim. Celebrated for its regional significance and unique ambiance, it offers travelers an immersive experience in the culture, scenic beauty, and heritage of Sikkim.",Apr-Jun,https://thumb.wikimedia.org/wikipedia/commons/thumb/b/b2/Zuluk_at_dawn.jpg/960px-Zuluk_at_dawn.jpg?utm_source=en.wikipedia.org&utm_campaign=api&utm_content=thumbnail
7785,Yuksom Coronation Throne of Norbugang,Sikkim,attraction,22.6321,78.9549,budget,3.9,868,"Yuksom Coronation Throne of Norbugang is an authentic attraction destination located in ,  district of Sikkim. Celebrated for its regional significance and unique ambiance, it offers travelers an immersive experience in the culture, scenic beauty, and heritage of Sikkim.",Apr-Jun,https://upload.wikimedia.org/wikipedia/commons/8/80/Singhik-my_tangible_god.jpg?utm_source=en.wikipedia.org&utm_campaign=api&utm_content=thumbnail_unscaled
7786,Dubdi Monastery (Oldest in Sikkim),Sikkim,attraction,22.5553,78.9421,budget,4.0,234,"Dubdi Monastery (Oldest in Sikkim) is an authentic attraction destination located in ,  district of Sikkim. Celebrated for its regional significance and unique ambiance, it offers travelers an immersive experience in the culture, scenic beauty, and heritage of Sikkim.",Apr-Jun,https://thumb.wikimedia.org/wikipedia/commons/thumb/0/08/Dubdi_Monastery_2.jpg/960px-Dubdi_Monastery_2.jpg?utm_source=en.wikipedia.org&utm_campaign=api&utm_content=thumbnail
7787,Tashiding Monastery Sacred Hilltop,Sikkim,attraction,22.6241,78.9333,budget,3.9,230,"Tashiding Monastery Sacred Hilltop is an authentic attraction destination located in ,  district of Sikkim. Celebrated for its regional significance and unique ambiance, it offers travelers an immersive experience in the culture, scenic beauty, and heritage of Sikkim.",Apr-Jun,https://thumb.wikimedia.org/wikipedia/commons/thumb/0/0e/Namgyal_Institute_of_Tibetology_Front_Panorama.jpg/960px-Namgyal_Institute_of_Tibetology_Front_Panorama.jpg?utm_source=en.wikipedia.org&utm_campaign=api&utm_content=thumbnail
7788,Char Dham (Siddhesvara Dhaam Namchi),Sikkim,attraction,22.5665,78.9469,budget,4.2,953,"Char Dham (Siddhesvara Dhaam Namchi) is an authentic attraction destination located in ,  district of Sikkim. Celebrated for its regional significance and unique ambiance, it offers travelers an immersive experience in the culture, scenic beauty, and heritage of Sikkim.",Apr-Jun,https://thumb.wikimedia.org/wikipedia/commons/thumb/5/51/ABX_SHRI_PURUSHOTTAMA_KSHETRA_PURI.jpg/960px-ABX_SHRI_PURUSHOTTAMA_KSHETRA_PURI.jpg?utm_source=en.wikipedia.org&utm_campaign=api&utm_content=thumbnail
7789,Samdruptse Hill Giant Guru Rinpoche,Sikkim,attraction,22.5569,78.9397,budget,4.5,5279,"Samdruptse Hill Giant Guru Rinpoche is an authentic attraction destination located in ,  district of Sikkim. Celebrated for its regional significance and unique ambiance, it offers travelers an immersive experience in the culture, scenic beauty, and heritage of Sikkim.",Apr-Jun,https://thumb.wikimedia.org/wikipedia/commons/thumb/a/a3/Mt._Kanchanjunga_as_seen_from_Rinchenpong%2C_West_Sikkim_on_7th_May%2C_2017..jpg/960px-Mt._Kanchanjunga_as_seen_from_Rinchenpong%2C_West_Sikkim_on_7th_May%2C_2017..jpg?utm_source=en.wikipedia.org&utm_campaign=api&utm_content=thumbnail
7790,Temi Tea Estate (Only Tea Garden in Sikkim),Sikkim,attraction,22.5865,78.9909,budget,4.4,3293,"Temi Tea Estate (Only Tea Garden in Sikkim) is an authentic attraction destination located in ,  district of Sikkim. Celebrated for its regional significance and unique ambiance, it offers travelers an immersive experience in the culture, scenic beauty, and heritage of Sikkim.",Apr-Jun,https://thumb.wikimedia.org/wikipedia/commons/thumb/f/fb/Cherry_Resort_inside_Temi_Tea_Garden%2C_Namchi%2C_Sikkim.jpg/960px-Cherry_Resort_inside_Temi_Tea_Garden%2C_Namchi%2C_Sikkim.jpg?utm_source=en.wikipedia.org&utm_campaign=api&utm_content=thumbnail
7791,Tarey Bhir 10000ft Cliff Ridge Walk,Sikkim,attraction,22.5577,78.9445,budget,4.6,2135,"Tarey Bhir 10000ft Cliff Ridge Walk is an authentic attraction destination located in ,  district of Sikkim. Celebrated for its regional significance and unique ambiance, it offers travelers an immersive experience in the culture, scenic beauty, and heritage of Sikkim.",Apr-Jun,https://thumb.wikimedia.org/wikipedia/commons/thumb/b/b4/Hanuman_Tok_Temple_Complex_in_Gangtok_District%2C_East_Sikkim_05.jpg/960px-Hanuman_Tok_Temple_Complex_in_Gangtok_District%2C_East_Sikkim_05.jpg?utm_source=en.wikipedia.org&utm_campaign=api&utm_content=thumbnail
7792,Zuluk Loops Old Silk Route,Sikkim,attraction,22.6073,78.9605,budget,3.9,887,"Zuluk Loops Old Silk Route is an authentic attraction destination located in ,  district of Sikkim. Celebrated for its regional significance and unique ambiance, it offers travelers an immersive experience in the culture, scenic beauty, and heritage of Sikkim.",Apr-Jun,https://thumb.wikimedia.org/wikipedia/commons/thumb/6/64/Location_of_Nathula.svg/960px-Location_of_Nathula.svg.png?utm_source=en.wikipedia.org&utm_campaign=api&utm_content=thumbnail
