occurrence_id,event_id,year,start_date,end_date,date_status,official_date,source_url,source_name,last_verified
OCC-0001-2025,EVT-0001,2025,2025-09-28,2025-10-02,Completed,FALSE,https://wbtourism.gov.in,West Bengal Tourism / Incredible India,2026-09-14
OCC-0001-2026,EVT-0001,2026,2026-10-17,2026-10-21,Confirmed,TRUE,https://wbtourism.gov.in,West Bengal Tourism / Incredible India,2026-09-14
OCC-0001-2027,EVT-0001,2027,2027-10-06,2027-10-10,Projected,FALSE,https://wbtourism.gov.in,West Bengal Tourism / Incredible India,2026-09-14
OCC-0001-2028,EVT-0001,2028,2028-09-25,2028-09-29,Projected,FALSE,https://wbtourism.gov.in,West Bengal Tourism / Incredible India,2026-09-14
OCC-0002-2025,EVT-0002,2025,2025-01-13,2025-01-16,Completed,FALSE,https://gangasagar.wb.gov.in,South 24 Parganas District Administration / WB Tourism,2026-09-14
OCC-0002-2026,EVT-0002,2026,2026-01-13,2026-01-16,Confirmed,TRUE,https://gangasagar.wb.gov.in,South 24 Parganas District Administration / WB Tourism,2026-09-14
OCC-0002-2027,EVT-0002,2027,2027-01-13,2027-01-16,Projected,FALSE,https://gangasagar.wb.gov.in,South 24 Parganas District Administration / WB Tourism,2026-09-14
OCC-0002-2028,EVT-0002,2028,2028-01-13,2028-01-16,Projected,FALSE,https://gangasagar.wb.gov.in,South 24 Parganas District Administration / WB Tourism,2026-09-14
OCC-0003-2025,EVT-0003,2025,2025-10-30,2025-11-06,Completed,FALSE,https://tourism.rajasthan.gov.in,Rajasthan Tourism (RTDC),2026-09-14
OCC-0003-2026,EVT-0003,2026,2026-11-17,2026-11-24,Confirmed,TRUE,https://tourism.rajasthan.gov.in,Rajasthan Tourism (RTDC),2026-09-14
OCC-0003-2027,EVT-0003,2027,2027-11-07,2027-11-14,Projected,FALSE,https://tourism.rajasthan.gov.in,Rajasthan Tourism (RTDC),2026-09-14
OCC-0003-2028,EVT-0003,2028,2028-10-27,2028-11-03,Projected,FALSE,https://tourism.rajasthan.gov.in,Rajasthan Tourism (RTDC),2026-09-14
OCC-0004-2025,EVT-0004,2025,2025-02-07,2025-02-23,Completed,FALSE,https://haryanatourism.gov.in,Surajkund Mela Authority / Haryana Tourism,2026-09-14
OCC-0004-2026,EVT-0004,2026,2026-02-06,2026-02-22,Confirmed,TRUE,https://haryanatourism.gov.in,Surajkund Mela Authority / Haryana Tourism,2026-09-14
OCC-0004-2027,EVT-0004,2027,2027-02-05,2027-02-21,Projected,FALSE,https://haryanatourism.gov.in,Surajkund Mela Authority / Haryana Tourism,2026-09-14
OCC-0004-2028,EVT-0004,2028,2028-02-04,2028-02-20,Projected,FALSE,https://haryanatourism.gov.in,Surajkund Mela Authority / Haryana Tourism,2026-09-14
OCC-0005-2025,EVT-0005,2025,2025-12-01,2025-12-10,Completed,FALSE,https://tourism.nagaland.gov.in,"Department of Tourism, Government of Nagaland",2026-09-14
OCC-0005-2026,EVT-0005,2026,2026-12-01,2026-12-10,Confirmed,TRUE,https://tourism.nagaland.gov.in,"Department of Tourism, Government of Nagaland",2026-09-14
OCC-0005-2027,EVT-0005,2027,2027-12-01,2027-12-10,Projected,FALSE,https://tourism.nagaland.gov.in,"Department of Tourism, Government of Nagaland",2026-09-14
OCC-0005-2028,EVT-0005,2028,2028-12-01,2028-12-10,Projected,FALSE,https://tourism.nagaland.gov.in,"Department of Tourism, Government of Nagaland",2026-09-14
OCC-0006-2025,EVT-0006,2025,2025-04-14,2025-04-20,Completed,FALSE,https://tourism.assam.gov.in,Assam Tourism Development Corporation,2026-09-14
OCC-0006-2026,EVT-0006,2026,2026-04-14,2026-04-20,Confirmed,TRUE,https://tourism.assam.gov.in,Assam Tourism Development Corporation,2026-09-14
OCC-0006-2027,EVT-0006,2027,2027-04-14,2027-04-20,Projected,FALSE,https://tourism.assam.gov.in,Assam Tourism Development Corporation,2026-09-14
OCC-0006-2028,EVT-0006,2028,2028-04-14,2028-04-20,Projected,FALSE,https://tourism.assam.gov.in,Assam Tourism Development Corporation,2026-09-14
OCC-0007-2025,EVT-0007,2025,2025-09-22,2025-10-02,Completed,FALSE,https://mysoredasara.gov.in,Karnataka Tourism / Mysore Dasara Committee,2026-09-14
OCC-0007-2026,EVT-0007,2026,2026-10-11,2026-10-21,Confirmed,TRUE,https://mysoredasara.gov.in,Karnataka Tourism / Mysore Dasara Committee,2026-09-14
OCC-0007-2027,EVT-0007,2027,2027-09-30,2027-10-10,Projected,FALSE,https://mysoredasara.gov.in,Karnataka Tourism / Mysore Dasara Committee,2026-09-14
OCC-0007-2028,EVT-0007,2028,2028-09-19,2028-09-29,Projected,FALSE,https://mysoredasara.gov.in,Karnataka Tourism / Mysore Dasara Committee,2026-09-14
OCC-0008-2025,EVT-0008,2025,2025-08-27,2025-09-06,Completed,FALSE,https://www.keralatourism.org,Kerala Tourism Department,2026-09-14
OCC-0008-2026,EVT-0008,2026,2026-09-15,2026-09-25,Confirmed,TRUE,https://www.keralatourism.org,Kerala Tourism Department,2026-09-14
OCC-0008-2027,EVT-0008,2027,2027-09-03,2027-09-13,Projected,FALSE,https://www.keralatourism.org,Kerala Tourism Department,2026-09-14
OCC-0008-2028,EVT-0008,2028,2028-08-23,2028-09-02,Projected,FALSE,https://www.keralatourism.org,Kerala Tourism Department,2026-09-14
OCC-0009-2025,EVT-0009,2025,2025-05-07,2025-05-08,Completed,FALSE,https://www.keralatourism.org,Cochin Devaswom Board / Kerala Tourism,2026-09-14
OCC-0009-2026,EVT-0009,2026,2026-04-27,2026-04-28,Confirmed,TRUE,https://www.keralatourism.org,Cochin Devaswom Board / Kerala Tourism,2026-09-14
OCC-0009-2027,EVT-0009,2027,2027-05-16,2027-05-17,Projected,FALSE,https://www.keralatourism.org,Cochin Devaswom Board / Kerala Tourism,2026-09-14
OCC-0009-2028,EVT-0009,2028,2028-05-04,2028-05-05,Projected,FALSE,https://www.keralatourism.org,Cochin Devaswom Board / Kerala Tourism,2026-09-14
OCC-0010-2025,EVT-0010,2025,2025-11-01,2026-02-28,Completed,FALSE,https://www.gujarattourism.com,Gujarat Tourism (TCGL),2026-09-14
OCC-0010-2026,EVT-0010,2026,2026-11-01,2027-02-28,Confirmed,TRUE,https://www.gujarattourism.com,Gujarat Tourism (TCGL),2026-09-14
OCC-0010-2027,EVT-0010,2027,2027-11-01,2028-02-29,Projected,FALSE,https://www.gujarattourism.com,Gujarat Tourism (TCGL),2026-09-14
OCC-0010-2028,EVT-0010,2028,2028-11-01,2029-02-28,Projected,FALSE,https://www.gujarattourism.com,Gujarat Tourism (TCGL),2026-09-14
OCC-0011-2025,EVT-0011,2025,2025-01-08,2025-01-15,Completed,FALSE,https://www.gujarattourism.com,Gujarat Tourism (TCGL),2026-09-14
OCC-0011-2026,EVT-0011,2026,2026-01-08,2026-01-15,Confirmed,TRUE,https://www.gujarattourism.com,Gujarat Tourism (TCGL),2026-09-14
OCC-0011-2027,EVT-0011,2027,2027-01-08,2027-01-15,Projected,FALSE,https://www.gujarattourism.com,Gujarat Tourism (TCGL),2026-09-14
OCC-0011-2028,EVT-0011,2028,2028-01-08,2028-01-15,Projected,FALSE,https://www.gujarattourism.com,Gujarat Tourism (TCGL),2026-09-14
OCC-0012-2025,EVT-0012,2025,2025-03-01,2025-03-04,Completed,FALSE,https://goa-tourism.com,Goa Tourism Development Corporation (GTDC),2026-09-14
OCC-0012-2026,EVT-0012,2026,2026-02-14,2026-02-17,Confirmed,TRUE,https://goa-tourism.com,Goa Tourism Development Corporation (GTDC),2026-09-14
OCC-0012-2027,EVT-0012,2027,2027-02-06,2027-02-09,Projected,FALSE,https://goa-tourism.com,Goa Tourism Development Corporation (GTDC),2026-09-14
OCC-0012-2028,EVT-0012,2028,2028-02-26,2028-02-29,Projected,FALSE,https://goa-tourism.com,Goa Tourism Development Corporation (GTDC),2026-09-14
OCC-0013-2025,EVT-0013,2025,2025-02-20,2025-02-26,Completed,FALSE,https://www.mptourism.com,Ustad Alauddin Khan Sangeet evam Kala Akademi / MP Tourism,2026-09-14
OCC-0013-2026,EVT-0013,2026,2026-02-20,2026-02-26,Confirmed,TRUE,https://www.mptourism.com,Ustad Alauddin Khan Sangeet evam Kala Akademi / MP Tourism,2026-09-14
OCC-0013-2027,EVT-0013,2027,2027-02-20,2027-02-26,Projected,FALSE,https://www.mptourism.com,Ustad Alauddin Khan Sangeet evam Kala Akademi / MP Tourism,2026-09-14
OCC-0013-2028,EVT-0013,2028,2028-02-20,2028-02-26,Projected,FALSE,https://www.mptourism.com,Ustad Alauddin Khan Sangeet evam Kala Akademi / MP Tourism,2026-09-14
OCC-0014-2025,EVT-0014,2025,2025-06-27,2025-07-08,Completed,FALSE,https://www.odishatourism.gov.in,Shree Jagannatha Temple Administration / Odisha Tourism,2026-09-14
OCC-0014-2026,EVT-0014,2026,2026-07-16,2026-07-27,Confirmed,TRUE,https://www.odishatourism.gov.in,Shree Jagannatha Temple Administration / Odisha Tourism,2026-09-14
OCC-0014-2027,EVT-0014,2027,2027-07-05,2027-07-16,Projected,FALSE,https://www.odishatourism.gov.in,Shree Jagannatha Temple Administration / Odisha Tourism,2026-09-14
OCC-0014-2028,EVT-0014,2028,2028-06-23,2028-07-04,Projected,FALSE,https://www.odishatourism.gov.in,Shree Jagannatha Temple Administration / Odisha Tourism,2026-09-14
OCC-0015-2025,EVT-0015,2025,2025-12-01,2025-12-05,Completed,FALSE,https://www.odishatourism.gov.in,Odisha Tourism,2026-09-14
OCC-0015-2026,EVT-0015,2026,2026-12-01,2026-12-05,Confirmed,TRUE,https://www.odishatourism.gov.in,Odisha Tourism,2026-09-14
OCC-0015-2027,EVT-0015,2027,2027-12-01,2027-12-05,Projected,FALSE,https://www.odishatourism.gov.in,Odisha Tourism,2026-09-14
OCC-0015-2028,EVT-0015,2028,2028-12-01,2028-12-05,Projected,FALSE,https://www.odishatourism.gov.in,Odisha Tourism,2026-09-14
OCC-0016-2025,EVT-0016,2025,2025-07-05,2025-07-06,Completed,FALSE,https://ladakhtourism.gov.in,"Department of Tourism, UT Ladakh",2026-09-14
OCC-0016-2026,EVT-0016,2026,2026-06-25,2026-06-26,Estimated,FALSE,https://ladakhtourism.gov.in,"Department of Tourism, UT Ladakh",2026-09-14
OCC-0016-2027,EVT-0016,2027,2027-07-14,2027-07-15,Projected,FALSE,https://ladakhtourism.gov.in,"Department of Tourism, UT Ladakh",2026-09-14
OCC-0016-2028,EVT-0016,2028,2028-07-02,2028-07-03,Projected,FALSE,https://ladakhtourism.gov.in,"Department of Tourism, UT Ladakh",2026-09-14
OCC-0017-2025,EVT-0017,2025,2025-10-25,2025-10-28,Completed,FALSE,https://tourism.bihar.gov.in,Bihar State Tourism Development Corporation (BSTDC),2026-09-14
OCC-0017-2026,EVT-0017,2026,2026-11-13,2026-11-16,Estimated,FALSE,https://tourism.bihar.gov.in,Bihar State Tourism Development Corporation (BSTDC),2026-09-14
OCC-0017-2027,EVT-0017,2027,2027-11-03,2027-11-06,Projected,FALSE,https://tourism.bihar.gov.in,Bihar State Tourism Development Corporation (BSTDC),2026-09-14
OCC-0017-2028,EVT-0017,2028,2028-10-22,2028-10-25,Projected,FALSE,https://tourism.bihar.gov.in,Bihar State Tourism Development Corporation (BSTDC),2026-09-14
OCC-0018-2025,EVT-0018,2025,2025-10-01,2025-10-09,Completed,FALSE,https://www.incredibleindia.org,Telangana Tourism / Incredible India,2026-09-14
OCC-0018-2026,EVT-0018,2026,2026-10-01,2026-10-09,Estimated,FALSE,https://www.incredibleindia.org,Telangana Tourism / Incredible India,2026-09-14
OCC-0018-2027,EVT-0018,2027,2027-10-01,2027-10-09,Projected,FALSE,https://www.incredibleindia.org,Telangana Tourism / Incredible India,2026-09-14
OCC-0018-2028,EVT-0018,2028,2028-10-01,2028-10-09,Projected,FALSE,https://www.incredibleindia.org,Telangana Tourism / Incredible India,2026-09-14
OCC-0019-2025,EVT-0019,2025,2025-03-20,2025-03-21,Completed,FALSE,https://www.incredibleindia.org,Andhra Pradesh Tourism / Incredible India,2026-09-14
OCC-0019-2026,EVT-0019,2026,2026-03-20,2026-03-21,Estimated,FALSE,https://www.incredibleindia.org,Andhra Pradesh Tourism / Incredible India,2026-09-14
OCC-0019-2027,EVT-0019,2027,2027-03-20,2027-03-21,Projected,FALSE,https://www.incredibleindia.org,Andhra Pradesh Tourism / Incredible India,2026-09-14
OCC-0019-2028,EVT-0019,2028,2028-03-20,2028-03-21,Projected,FALSE,https://www.incredibleindia.org,Andhra Pradesh Tourism / Incredible India,2026-09-14
OCC-0020-2025,EVT-0020,2025,2025-01-14,2025-01-17,Completed,FALSE,https://www.incredibleindia.org,Tamil Nadu Tourism / Incredible India,2026-09-14
OCC-0020-2026,EVT-0020,2026,2026-01-14,2026-01-17,Estimated,FALSE,https://www.incredibleindia.org,Tamil Nadu Tourism / Incredible India,2026-09-14
OCC-0020-2027,EVT-0020,2027,2027-01-14,2027-01-17,Projected,FALSE,https://www.incredibleindia.org,Tamil Nadu Tourism / Incredible India,2026-09-14
OCC-0020-2028,EVT-0020,2028,2028-01-14,2028-01-17,Projected,FALSE,https://www.incredibleindia.org,Tamil Nadu Tourism / Incredible India,2026-09-14
OCC-0021-2025,EVT-0021,2025,2025-04-25,2025-05-05,Completed,FALSE,https://www.incredibleindia.org,Tamil Nadu Tourism / Incredible India,2026-09-14
OCC-0021-2026,EVT-0021,2026,2026-04-25,2026-05-05,Estimated,FALSE,https://www.incredibleindia.org,Tamil Nadu Tourism / Incredible India,2026-09-14
OCC-0021-2027,EVT-0021,2027,2027-04-25,2027-05-05,Projected,FALSE,https://www.incredibleindia.org,Tamil Nadu Tourism / Incredible India,2026-09-14
OCC-0021-2028,EVT-0021,2028,2028-04-25,2028-05-05,Projected,FALSE,https://www.incredibleindia.org,Tamil Nadu Tourism / Incredible India,2026-09-14
OCC-0022-2025,EVT-0022,2025,2025-12-20,2025-01-15,Completed,FALSE,https://www.incredibleindia.org,Tamil Nadu Tourism / Incredible India,2026-09-14
OCC-0022-2026,EVT-0022,2026,2026-12-20,2026-01-15,Estimated,FALSE,https://www.incredibleindia.org,Tamil Nadu Tourism / Incredible India,2026-09-14
OCC-0022-2027,EVT-0022,2027,2027-12-20,2027-01-15,Projected,FALSE,https://www.incredibleindia.org,Tamil Nadu Tourism / Incredible India,2026-09-14
OCC-0022-2028,EVT-0022,2028,2028-12-20,2028-01-15,Projected,FALSE,https://www.incredibleindia.org,Tamil Nadu Tourism / Incredible India,2026-09-14
OCC-0023-2025,EVT-0023,2025,2025-11-15,2025-05-15,Completed,FALSE,https://www.incredibleindia.org,Kerala Tourism / Incredible India,2026-09-14
OCC-0023-2026,EVT-0023,2026,2026-11-15,2026-05-15,Estimated,FALSE,https://www.incredibleindia.org,Kerala Tourism / Incredible India,2026-09-14
OCC-0023-2027,EVT-0023,2027,2027-11-15,2027-05-15,Projected,FALSE,https://www.incredibleindia.org,Kerala Tourism / Incredible India,2026-09-14
OCC-0023-2028,EVT-0023,2028,2028-11-15,2028-05-15,Projected,FALSE,https://www.incredibleindia.org,Kerala Tourism / Incredible India,2026-09-14
OCC-0024-2025,EVT-0024,2025,2025-08-08,2025-08-08,Completed,FALSE,https://www.incredibleindia.org,Kerala Tourism / Incredible India,2026-09-14
OCC-0024-2026,EVT-0024,2026,2026-08-08,2026-08-08,Estimated,FALSE,https://www.incredibleindia.org,Kerala Tourism / Incredible India,2026-09-14
OCC-0024-2027,EVT-0024,2027,2027-08-08,2027-08-08,Projected,FALSE,https://www.incredibleindia.org,Kerala Tourism / Incredible India,2026-09-14
OCC-0024-2028,EVT-0024,2028,2028-08-08,2028-08-08,Projected,FALSE,https://www.incredibleindia.org,Kerala Tourism / Incredible India,2026-09-14
OCC-0025-2025,EVT-0025,2025,2025-09-14,2025-09-24,Completed,FALSE,https://www.incredibleindia.org,Maharashtra Tourism / Incredible India,2026-09-14
OCC-0025-2026,EVT-0025,2026,2026-09-14,2026-09-24,Estimated,FALSE,https://www.incredibleindia.org,Maharashtra Tourism / Incredible India,2026-09-14
OCC-0025-2027,EVT-0025,2027,2027-09-14,2027-09-24,Projected,FALSE,https://www.incredibleindia.org,Maharashtra Tourism / Incredible India,2026-09-14
OCC-0025-2028,EVT-0025,2028,2028-09-14,2028-09-24,Projected,FALSE,https://www.incredibleindia.org,Maharashtra Tourism / Incredible India,2026-09-14
OCC-0026-2025,EVT-0026,2025,2025-01-23,2025-01-25,Completed,FALSE,https://www.incredibleindia.org,Maharashtra Tourism / Incredible India,2026-09-14
OCC-0026-2026,EVT-0026,2026,2026-01-23,2026-01-25,Estimated,FALSE,https://www.incredibleindia.org,Maharashtra Tourism / Incredible India,2026-09-14
OCC-0026-2027,EVT-0026,2027,2027-01-23,2027-01-25,Projected,FALSE,https://www.incredibleindia.org,Maharashtra Tourism / Incredible India,2026-09-14
OCC-0026-2028,EVT-0026,2028,2028-01-23,2028-01-25,Projected,FALSE,https://www.incredibleindia.org,Maharashtra Tourism / Incredible India,2026-09-14
OCC-0027-2025,EVT-0027,2025,2025-02-08,2025-02-10,Completed,FALSE,https://www.incredibleindia.org,Rajasthan Tourism / Incredible India,2026-09-14
OCC-0027-2026,EVT-0027,2026,2026-02-08,2026-02-10,Estimated,FALSE,https://www.incredibleindia.org,Rajasthan Tourism / Incredible India,2026-09-14
OCC-0027-2027,EVT-0027,2027,2027-02-08,2027-02-10,Projected,FALSE,https://www.incredibleindia.org,Rajasthan Tourism / Incredible India,2026-09-14
OCC-0027-2028,EVT-0027,2028,2028-02-08,2028-02-10,Projected,FALSE,https://www.incredibleindia.org,Rajasthan Tourism / Incredible India,2026-09-14
OCC-0028-2025,EVT-0028,2025,2025-10-22,2025-10-26,Completed,FALSE,https://www.incredibleindia.org,Mehrangarh Museum Trust / Incredible India,2026-09-14
OCC-0028-2026,EVT-0028,2026,2026-10-22,2026-10-26,Estimated,FALSE,https://www.incredibleindia.org,Mehrangarh Museum Trust / Incredible India,2026-09-14
OCC-0028-2027,EVT-0028,2027,2027-10-22,2027-10-26,Projected,FALSE,https://www.incredibleindia.org,Mehrangarh Museum Trust / Incredible India,2026-09-14
OCC-0028-2028,EVT-0028,2028,2028-10-22,2028-10-26,Projected,FALSE,https://www.incredibleindia.org,Mehrangarh Museum Trust / Incredible India,2026-09-14
OCC-0029-2025,EVT-0029,2025,2025-10-25,2025-10-26,Completed,FALSE,https://www.incredibleindia.org,Rajasthan Tourism / Incredible India,2026-09-14
OCC-0029-2026,EVT-0029,2026,2026-10-25,2026-10-26,Estimated,FALSE,https://www.incredibleindia.org,Rajasthan Tourism / Incredible India,2026-09-14
OCC-0029-2027,EVT-0029,2027,2027-10-25,2027-10-26,Projected,FALSE,https://www.incredibleindia.org,Rajasthan Tourism / Incredible India,2026-09-14
OCC-0029-2028,EVT-0029,2028,2028-10-25,2028-10-26,Projected,FALSE,https://www.incredibleindia.org,Rajasthan Tourism / Incredible India,2026-09-14
OCC-0030-2025,EVT-0030,2025,2025-08-15,2025-08-16,Completed,FALSE,https://www.incredibleindia.org,Rajasthan Tourism / Incredible India,2026-09-14
OCC-0030-2026,EVT-0030,2026,2026-08-15,2026-08-16,Estimated,FALSE,https://www.incredibleindia.org,Rajasthan Tourism / Incredible India,2026-09-14
OCC-0030-2027,EVT-0030,2027,2027-08-15,2027-08-16,Projected,FALSE,https://www.incredibleindia.org,Rajasthan Tourism / Incredible India,2026-09-14
OCC-0030-2028,EVT-0030,2028,2028-08-15,2028-08-16,Projected,FALSE,https://www.incredibleindia.org,Rajasthan Tourism / Incredible India,2026-09-14
OCC-0031-2025,EVT-0031,2025,2025-10-21,2025-10-27,Completed,FALSE,https://www.incredibleindia.org,Himachal Tourism / Incredible India,2026-09-14
OCC-0031-2026,EVT-0031,2026,2026-10-21,2026-10-27,Estimated,FALSE,https://www.incredibleindia.org,Himachal Tourism / Incredible India,2026-09-14
OCC-0031-2027,EVT-0031,2027,2027-10-21,2027-10-27,Projected,FALSE,https://www.incredibleindia.org,Himachal Tourism / Incredible India,2026-09-14
OCC-0031-2028,EVT-0031,2028,2028-10-21,2028-10-27,Projected,FALSE,https://www.incredibleindia.org,Himachal Tourism / Incredible India,2026-09-14
OCC-0032-2025,EVT-0032,2025,2025-02-16,2025-02-23,Completed,FALSE,https://www.incredibleindia.org,Himachal Tourism / Incredible India,2026-09-14
OCC-0032-2026,EVT-0032,2026,2026-02-16,2026-02-23,Estimated,FALSE,https://www.incredibleindia.org,Himachal Tourism / Incredible India,2026-09-14
OCC-0032-2027,EVT-0032,2027,2027-02-16,2027-02-23,Projected,FALSE,https://www.incredibleindia.org,Himachal Tourism / Incredible India,2026-09-14
OCC-0032-2028,EVT-0032,2028,2028-02-16,2028-02-23,Projected,FALSE,https://www.incredibleindia.org,Himachal Tourism / Incredible India,2026-09-14
OCC-0033-2025,EVT-0033,2025,2025-07-26,2025-08-02,Completed,FALSE,https://www.incredibleindia.org,Himachal Tourism / Incredible India,2026-09-14
OCC-0033-2026,EVT-0033,2026,2026-07-26,2026-08-02,Estimated,FALSE,https://www.incredibleindia.org,Himachal Tourism / Incredible India,2026-09-14
OCC-0033-2027,EVT-0033,2027,2027-07-26,2027-08-02,Projected,FALSE,https://www.incredibleindia.org,Himachal Tourism / Incredible India,2026-09-14
OCC-0033-2028,EVT-0033,2028,2028-07-26,2028-08-02,Projected,FALSE,https://www.incredibleindia.org,Himachal Tourism / Incredible India,2026-09-14
OCC-0034-2025,EVT-0034,2025,2025-03-01,2025-03-07,Completed,FALSE,https://www.incredibleindia.org,Uttarakhand Tourism / Incredible India,2026-09-14
OCC-0034-2026,EVT-0034,2026,2026-03-01,2026-03-07,Estimated,FALSE,https://www.incredibleindia.org,Uttarakhand Tourism / Incredible India,2026-09-14
OCC-0034-2027,EVT-0034,2027,2027-03-01,2027-03-07,Projected,FALSE,https://www.incredibleindia.org,Uttarakhand Tourism / Incredible India,2026-09-14
OCC-0034-2028,EVT-0034,2028,2028-03-01,2028-03-07,Projected,FALSE,https://www.incredibleindia.org,Uttarakhand Tourism / Incredible India,2026-09-14
OCC-0035-2025,EVT-0035,2025,2025-01-14,2025-04-14,Completed,FALSE,https://www.incredibleindia.org,Uttarakhand Tourism / Incredible India,2026-09-14
OCC-0035-2026,EVT-0035,2026,2026-01-14,2026-04-14,Estimated,FALSE,https://www.incredibleindia.org,Uttarakhand Tourism / Incredible India,2026-09-14
OCC-0035-2027,EVT-0035,2027,2027-01-14,2027-04-14,Projected,FALSE,https://www.incredibleindia.org,Uttarakhand Tourism / Incredible India,2026-09-14
OCC-0035-2028,EVT-0035,2028,2028-01-14,2028-04-14,Projected,FALSE,https://www.incredibleindia.org,Uttarakhand Tourism / Incredible India,2026-09-14
OCC-0036-2025,EVT-0036,2025,2025-03-04,2025-03-06,Completed,FALSE,https://www.incredibleindia.org,Punjab Tourism / Incredible India,2026-09-14
OCC-0036-2026,EVT-0036,2026,2026-03-04,2026-03-06,Estimated,FALSE,https://www.incredibleindia.org,Punjab Tourism / Incredible India,2026-09-14
OCC-0036-2027,EVT-0036,2027,2027-03-04,2027-03-06,Projected,FALSE,https://www.incredibleindia.org,Punjab Tourism / Incredible India,2026-09-14
OCC-0036-2028,EVT-0036,2028,2028-03-04,2028-03-06,Projected,FALSE,https://www.incredibleindia.org,Punjab Tourism / Incredible India,2026-09-14
OCC-0037-2025,EVT-0037,2025,2025-01-13,2025-01-13,Completed,FALSE,https://www.incredibleindia.org,Punjab Tourism / Incredible India,2026-09-14
OCC-0037-2026,EVT-0037,2026,2026-01-13,2026-01-13,Estimated,FALSE,https://www.incredibleindia.org,Punjab Tourism / Incredible India,2026-09-14
OCC-0037-2027,EVT-0037,2027,2027-01-13,2027-01-13,Projected,FALSE,https://www.incredibleindia.org,Punjab Tourism / Incredible India,2026-09-14
OCC-0037-2028,EVT-0037,2028,2028-01-13,2028-01-13,Projected,FALSE,https://www.incredibleindia.org,Punjab Tourism / Incredible India,2026-09-14
OCC-0038-2025,EVT-0038,2025,2025-03-25,2025-04-15,Completed,FALSE,https://www.incredibleindia.org,J&K Tourism / Incredible India,2026-09-14
OCC-0038-2026,EVT-0038,2026,2026-03-25,2026-04-15,Estimated,FALSE,https://www.incredibleindia.org,J&K Tourism / Incredible India,2026-09-14
OCC-0038-2027,EVT-0038,2027,2027-03-25,2027-04-15,Projected,FALSE,https://www.incredibleindia.org,J&K Tourism / Incredible India,2026-09-14
OCC-0038-2028,EVT-0038,2028,2028-03-25,2028-04-15,Projected,FALSE,https://www.incredibleindia.org,J&K Tourism / Incredible India,2026-09-14
OCC-0039-2025,EVT-0039,2025,2025-07-10,2025-07-12,Completed,FALSE,https://www.incredibleindia.org,J&K Tourism / Incredible India,2026-09-14
OCC-0039-2026,EVT-0039,2026,2026-07-10,2026-07-12,Estimated,FALSE,https://www.incredibleindia.org,J&K Tourism / Incredible India,2026-09-14
OCC-0039-2027,EVT-0039,2027,2027-07-10,2027-07-12,Projected,FALSE,https://www.incredibleindia.org,J&K Tourism / Incredible India,2026-09-14
OCC-0039-2028,EVT-0039,2028,2028-07-10,2028-07-12,Projected,FALSE,https://www.incredibleindia.org,J&K Tourism / Incredible India,2026-09-14
OCC-0040-2025,EVT-0040,2025,2025-09-24,2025-09-27,Completed,FALSE,https://www.incredibleindia.org,Arunachal Tourism / Incredible India,2026-09-14
OCC-0040-2026,EVT-0040,2026,2026-09-24,2026-09-27,Estimated,FALSE,https://www.incredibleindia.org,Arunachal Tourism / Incredible India,2026-09-14
OCC-0040-2027,EVT-0040,2027,2027-09-24,2027-09-27,Projected,FALSE,https://www.incredibleindia.org,Arunachal Tourism / Incredible India,2026-09-14
OCC-0040-2028,EVT-0040,2028,2028-09-24,2028-09-27,Projected,FALSE,https://www.incredibleindia.org,Arunachal Tourism / Incredible India,2026-09-14
OCC-0041-2025,EVT-0041,2025,2025-10-28,2025-10-31,Completed,FALSE,https://www.incredibleindia.org,Arunachal Tourism / Incredible India,2026-09-14
OCC-0041-2026,EVT-0041,2026,2026-10-28,2026-10-31,Estimated,FALSE,https://www.incredibleindia.org,Arunachal Tourism / Incredible India,2026-09-14
OCC-0041-2027,EVT-0041,2027,2027-10-28,2027-10-31,Projected,FALSE,https://www.incredibleindia.org,Arunachal Tourism / Incredible India,2026-09-14
OCC-0041-2028,EVT-0041,2028,2028-10-28,2028-10-31,Projected,FALSE,https://www.incredibleindia.org,Arunachal Tourism / Incredible India,2026-09-14
OCC-0042-2025,EVT-0042,2025,2025-11-15,2025-11-18,Completed,FALSE,https://www.incredibleindia.org,Meghalaya Tourism / Incredible India,2026-09-14
OCC-0042-2026,EVT-0042,2026,2026-11-15,2026-11-18,Estimated,FALSE,https://www.incredibleindia.org,Meghalaya Tourism / Incredible India,2026-09-14
OCC-0042-2027,EVT-0042,2027,2027-11-15,2027-11-18,Projected,FALSE,https://www.incredibleindia.org,Meghalaya Tourism / Incredible India,2026-09-14
OCC-0042-2028,EVT-0042,2028,2028-11-15,2028-11-18,Projected,FALSE,https://www.incredibleindia.org,Meghalaya Tourism / Incredible India,2026-09-14
OCC-0043-2025,EVT-0043,2025,2025-11-12,2025-11-14,Completed,FALSE,https://www.incredibleindia.org,Meghalaya Tourism / Incredible India,2026-09-14
OCC-0043-2026,EVT-0043,2026,2026-11-12,2026-11-14,Estimated,FALSE,https://www.incredibleindia.org,Meghalaya Tourism / Incredible India,2026-09-14
OCC-0043-2027,EVT-0043,2027,2027-11-12,2027-11-14,Projected,FALSE,https://www.incredibleindia.org,Meghalaya Tourism / Incredible India,2026-09-14
OCC-0043-2028,EVT-0043,2028,2028-11-12,2028-11-14,Projected,FALSE,https://www.incredibleindia.org,Meghalaya Tourism / Incredible India,2026-09-14
OCC-0044-2025,EVT-0044,2025,2025-11-21,2025-11-30,Completed,FALSE,https://www.incredibleindia.org,Manipur Tourism / Incredible India,2026-09-14
OCC-0044-2026,EVT-0044,2026,2026-11-21,2026-11-30,Estimated,FALSE,https://www.incredibleindia.org,Manipur Tourism / Incredible India,2026-09-14
OCC-0044-2027,EVT-0044,2027,2027-11-21,2027-11-30,Projected,FALSE,https://www.incredibleindia.org,Manipur Tourism / Incredible India,2026-09-14
OCC-0044-2028,EVT-0044,2028,2028-11-21,2028-11-30,Projected,FALSE,https://www.incredibleindia.org,Manipur Tourism / Incredible India,2026-09-14
OCC-0045-2025,EVT-0045,2025,2025-03-06,2025-03-07,Completed,FALSE,https://www.incredibleindia.org,Mizoram Tourism / Incredible India,2026-09-14
OCC-0045-2026,EVT-0045,2026,2026-03-06,2026-03-07,Estimated,FALSE,https://www.incredibleindia.org,Mizoram Tourism / Incredible India,2026-09-14
OCC-0045-2027,EVT-0045,2027,2027-03-06,2027-03-07,Projected,FALSE,https://www.incredibleindia.org,Mizoram Tourism / Incredible India,2026-09-14
OCC-0045-2028,EVT-0045,2028,2028-03-06,2028-03-07,Projected,FALSE,https://www.incredibleindia.org,Mizoram Tourism / Incredible India,2026-09-14
OCC-0046-2025,EVT-0046,2025,2025-11-03,2025-11-05,Completed,FALSE,https://www.incredibleindia.org,Karnataka Tourism / Incredible India,2026-09-14
OCC-0046-2026,EVT-0046,2026,2026-11-03,2026-11-05,Estimated,FALSE,https://www.incredibleindia.org,Karnataka Tourism / Incredible India,2026-09-14
OCC-0046-2027,EVT-0046,2027,2027-11-03,2027-11-05,Projected,FALSE,https://www.incredibleindia.org,Karnataka Tourism / Incredible India,2026-09-14
OCC-0046-2028,EVT-0046,2028,2028-11-03,2028-11-05,Projected,FALSE,https://www.incredibleindia.org,Karnataka Tourism / Incredible India,2026-09-14
OCC-0047-2025,EVT-0047,2025,2025-04-11,2025-04-12,Completed,FALSE,https://www.incredibleindia.org,Karnataka Tourism / Incredible India,2026-09-14
OCC-0047-2026,EVT-0047,2026,2026-04-11,2026-04-12,Estimated,FALSE,https://www.incredibleindia.org,Karnataka Tourism / Incredible India,2026-09-14
OCC-0047-2027,EVT-0047,2027,2027-04-11,2027-04-12,Projected,FALSE,https://www.incredibleindia.org,Karnataka Tourism / Incredible India,2026-09-14
OCC-0047-2028,EVT-0047,2028,2028-04-11,2028-04-12,Projected,FALSE,https://www.incredibleindia.org,Karnataka Tourism / Incredible India,2026-09-14
OCC-0048-2025,EVT-0048,2025,2025-08-15,2025-10-23,Completed,FALSE,https://www.incredibleindia.org,Chhattisgarh Tourism / Incredible India,2026-09-14
OCC-0048-2026,EVT-0048,2026,2026-08-15,2026-10-23,Estimated,FALSE,https://www.incredibleindia.org,Chhattisgarh Tourism / Incredible India,2026-09-14
OCC-0048-2027,EVT-0048,2027,2027-08-15,2027-10-23,Projected,FALSE,https://www.incredibleindia.org,Chhattisgarh Tourism / Incredible India,2026-09-14
OCC-0048-2028,EVT-0048,2028,2028-08-15,2028-10-23,Projected,FALSE,https://www.incredibleindia.org,Chhattisgarh Tourism / Incredible India,2026-09-14
OCC-0049-2025,EVT-0049,2025,2025-03-18,2025-03-24,Completed,FALSE,https://www.incredibleindia.org,MP Tourism / Incredible India,2026-09-14
OCC-0049-2026,EVT-0049,2026,2026-03-18,2026-03-24,Estimated,FALSE,https://www.incredibleindia.org,MP Tourism / Incredible India,2026-09-14
OCC-0049-2027,EVT-0049,2027,2027-03-18,2027-03-24,Projected,FALSE,https://www.incredibleindia.org,MP Tourism / Incredible India,2026-09-14
OCC-0049-2028,EVT-0049,2028,2028-03-18,2028-03-24,Projected,FALSE,https://www.incredibleindia.org,MP Tourism / Incredible India,2026-09-14
OCC-0050-2025,EVT-0050,2025,2025-12-22,2025-12-26,Completed,FALSE,https://www.incredibleindia.org,MP Tourism / Incredible India,2026-09-14
OCC-0050-2026,EVT-0050,2026,2026-12-22,2026-12-26,Estimated,FALSE,https://www.incredibleindia.org,MP Tourism / Incredible India,2026-09-14
OCC-0050-2027,EVT-0050,2027,2027-12-22,2027-12-26,Projected,FALSE,https://www.incredibleindia.org,MP Tourism / Incredible India,2026-09-14
OCC-0050-2028,EVT-0050,2028,2028-12-22,2028-12-26,Projected,FALSE,https://www.incredibleindia.org,MP Tourism / Incredible India,2026-09-14
OCC-0051-2025,EVT-0051,2025,2025-03-15,2025-03-16,Completed,FALSE,https://www.incredibleindia.org,UP Tourism / Incredible India,2026-09-14
OCC-0051-2026,EVT-0051,2026,2026-03-15,2026-03-16,Estimated,FALSE,https://www.incredibleindia.org,UP Tourism / Incredible India,2026-09-14
OCC-0051-2027,EVT-0051,2027,2027-03-15,2027-03-16,Projected,FALSE,https://www.incredibleindia.org,UP Tourism / Incredible India,2026-09-14
OCC-0051-2028,EVT-0051,2028,2028-03-15,2028-03-16,Projected,FALSE,https://www.incredibleindia.org,UP Tourism / Incredible India,2026-09-14
OCC-0052-2025,EVT-0052,2025,2025-11-24,2025-11-24,Completed,FALSE,https://www.incredibleindia.org,UP Tourism / Incredible India,2026-09-14
OCC-0052-2026,EVT-0052,2026,2026-11-24,2026-11-24,Estimated,FALSE,https://www.incredibleindia.org,UP Tourism / Incredible India,2026-09-14
OCC-0052-2027,EVT-0052,2027,2027-11-24,2027-11-24,Projected,FALSE,https://www.incredibleindia.org,UP Tourism / Incredible India,2026-09-14
OCC-0052-2028,EVT-0052,2028,2028-11-24,2028-11-24,Projected,FALSE,https://www.incredibleindia.org,UP Tourism / Incredible India,2026-09-14
OCC-0053-2025,EVT-0053,2025,2025-02-18,2025-02-27,Completed,FALSE,https://www.incredibleindia.org,UP Tourism / Incredible India,2026-09-14
OCC-0053-2026,EVT-0053,2026,2026-02-18,2026-02-27,Estimated,FALSE,https://www.incredibleindia.org,UP Tourism / Incredible India,2026-09-14
OCC-0053-2027,EVT-0053,2027,2027-02-18,2027-02-27,Projected,FALSE,https://www.incredibleindia.org,UP Tourism / Incredible India,2026-09-14
OCC-0053-2028,EVT-0053,2028,2028-02-18,2028-02-27,Projected,FALSE,https://www.incredibleindia.org,UP Tourism / Incredible India,2026-09-14
OCC-0054-2025,EVT-0054,2025,2025-11-28,2025-11-30,Completed,FALSE,https://www.incredibleindia.org,Bihar Tourism / Incredible India,2026-09-14
OCC-0054-2026,EVT-0054,2026,2026-11-28,2026-11-30,Estimated,FALSE,https://www.incredibleindia.org,Bihar Tourism / Incredible India,2026-09-14
OCC-0054-2027,EVT-0054,2027,2027-11-28,2027-11-30,Projected,FALSE,https://www.incredibleindia.org,Bihar Tourism / Incredible India,2026-09-14
OCC-0054-2028,EVT-0054,2028,2028-11-28,2028-11-30,Projected,FALSE,https://www.incredibleindia.org,Bihar Tourism / Incredible India,2026-09-14
OCC-0055-2025,EVT-0055,2025,2025-11-20,2025-12-20,Completed,FALSE,https://www.incredibleindia.org,Bihar Tourism / Incredible India,2026-09-14
OCC-0055-2026,EVT-0055,2026,2026-11-20,2026-12-20,Estimated,FALSE,https://www.incredibleindia.org,Bihar Tourism / Incredible India,2026-09-14
OCC-0055-2027,EVT-0055,2027,2027-11-20,2027-12-20,Projected,FALSE,https://www.incredibleindia.org,Bihar Tourism / Incredible India,2026-09-14
OCC-0055-2028,EVT-0055,2028,2028-11-20,2028-12-20,Projected,FALSE,https://www.incredibleindia.org,Bihar Tourism / Incredible India,2026-09-14
OCC-0056-2025,EVT-0056,2025,2025-01-15,2025-01-18,Completed,FALSE,https://www.incredibleindia.org,Andaman and Nicobar Islands Tourism Development Corporation,2026-09-14
OCC-0056-2026,EVT-0056,2026,2026-01-15,2026-01-18,Estimated,FALSE,https://www.incredibleindia.org,Andaman and Nicobar Islands Tourism Development Corporation,2026-09-14
OCC-0056-2027,EVT-0056,2027,2027-01-15,2027-01-18,Projected,FALSE,https://www.incredibleindia.org,Andaman and Nicobar Islands Tourism Development Corporation,2026-09-14
OCC-0056-2028,EVT-0056,2028,2028-01-15,2028-01-18,Projected,FALSE,https://www.incredibleindia.org,Andaman and Nicobar Islands Tourism Development Corporation,2026-09-14
OCC-0057-2025,EVT-0057,2025,2025-02-15,2025-02-18,Completed,FALSE,https://www.incredibleindia.org,Andhra Pradesh Tourism Development Corporation,2026-09-14
OCC-0057-2026,EVT-0057,2026,2026-02-15,2026-02-18,Estimated,FALSE,https://www.incredibleindia.org,Andhra Pradesh Tourism Development Corporation,2026-09-14
OCC-0057-2027,EVT-0057,2027,2027-02-15,2027-02-18,Projected,FALSE,https://www.incredibleindia.org,Andhra Pradesh Tourism Development Corporation,2026-09-14
OCC-0057-2028,EVT-0057,2028,2028-02-15,2028-02-18,Projected,FALSE,https://www.incredibleindia.org,Andhra Pradesh Tourism Development Corporation,2026-09-14
OCC-0058-2025,EVT-0058,2025,2025-12-15,2025-12-18,Completed,FALSE,https://www.incredibleindia.org,Andhra Pradesh Tourism Development Corporation,2026-09-14
OCC-0058-2026,EVT-0058,2026,2026-12-15,2026-12-18,Estimated,FALSE,https://www.incredibleindia.org,Andhra Pradesh Tourism Development Corporation,2026-09-14
OCC-0058-2027,EVT-0058,2027,2027-12-15,2027-12-18,Projected,FALSE,https://www.incredibleindia.org,Andhra Pradesh Tourism Development Corporation,2026-09-14
OCC-0058-2028,EVT-0058,2028,2028-12-15,2028-12-18,Projected,FALSE,https://www.incredibleindia.org,Andhra Pradesh Tourism Development Corporation,2026-09-14
OCC-0059-2025,EVT-0059,2025,2025-01-15,2025-01-18,Completed,FALSE,https://www.incredibleindia.org,Arunachal Pradesh Tourism Development Corporation,2026-09-14
OCC-0059-2026,EVT-0059,2026,2026-01-15,2026-01-18,Estimated,FALSE,https://www.incredibleindia.org,Arunachal Pradesh Tourism Development Corporation,2026-09-14
OCC-0059-2027,EVT-0059,2027,2027-01-15,2027-01-18,Projected,FALSE,https://www.incredibleindia.org,Arunachal Pradesh Tourism Development Corporation,2026-09-14
OCC-0059-2028,EVT-0059,2028,2028-01-15,2028-01-18,Projected,FALSE,https://www.incredibleindia.org,Arunachal Pradesh Tourism Development Corporation,2026-09-14
OCC-0060-2025,EVT-0060,2025,2025-09-15,2025-09-18,Completed,FALSE,https://www.incredibleindia.org,Arunachal Pradesh Tourism Development Corporation,2026-09-14
OCC-0060-2026,EVT-0060,2026,2026-09-15,2026-09-18,Estimated,FALSE,https://www.incredibleindia.org,Arunachal Pradesh Tourism Development Corporation,2026-09-14
OCC-0060-2027,EVT-0060,2027,2027-09-15,2027-09-18,Projected,FALSE,https://www.incredibleindia.org,Arunachal Pradesh Tourism Development Corporation,2026-09-14
OCC-0060-2028,EVT-0060,2028,2028-09-15,2028-09-18,Projected,FALSE,https://www.incredibleindia.org,Arunachal Pradesh Tourism Development Corporation,2026-09-14
OCC-0061-2025,EVT-0061,2025,2025-11-15,2025-11-18,Completed,FALSE,https://www.incredibleindia.org,Assam Tourism Development Corporation,2026-09-14
OCC-0061-2026,EVT-0061,2026,2026-11-15,2026-11-18,Estimated,FALSE,https://www.incredibleindia.org,Assam Tourism Development Corporation,2026-09-14
OCC-0061-2027,EVT-0061,2027,2027-11-15,2027-11-18,Projected,FALSE,https://www.incredibleindia.org,Assam Tourism Development Corporation,2026-09-14
OCC-0061-2028,EVT-0061,2028,2028-11-15,2028-11-18,Projected,FALSE,https://www.incredibleindia.org,Assam Tourism Development Corporation,2026-09-14
OCC-0062-2025,EVT-0062,2025,2025-01-15,2025-01-18,Completed,FALSE,https://www.incredibleindia.org,Assam Tourism Development Corporation,2026-09-14
OCC-0062-2026,EVT-0062,2026,2026-01-15,2026-01-18,Estimated,FALSE,https://www.incredibleindia.org,Assam Tourism Development Corporation,2026-09-14
OCC-0062-2027,EVT-0062,2027,2027-01-15,2027-01-18,Projected,FALSE,https://www.incredibleindia.org,Assam Tourism Development Corporation,2026-09-14
OCC-0062-2028,EVT-0062,2028,2028-01-15,2028-01-18,Projected,FALSE,https://www.incredibleindia.org,Assam Tourism Development Corporation,2026-09-14
OCC-0063-2025,EVT-0063,2025,2025-05-15,2025-05-18,Completed,FALSE,https://www.incredibleindia.org,Bihar Tourism Development Corporation,2026-09-14
OCC-0063-2026,EVT-0063,2026,2026-05-15,2026-05-18,Estimated,FALSE,https://www.incredibleindia.org,Bihar Tourism Development Corporation,2026-09-14
OCC-0063-2027,EVT-0063,2027,2027-05-15,2027-05-18,Projected,FALSE,https://www.incredibleindia.org,Bihar Tourism Development Corporation,2026-09-14
OCC-0063-2028,EVT-0063,2028,2028-05-15,2028-05-18,Projected,FALSE,https://www.incredibleindia.org,Bihar Tourism Development Corporation,2026-09-14
OCC-0064-2025,EVT-0064,2025,2025-04-15,2025-04-18,Completed,FALSE,https://www.incredibleindia.org,Bihar Tourism Development Corporation,2026-09-14
OCC-0064-2026,EVT-0064,2026,2026-04-15,2026-04-18,Estimated,FALSE,https://www.incredibleindia.org,Bihar Tourism Development Corporation,2026-09-14
OCC-0064-2027,EVT-0064,2027,2027-04-15,2027-04-18,Projected,FALSE,https://www.incredibleindia.org,Bihar Tourism Development Corporation,2026-09-14
OCC-0064-2028,EVT-0064,2028,2028-04-15,2028-04-18,Projected,FALSE,https://www.incredibleindia.org,Bihar Tourism Development Corporation,2026-09-14
OCC-0065-2025,EVT-0065,2025,2025-02-15,2025-02-18,Completed,FALSE,https://www.incredibleindia.org,Chandigarh Tourism Development Corporation,2026-09-14
OCC-0065-2026,EVT-0065,2026,2026-02-15,2026-02-18,Estimated,FALSE,https://www.incredibleindia.org,Chandigarh Tourism Development Corporation,2026-09-14
OCC-0065-2027,EVT-0065,2027,2027-02-15,2027-02-18,Projected,FALSE,https://www.incredibleindia.org,Chandigarh Tourism Development Corporation,2026-09-14
OCC-0065-2028,EVT-0065,2028,2028-02-15,2028-02-18,Projected,FALSE,https://www.incredibleindia.org,Chandigarh Tourism Development Corporation,2026-09-14
OCC-0066-2025,EVT-0066,2025,2025-01-15,2025-01-18,Completed,FALSE,https://www.incredibleindia.org,Chhattisgarh Tourism Development Corporation,2026-09-14
OCC-0066-2026,EVT-0066,2026,2026-01-15,2026-01-18,Estimated,FALSE,https://www.incredibleindia.org,Chhattisgarh Tourism Development Corporation,2026-09-14
OCC-0066-2027,EVT-0066,2027,2027-01-15,2027-01-18,Projected,FALSE,https://www.incredibleindia.org,Chhattisgarh Tourism Development Corporation,2026-09-14
OCC-0066-2028,EVT-0066,2028,2028-01-15,2028-01-18,Projected,FALSE,https://www.incredibleindia.org,Chhattisgarh Tourism Development Corporation,2026-09-14
OCC-0067-2025,EVT-0067,2025,2025-12-15,2025-12-18,Completed,FALSE,https://www.incredibleindia.org,Dadra and Nagar Haveli and Daman and Diu Tourism Development Corporation,2026-09-14
OCC-0067-2026,EVT-0067,2026,2026-12-15,2026-12-18,Estimated,FALSE,https://www.incredibleindia.org,Dadra and Nagar Haveli and Daman and Diu Tourism Development Corporation,2026-09-14
OCC-0067-2027,EVT-0067,2027,2027-12-15,2027-12-18,Projected,FALSE,https://www.incredibleindia.org,Dadra and Nagar Haveli and Daman and Diu Tourism Development Corporation,2026-09-14
OCC-0067-2028,EVT-0067,2028,2028-12-15,2028-12-18,Projected,FALSE,https://www.incredibleindia.org,Dadra and Nagar Haveli and Daman and Diu Tourism Development Corporation,2026-09-14
OCC-0068-2025,EVT-0068,2025,2025-11-15,2025-11-18,Completed,FALSE,https://www.incredibleindia.org,Delhi Tourism Development Corporation,2026-09-14
OCC-0068-2026,EVT-0068,2026,2026-11-15,2026-11-18,Estimated,FALSE,https://www.incredibleindia.org,Delhi Tourism Development Corporation,2026-09-14
OCC-0068-2027,EVT-0068,2027,2027-11-15,2027-11-18,Projected,FALSE,https://www.incredibleindia.org,Delhi Tourism Development Corporation,2026-09-14
OCC-0068-2028,EVT-0068,2028,2028-11-15,2028-11-18,Projected,FALSE,https://www.incredibleindia.org,Delhi Tourism Development Corporation,2026-09-14
OCC-0069-2025,EVT-0069,2025,2025-11-15,2025-11-18,Completed,FALSE,https://www.incredibleindia.org,Delhi Tourism Development Corporation,2026-09-14
OCC-0069-2026,EVT-0069,2026,2026-11-15,2026-11-18,Estimated,FALSE,https://www.incredibleindia.org,Delhi Tourism Development Corporation,2026-09-14
OCC-0069-2027,EVT-0069,2027,2027-11-15,2027-11-18,Projected,FALSE,https://www.incredibleindia.org,Delhi Tourism Development Corporation,2026-09-14
OCC-0069-2028,EVT-0069,2028,2028-11-15,2028-11-18,Projected,FALSE,https://www.incredibleindia.org,Delhi Tourism Development Corporation,2026-09-14
OCC-0070-2025,EVT-0070,2025,2025-03-15,2025-03-18,Completed,FALSE,https://www.incredibleindia.org,Goa Tourism Development Corporation,2026-09-14
OCC-0070-2026,EVT-0070,2026,2026-03-15,2026-03-18,Estimated,FALSE,https://www.incredibleindia.org,Goa Tourism Development Corporation,2026-09-14
OCC-0070-2027,EVT-0070,2027,2027-03-15,2027-03-18,Projected,FALSE,https://www.incredibleindia.org,Goa Tourism Development Corporation,2026-09-14
OCC-0070-2028,EVT-0070,2028,2028-03-15,2028-03-18,Projected,FALSE,https://www.incredibleindia.org,Goa Tourism Development Corporation,2026-09-14
OCC-0071-2025,EVT-0071,2025,2025-01-15,2025-01-18,Completed,FALSE,https://www.incredibleindia.org,Gujarat Tourism Development Corporation,2026-09-14
OCC-0071-2026,EVT-0071,2026,2026-01-15,2026-01-18,Estimated,FALSE,https://www.incredibleindia.org,Gujarat Tourism Development Corporation,2026-09-14
OCC-0071-2027,EVT-0071,2027,2027-01-15,2027-01-18,Projected,FALSE,https://www.incredibleindia.org,Gujarat Tourism Development Corporation,2026-09-14
OCC-0071-2028,EVT-0071,2028,2028-01-15,2028-01-18,Projected,FALSE,https://www.incredibleindia.org,Gujarat Tourism Development Corporation,2026-09-14
OCC-0072-2025,EVT-0072,2025,2025-02-15,2025-02-18,Completed,FALSE,https://www.incredibleindia.org,Gujarat Tourism Development Corporation,2026-09-14
OCC-0072-2026,EVT-0072,2026,2026-02-15,2026-02-18,Estimated,FALSE,https://www.incredibleindia.org,Gujarat Tourism Development Corporation,2026-09-14
OCC-0072-2027,EVT-0072,2027,2027-02-15,2027-02-18,Projected,FALSE,https://www.incredibleindia.org,Gujarat Tourism Development Corporation,2026-09-14
OCC-0072-2028,EVT-0072,2028,2028-02-15,2028-02-18,Projected,FALSE,https://www.incredibleindia.org,Gujarat Tourism Development Corporation,2026-09-14
OCC-0073-2025,EVT-0073,2025,2025-12-15,2025-12-18,Completed,FALSE,https://www.incredibleindia.org,Haryana Tourism Development Corporation,2026-09-14
OCC-0073-2026,EVT-0073,2026,2026-12-15,2026-12-18,Estimated,FALSE,https://www.incredibleindia.org,Haryana Tourism Development Corporation,2026-09-14
OCC-0073-2027,EVT-0073,2027,2027-12-15,2027-12-18,Projected,FALSE,https://www.incredibleindia.org,Haryana Tourism Development Corporation,2026-09-14
OCC-0073-2028,EVT-0073,2028,2028-12-15,2028-12-18,Projected,FALSE,https://www.incredibleindia.org,Haryana Tourism Development Corporation,2026-09-14
OCC-0074-2025,EVT-0074,2025,2025-12-15,2025-12-18,Completed,FALSE,https://www.incredibleindia.org,Haryana Tourism Development Corporation,2026-09-14
OCC-0074-2026,EVT-0074,2026,2026-12-15,2026-12-18,Estimated,FALSE,https://www.incredibleindia.org,Haryana Tourism Development Corporation,2026-09-14
OCC-0074-2027,EVT-0074,2027,2027-12-15,2027-12-18,Projected,FALSE,https://www.incredibleindia.org,Haryana Tourism Development Corporation,2026-09-14
OCC-0074-2028,EVT-0074,2028,2028-12-15,2028-12-18,Projected,FALSE,https://www.incredibleindia.org,Haryana Tourism Development Corporation,2026-09-14
OCC-0075-2025,EVT-0075,2025,2025-06-15,2025-06-18,Completed,FALSE,https://www.incredibleindia.org,Himachal Pradesh Tourism Development Corporation,2026-09-14
OCC-0075-2026,EVT-0075,2026,2026-06-15,2026-06-18,Estimated,FALSE,https://www.incredibleindia.org,Himachal Pradesh Tourism Development Corporation,2026-09-14
OCC-0075-2027,EVT-0075,2027,2027-06-15,2027-06-18,Projected,FALSE,https://www.incredibleindia.org,Himachal Pradesh Tourism Development Corporation,2026-09-14
OCC-0075-2028,EVT-0075,2028,2028-06-15,2028-06-18,Projected,FALSE,https://www.incredibleindia.org,Himachal Pradesh Tourism Development Corporation,2026-09-14
OCC-0076-2025,EVT-0076,2025,2025-11-15,2025-11-18,Completed,FALSE,https://www.incredibleindia.org,Himachal Pradesh Tourism Development Corporation,2026-09-14
OCC-0076-2026,EVT-0076,2026,2026-11-15,2026-11-18,Estimated,FALSE,https://www.incredibleindia.org,Himachal Pradesh Tourism Development Corporation,2026-09-14
OCC-0076-2027,EVT-0076,2027,2027-11-15,2027-11-18,Projected,FALSE,https://www.incredibleindia.org,Himachal Pradesh Tourism Development Corporation,2026-09-14
OCC-0076-2028,EVT-0076,2028,2028-11-15,2028-11-18,Projected,FALSE,https://www.incredibleindia.org,Himachal Pradesh Tourism Development Corporation,2026-09-14
OCC-0077-2025,EVT-0077,2025,2025-04-15,2025-04-18,Completed,FALSE,https://www.incredibleindia.org,Jharkhand Tourism Development Corporation,2026-09-14
OCC-0077-2026,EVT-0077,2026,2026-04-15,2026-04-18,Estimated,FALSE,https://www.incredibleindia.org,Jharkhand Tourism Development Corporation,2026-09-14
OCC-0077-2027,EVT-0077,2027,2027-04-15,2027-04-18,Projected,FALSE,https://www.incredibleindia.org,Jharkhand Tourism Development Corporation,2026-09-14
OCC-0077-2028,EVT-0077,2028,2028-04-15,2028-04-18,Projected,FALSE,https://www.incredibleindia.org,Jharkhand Tourism Development Corporation,2026-09-14
OCC-0078-2025,EVT-0078,2025,2025-07-15,2025-07-18,Completed,FALSE,https://www.incredibleindia.org,Jharkhand Tourism Development Corporation,2026-09-14
OCC-0078-2026,EVT-0078,2026,2026-07-15,2026-07-18,Estimated,FALSE,https://www.incredibleindia.org,Jharkhand Tourism Development Corporation,2026-09-14
OCC-0078-2027,EVT-0078,2027,2027-07-15,2027-07-18,Projected,FALSE,https://www.incredibleindia.org,Jharkhand Tourism Development Corporation,2026-09-14
OCC-0078-2028,EVT-0078,2028,2028-07-15,2028-07-18,Projected,FALSE,https://www.incredibleindia.org,Jharkhand Tourism Development Corporation,2026-09-14
OCC-0079-2025,EVT-0079,2025,2025-01-15,2025-01-18,Completed,FALSE,https://www.incredibleindia.org,Karnataka Tourism Development Corporation,2026-09-14
OCC-0079-2026,EVT-0079,2026,2026-01-15,2026-01-18,Estimated,FALSE,https://www.incredibleindia.org,Karnataka Tourism Development Corporation,2026-09-14
OCC-0079-2027,EVT-0079,2027,2027-01-15,2027-01-18,Projected,FALSE,https://www.incredibleindia.org,Karnataka Tourism Development Corporation,2026-09-14
OCC-0079-2028,EVT-0079,2028,2028-01-15,2028-01-18,Projected,FALSE,https://www.incredibleindia.org,Karnataka Tourism Development Corporation,2026-09-14
OCC-0080-2025,EVT-0080,2025,2025-01-15,2025-01-18,Completed,FALSE,https://www.incredibleindia.org,Karnataka Tourism Development Corporation,2026-09-14
OCC-0080-2026,EVT-0080,2026,2026-01-15,2026-01-18,Estimated,FALSE,https://www.incredibleindia.org,Karnataka Tourism Development Corporation,2026-09-14
OCC-0080-2027,EVT-0080,2027,2027-01-15,2027-01-18,Projected,FALSE,https://www.incredibleindia.org,Karnataka Tourism Development Corporation,2026-09-14
OCC-0080-2028,EVT-0080,2028,2028-01-15,2028-01-18,Projected,FALSE,https://www.incredibleindia.org,Karnataka Tourism Development Corporation,2026-09-14
OCC-0081-2025,EVT-0081,2025,2025-09-15,2025-09-18,Completed,FALSE,https://www.incredibleindia.org,Kerala Tourism Development Corporation,2026-09-14
OCC-0081-2026,EVT-0081,2026,2026-09-15,2026-09-18,Estimated,FALSE,https://www.incredibleindia.org,Kerala Tourism Development Corporation,2026-09-14
OCC-0081-2027,EVT-0081,2027,2027-09-15,2027-09-18,Projected,FALSE,https://www.incredibleindia.org,Kerala Tourism Development Corporation,2026-09-14
OCC-0081-2028,EVT-0081,2028,2028-09-15,2028-09-18,Projected,FALSE,https://www.incredibleindia.org,Kerala Tourism Development Corporation,2026-09-14
OCC-0082-2025,EVT-0082,2025,2025-07-15,2025-07-18,Completed,FALSE,https://www.incredibleindia.org,Kerala Tourism Development Corporation,2026-09-14
OCC-0082-2026,EVT-0082,2026,2026-07-15,2026-07-18,Estimated,FALSE,https://www.incredibleindia.org,Kerala Tourism Development Corporation,2026-09-14
OCC-0082-2027,EVT-0082,2027,2027-07-15,2027-07-18,Projected,FALSE,https://www.incredibleindia.org,Kerala Tourism Development Corporation,2026-09-14
OCC-0082-2028,EVT-0082,2028,2028-07-15,2028-07-18,Projected,FALSE,https://www.incredibleindia.org,Kerala Tourism Development Corporation,2026-09-14
OCC-0083-2025,EVT-0083,2025,2025-07-15,2025-07-18,Completed,FALSE,https://www.incredibleindia.org,Ladakh Tourism Development Corporation,2026-09-14
OCC-0083-2026,EVT-0083,2026,2026-07-15,2026-07-18,Estimated,FALSE,https://www.incredibleindia.org,Ladakh Tourism Development Corporation,2026-09-14
OCC-0083-2027,EVT-0083,2027,2027-07-15,2027-07-18,Projected,FALSE,https://www.incredibleindia.org,Ladakh Tourism Development Corporation,2026-09-14
OCC-0083-2028,EVT-0083,2028,2028-07-15,2028-07-18,Projected,FALSE,https://www.incredibleindia.org,Ladakh Tourism Development Corporation,2026-09-14
OCC-0084-2025,EVT-0084,2025,2025-09-15,2025-09-18,Completed,FALSE,https://www.incredibleindia.org,Ladakh Tourism Development Corporation,2026-09-14
OCC-0084-2026,EVT-0084,2026,2026-09-15,2026-09-18,Estimated,FALSE,https://www.incredibleindia.org,Ladakh Tourism Development Corporation,2026-09-14
OCC-0084-2027,EVT-0084,2027,2027-09-15,2027-09-18,Projected,FALSE,https://www.incredibleindia.org,Ladakh Tourism Development Corporation,2026-09-14
OCC-0084-2028,EVT-0084,2028,2028-09-15,2028-09-18,Projected,FALSE,https://www.incredibleindia.org,Ladakh Tourism Development Corporation,2026-09-14
OCC-0085-2025,EVT-0085,2025,2025-11-15,2025-11-18,Completed,FALSE,https://www.incredibleindia.org,Lakshadweep Tourism Development Corporation,2026-09-14
OCC-0085-2026,EVT-0085,2026,2026-11-15,2026-11-18,Estimated,FALSE,https://www.incredibleindia.org,Lakshadweep Tourism Development Corporation,2026-09-14
OCC-0085-2027,EVT-0085,2027,2027-11-15,2027-11-18,Projected,FALSE,https://www.incredibleindia.org,Lakshadweep Tourism Development Corporation,2026-09-14
OCC-0085-2028,EVT-0085,2028,2028-11-15,2028-11-18,Projected,FALSE,https://www.incredibleindia.org,Lakshadweep Tourism Development Corporation,2026-09-14
OCC-0086-2025,EVT-0086,2025,2025-11-15,2025-11-18,Completed,FALSE,https://www.incredibleindia.org,Madhya Pradesh Tourism Development Corporation,2026-09-14
OCC-0086-2026,EVT-0086,2026,2026-11-15,2026-11-18,Estimated,FALSE,https://www.incredibleindia.org,Madhya Pradesh Tourism Development Corporation,2026-09-14
OCC-0086-2027,EVT-0086,2027,2027-11-15,2027-11-18,Projected,FALSE,https://www.incredibleindia.org,Madhya Pradesh Tourism Development Corporation,2026-09-14
OCC-0086-2028,EVT-0086,2028,2028-11-15,2028-11-18,Projected,FALSE,https://www.incredibleindia.org,Madhya Pradesh Tourism Development Corporation,2026-09-14
OCC-0087-2025,EVT-0087,2025,2025-12-15,2025-12-18,Completed,FALSE,https://www.incredibleindia.org,Madhya Pradesh Tourism Development Corporation,2026-09-14
OCC-0087-2026,EVT-0087,2026,2026-12-15,2026-12-18,Estimated,FALSE,https://www.incredibleindia.org,Madhya Pradesh Tourism Development Corporation,2026-09-14
OCC-0087-2027,EVT-0087,2027,2027-12-15,2027-12-18,Projected,FALSE,https://www.incredibleindia.org,Madhya Pradesh Tourism Development Corporation,2026-09-14
OCC-0087-2028,EVT-0087,2028,2028-12-15,2028-12-18,Projected,FALSE,https://www.incredibleindia.org,Madhya Pradesh Tourism Development Corporation,2026-09-14
OCC-0088-2025,EVT-0088,2025,2025-09-15,2025-09-18,Completed,FALSE,https://www.incredibleindia.org,Maharashtra Tourism Development Corporation,2026-09-14
OCC-0088-2026,EVT-0088,2026,2026-09-15,2026-09-18,Estimated,FALSE,https://www.incredibleindia.org,Maharashtra Tourism Development Corporation,2026-09-14
OCC-0088-2027,EVT-0088,2027,2027-09-15,2027-09-18,Projected,FALSE,https://www.incredibleindia.org,Maharashtra Tourism Development Corporation,2026-09-14
OCC-0088-2028,EVT-0088,2028,2028-09-15,2028-09-18,Projected,FALSE,https://www.incredibleindia.org,Maharashtra Tourism Development Corporation,2026-09-14
OCC-0089-2025,EVT-0089,2025,2025-12-15,2025-12-18,Completed,FALSE,https://www.incredibleindia.org,Maharashtra Tourism Development Corporation,2026-09-14
OCC-0089-2026,EVT-0089,2026,2026-12-15,2026-12-18,Estimated,FALSE,https://www.incredibleindia.org,Maharashtra Tourism Development Corporation,2026-09-14
OCC-0089-2027,EVT-0089,2027,2027-12-15,2027-12-18,Projected,FALSE,https://www.incredibleindia.org,Maharashtra Tourism Development Corporation,2026-09-14
OCC-0089-2028,EVT-0089,2028,2028-12-15,2028-12-18,Projected,FALSE,https://www.incredibleindia.org,Maharashtra Tourism Development Corporation,2026-09-14
OCC-0090-2025,EVT-0090,2025,2025-10-15,2025-10-18,Completed,FALSE,https://www.incredibleindia.org,Manipur Tourism Development Corporation,2026-09-14
OCC-0090-2026,EVT-0090,2026,2026-10-15,2026-10-18,Estimated,FALSE,https://www.incredibleindia.org,Manipur Tourism Development Corporation,2026-09-14
OCC-0090-2027,EVT-0090,2027,2027-10-15,2027-10-18,Projected,FALSE,https://www.incredibleindia.org,Manipur Tourism Development Corporation,2026-09-14
OCC-0090-2028,EVT-0090,2028,2028-10-15,2028-10-18,Projected,FALSE,https://www.incredibleindia.org,Manipur Tourism Development Corporation,2026-09-14
OCC-0091-2025,EVT-0091,2025,2025-10-15,2025-10-18,Completed,FALSE,https://www.incredibleindia.org,Meghalaya Tourism Development Corporation,2026-09-14
OCC-0091-2026,EVT-0091,2026,2026-10-15,2026-10-18,Estimated,FALSE,https://www.incredibleindia.org,Meghalaya Tourism Development Corporation,2026-09-14
OCC-0091-2027,EVT-0091,2027,2027-10-15,2027-10-18,Projected,FALSE,https://www.incredibleindia.org,Meghalaya Tourism Development Corporation,2026-09-14
OCC-0091-2028,EVT-0091,2028,2028-10-15,2028-10-18,Projected,FALSE,https://www.incredibleindia.org,Meghalaya Tourism Development Corporation,2026-09-14
OCC-0092-2025,EVT-0092,2025,2025-11-15,2025-11-18,Completed,FALSE,https://www.incredibleindia.org,Mizoram Tourism Development Corporation,2026-09-14
OCC-0092-2026,EVT-0092,2026,2026-11-15,2026-11-18,Estimated,FALSE,https://www.incredibleindia.org,Mizoram Tourism Development Corporation,2026-09-14
OCC-0092-2027,EVT-0092,2027,2027-11-15,2027-11-18,Projected,FALSE,https://www.incredibleindia.org,Mizoram Tourism Development Corporation,2026-09-14
OCC-0092-2028,EVT-0092,2028,2028-11-15,2028-11-18,Projected,FALSE,https://www.incredibleindia.org,Mizoram Tourism Development Corporation,2026-09-14
OCC-0093-2025,EVT-0093,2025,2025-05-15,2025-05-18,Completed,FALSE,https://www.incredibleindia.org,Nagaland Tourism Development Corporation,2026-09-14
OCC-0093-2026,EVT-0093,2026,2026-05-15,2026-05-18,Estimated,FALSE,https://www.incredibleindia.org,Nagaland Tourism Development Corporation,2026-09-14
OCC-0093-2027,EVT-0093,2027,2027-05-15,2027-05-18,Projected,FALSE,https://www.incredibleindia.org,Nagaland Tourism Development Corporation,2026-09-14
OCC-0093-2028,EVT-0093,2028,2028-05-15,2028-05-18,Projected,FALSE,https://www.incredibleindia.org,Nagaland Tourism Development Corporation,2026-09-14
OCC-0094-2025,EVT-0094,2025,2025-04-15,2025-04-18,Completed,FALSE,https://www.incredibleindia.org,Nagaland Tourism Development Corporation,2026-09-14
OCC-0094-2026,EVT-0094,2026,2026-04-15,2026-04-18,Estimated,FALSE,https://www.incredibleindia.org,Nagaland Tourism Development Corporation,2026-09-14
OCC-0094-2027,EVT-0094,2027,2027-04-15,2027-04-18,Projected,FALSE,https://www.incredibleindia.org,Nagaland Tourism Development Corporation,2026-09-14
OCC-0094-2028,EVT-0094,2028,2028-04-15,2028-04-18,Projected,FALSE,https://www.incredibleindia.org,Nagaland Tourism Development Corporation,2026-09-14
OCC-0095-2025,EVT-0095,2025,2025-01-15,2025-01-18,Completed,FALSE,https://www.incredibleindia.org,Odisha Tourism Development Corporation,2026-09-14
OCC-0095-2026,EVT-0095,2026,2026-01-15,2026-01-18,Estimated,FALSE,https://www.incredibleindia.org,Odisha Tourism Development Corporation,2026-09-14
OCC-0095-2027,EVT-0095,2027,2027-01-15,2027-01-18,Projected,FALSE,https://www.incredibleindia.org,Odisha Tourism Development Corporation,2026-09-14
OCC-0095-2028,EVT-0095,2028,2028-01-15,2028-01-18,Projected,FALSE,https://www.incredibleindia.org,Odisha Tourism Development Corporation,2026-09-14
OCC-0096-2025,EVT-0096,2025,2025-04-15,2025-04-18,Completed,FALSE,https://www.incredibleindia.org,Odisha Tourism Development Corporation,2026-09-14
OCC-0096-2026,EVT-0096,2026,2026-04-15,2026-04-18,Estimated,FALSE,https://www.incredibleindia.org,Odisha Tourism Development Corporation,2026-09-14
OCC-0096-2027,EVT-0096,2027,2027-04-15,2027-04-18,Projected,FALSE,https://www.incredibleindia.org,Odisha Tourism Development Corporation,2026-09-14
OCC-0096-2028,EVT-0096,2028,2028-04-15,2028-04-18,Projected,FALSE,https://www.incredibleindia.org,Odisha Tourism Development Corporation,2026-09-14
OCC-0097-2025,EVT-0097,2025,2025-02-15,2025-02-18,Completed,FALSE,https://www.incredibleindia.org,Puducherry Tourism Development Corporation,2026-09-14
OCC-0097-2026,EVT-0097,2026,2026-02-15,2026-02-18,Estimated,FALSE,https://www.incredibleindia.org,Puducherry Tourism Development Corporation,2026-09-14
OCC-0097-2027,EVT-0097,2027,2027-02-15,2027-02-18,Projected,FALSE,https://www.incredibleindia.org,Puducherry Tourism Development Corporation,2026-09-14
OCC-0097-2028,EVT-0097,2028,2028-02-15,2028-02-18,Projected,FALSE,https://www.incredibleindia.org,Puducherry Tourism Development Corporation,2026-09-14
OCC-0098-2025,EVT-0098,2025,2025-02-15,2025-02-18,Completed,FALSE,https://www.incredibleindia.org,Puducherry Tourism Development Corporation,2026-09-14
OCC-0098-2026,EVT-0098,2026,2026-02-15,2026-02-18,Estimated,FALSE,https://www.incredibleindia.org,Puducherry Tourism Development Corporation,2026-09-14
OCC-0098-2027,EVT-0098,2027,2027-02-15,2027-02-18,Projected,FALSE,https://www.incredibleindia.org,Puducherry Tourism Development Corporation,2026-09-14
OCC-0098-2028,EVT-0098,2028,2028-02-15,2028-02-18,Projected,FALSE,https://www.incredibleindia.org,Puducherry Tourism Development Corporation,2026-09-14
OCC-0099-2025,EVT-0099,2025,2025-02-15,2025-02-18,Completed,FALSE,https://www.incredibleindia.org,Punjab Tourism Development Corporation,2026-09-14
OCC-0099-2026,EVT-0099,2026,2026-02-15,2026-02-18,Estimated,FALSE,https://www.incredibleindia.org,Punjab Tourism Development Corporation,2026-09-14
OCC-0099-2027,EVT-0099,2027,2027-02-15,2027-02-18,Projected,FALSE,https://www.incredibleindia.org,Punjab Tourism Development Corporation,2026-09-14
OCC-0099-2028,EVT-0099,2028,2028-02-15,2028-02-18,Projected,FALSE,https://www.incredibleindia.org,Punjab Tourism Development Corporation,2026-09-14
OCC-0100-2025,EVT-0100,2025,2025-02-15,2025-02-18,Completed,FALSE,https://www.incredibleindia.org,Punjab Tourism Development Corporation,2026-09-14
OCC-0100-2026,EVT-0100,2026,2026-02-15,2026-02-18,Estimated,FALSE,https://www.incredibleindia.org,Punjab Tourism Development Corporation,2026-09-14
OCC-0100-2027,EVT-0100,2027,2027-02-15,2027-02-18,Projected,FALSE,https://www.incredibleindia.org,Punjab Tourism Development Corporation,2026-09-14
OCC-0100-2028,EVT-0100,2028,2028-02-15,2028-02-18,Projected,FALSE,https://www.incredibleindia.org,Punjab Tourism Development Corporation,2026-09-14
OCC-0101-2025,EVT-0101,2025,2025-01-15,2025-01-18,Completed,FALSE,https://www.incredibleindia.org,Rajasthan Tourism Development Corporation,2026-09-14
OCC-0101-2026,EVT-0101,2026,2026-01-15,2026-01-18,Estimated,FALSE,https://www.incredibleindia.org,Rajasthan Tourism Development Corporation,2026-09-14
OCC-0101-2027,EVT-0101,2027,2027-01-15,2027-01-18,Projected,FALSE,https://www.incredibleindia.org,Rajasthan Tourism Development Corporation,2026-09-14
OCC-0101-2028,EVT-0101,2028,2028-01-15,2028-01-18,Projected,FALSE,https://www.incredibleindia.org,Rajasthan Tourism Development Corporation,2026-09-14
OCC-0102-2025,EVT-0102,2025,2025-03-15,2025-03-18,Completed,FALSE,https://www.incredibleindia.org,Rajasthan Tourism Development Corporation,2026-09-14
OCC-0102-2026,EVT-0102,2026,2026-03-15,2026-03-18,Estimated,FALSE,https://www.incredibleindia.org,Rajasthan Tourism Development Corporation,2026-09-14
OCC-0102-2027,EVT-0102,2027,2027-03-15,2027-03-18,Projected,FALSE,https://www.incredibleindia.org,Rajasthan Tourism Development Corporation,2026-09-14
OCC-0102-2028,EVT-0102,2028,2028-03-15,2028-03-18,Projected,FALSE,https://www.incredibleindia.org,Rajasthan Tourism Development Corporation,2026-09-14
OCC-0103-2025,EVT-0103,2025,2025-05-15,2025-05-18,Completed,FALSE,https://www.incredibleindia.org,Rajasthan Tourism Development Corporation,2026-09-14
OCC-0103-2026,EVT-0103,2026,2026-05-15,2026-05-18,Estimated,FALSE,https://www.incredibleindia.org,Rajasthan Tourism Development Corporation,2026-09-14
OCC-0103-2027,EVT-0103,2027,2027-05-15,2027-05-18,Projected,FALSE,https://www.incredibleindia.org,Rajasthan Tourism Development Corporation,2026-09-14
OCC-0103-2028,EVT-0103,2028,2028-05-15,2028-05-18,Projected,FALSE,https://www.incredibleindia.org,Rajasthan Tourism Development Corporation,2026-09-14
OCC-0104-2025,EVT-0104,2025,2025-12-15,2025-12-18,Completed,FALSE,https://www.incredibleindia.org,Sikkim Tourism Development Corporation,2026-09-14
OCC-0104-2026,EVT-0104,2026,2026-12-15,2026-12-18,Estimated,FALSE,https://www.incredibleindia.org,Sikkim Tourism Development Corporation,2026-09-14
OCC-0104-2027,EVT-0104,2027,2027-12-15,2027-12-18,Projected,FALSE,https://www.incredibleindia.org,Sikkim Tourism Development Corporation,2026-09-14
OCC-0104-2028,EVT-0104,2028,2028-12-15,2028-12-18,Projected,FALSE,https://www.incredibleindia.org,Sikkim Tourism Development Corporation,2026-09-14
OCC-0105-2025,EVT-0105,2025,2025-09-15,2025-09-18,Completed,FALSE,https://www.incredibleindia.org,Sikkim Tourism Development Corporation,2026-09-14
OCC-0105-2026,EVT-0105,2026,2026-09-15,2026-09-18,Estimated,FALSE,https://www.incredibleindia.org,Sikkim Tourism Development Corporation,2026-09-14
OCC-0105-2027,EVT-0105,2027,2027-09-15,2027-09-18,Projected,FALSE,https://www.incredibleindia.org,Sikkim Tourism Development Corporation,2026-09-14
OCC-0105-2028,EVT-0105,2028,2028-09-15,2028-09-18,Projected,FALSE,https://www.incredibleindia.org,Sikkim Tourism Development Corporation,2026-09-14
OCC-0106-2025,EVT-0106,2025,2025-02-15,2025-02-18,Completed,FALSE,https://www.incredibleindia.org,Tamil Nadu Tourism Development Corporation,2026-09-14
OCC-0106-2026,EVT-0106,2026,2026-02-15,2026-02-18,Estimated,FALSE,https://www.incredibleindia.org,Tamil Nadu Tourism Development Corporation,2026-09-14
OCC-0106-2027,EVT-0106,2027,2027-02-15,2027-02-18,Projected,FALSE,https://www.incredibleindia.org,Tamil Nadu Tourism Development Corporation,2026-09-14
OCC-0106-2028,EVT-0106,2028,2028-02-15,2028-02-18,Projected,FALSE,https://www.incredibleindia.org,Tamil Nadu Tourism Development Corporation,2026-09-14
OCC-0107-2025,EVT-0107,2025,2025-01-15,2025-01-18,Completed,FALSE,https://www.incredibleindia.org,Tamil Nadu Tourism Development Corporation,2026-09-14
OCC-0107-2026,EVT-0107,2026,2026-01-15,2026-01-18,Estimated,FALSE,https://www.incredibleindia.org,Tamil Nadu Tourism Development Corporation,2026-09-14
OCC-0107-2027,EVT-0107,2027,2027-01-15,2027-01-18,Projected,FALSE,https://www.incredibleindia.org,Tamil Nadu Tourism Development Corporation,2026-09-14
OCC-0107-2028,EVT-0107,2028,2028-01-15,2028-01-18,Projected,FALSE,https://www.incredibleindia.org,Tamil Nadu Tourism Development Corporation,2026-09-14
OCC-0108-2025,EVT-0108,2025,2025-12-15,2025-12-18,Completed,FALSE,https://www.incredibleindia.org,Telangana Tourism Development Corporation,2026-09-14
OCC-0108-2026,EVT-0108,2026,2026-12-15,2026-12-18,Estimated,FALSE,https://www.incredibleindia.org,Telangana Tourism Development Corporation,2026-09-14
OCC-0108-2027,EVT-0108,2027,2027-12-15,2027-12-18,Projected,FALSE,https://www.incredibleindia.org,Telangana Tourism Development Corporation,2026-09-14
OCC-0108-2028,EVT-0108,2028,2028-12-15,2028-12-18,Projected,FALSE,https://www.incredibleindia.org,Telangana Tourism Development Corporation,2026-09-14
OCC-0109-2025,EVT-0109,2025,2025-02-15,2025-02-18,Completed,FALSE,https://www.incredibleindia.org,Telangana Tourism Development Corporation,2026-09-14
OCC-0109-2026,EVT-0109,2026,2026-02-15,2026-02-18,Estimated,FALSE,https://www.incredibleindia.org,Telangana Tourism Development Corporation,2026-09-14
OCC-0109-2027,EVT-0109,2027,2027-02-15,2027-02-18,Projected,FALSE,https://www.incredibleindia.org,Telangana Tourism Development Corporation,2026-09-14
OCC-0109-2028,EVT-0109,2028,2028-02-15,2028-02-18,Projected,FALSE,https://www.incredibleindia.org,Telangana Tourism Development Corporation,2026-09-14
OCC-0110-2025,EVT-0110,2025,2025-07-15,2025-07-18,Completed,FALSE,https://www.incredibleindia.org,Tripura Tourism Development Corporation,2026-09-14
OCC-0110-2026,EVT-0110,2026,2026-07-15,2026-07-18,Estimated,FALSE,https://www.incredibleindia.org,Tripura Tourism Development Corporation,2026-09-14
OCC-0110-2027,EVT-0110,2027,2027-07-15,2027-07-18,Projected,FALSE,https://www.incredibleindia.org,Tripura Tourism Development Corporation,2026-09-14
OCC-0110-2028,EVT-0110,2028,2028-07-15,2028-07-18,Projected,FALSE,https://www.incredibleindia.org,Tripura Tourism Development Corporation,2026-09-14
OCC-0111-2025,EVT-0111,2025,2025-10-15,2025-10-18,Completed,FALSE,https://www.incredibleindia.org,Tripura Tourism Development Corporation,2026-09-14
OCC-0111-2026,EVT-0111,2026,2026-10-15,2026-10-18,Estimated,FALSE,https://www.incredibleindia.org,Tripura Tourism Development Corporation,2026-09-14
OCC-0111-2027,EVT-0111,2027,2027-10-15,2027-10-18,Projected,FALSE,https://www.incredibleindia.org,Tripura Tourism Development Corporation,2026-09-14
OCC-0111-2028,EVT-0111,2028,2028-10-15,2028-10-18,Projected,FALSE,https://www.incredibleindia.org,Tripura Tourism Development Corporation,2026-09-14
OCC-0112-2025,EVT-0112,2025,2025-10-15,2025-10-18,Completed,FALSE,https://www.incredibleindia.org,Uttar Pradesh Tourism Development Corporation,2026-09-14
OCC-0112-2026,EVT-0112,2026,2026-10-15,2026-10-18,Estimated,FALSE,https://www.incredibleindia.org,Uttar Pradesh Tourism Development Corporation,2026-09-14
OCC-0112-2027,EVT-0112,2027,2027-10-15,2027-10-18,Projected,FALSE,https://www.incredibleindia.org,Uttar Pradesh Tourism Development Corporation,2026-09-14
OCC-0112-2028,EVT-0112,2028,2028-10-15,2028-10-18,Projected,FALSE,https://www.incredibleindia.org,Uttar Pradesh Tourism Development Corporation,2026-09-14
OCC-0113-2025,EVT-0113,2025,2025-03-15,2025-03-18,Completed,FALSE,https://www.incredibleindia.org,Uttar Pradesh Tourism Development Corporation,2026-09-14
OCC-0113-2026,EVT-0113,2026,2026-03-15,2026-03-18,Estimated,FALSE,https://www.incredibleindia.org,Uttar Pradesh Tourism Development Corporation,2026-09-14
OCC-0113-2027,EVT-0113,2027,2027-03-15,2027-03-18,Projected,FALSE,https://www.incredibleindia.org,Uttar Pradesh Tourism Development Corporation,2026-09-14
OCC-0113-2028,EVT-0113,2028,2028-03-15,2028-03-18,Projected,FALSE,https://www.incredibleindia.org,Uttar Pradesh Tourism Development Corporation,2026-09-14
OCC-0114-2025,EVT-0114,2025,2025-09-15,2025-09-18,Completed,FALSE,https://www.incredibleindia.org,Uttarakhand Tourism Development Corporation,2026-09-14
OCC-0114-2026,EVT-0114,2026,2026-09-15,2026-09-18,Estimated,FALSE,https://www.incredibleindia.org,Uttarakhand Tourism Development Corporation,2026-09-14
OCC-0114-2027,EVT-0114,2027,2027-09-15,2027-09-18,Projected,FALSE,https://www.incredibleindia.org,Uttarakhand Tourism Development Corporation,2026-09-14
OCC-0114-2028,EVT-0114,2028,2028-09-15,2028-09-18,Projected,FALSE,https://www.incredibleindia.org,Uttarakhand Tourism Development Corporation,2026-09-14
OCC-0115-2025,EVT-0115,2025,2025-10-15,2025-10-18,Completed,FALSE,https://www.incredibleindia.org,Uttarakhand Tourism Development Corporation,2026-09-14
OCC-0115-2026,EVT-0115,2026,2026-10-15,2026-10-18,Estimated,FALSE,https://www.incredibleindia.org,Uttarakhand Tourism Development Corporation,2026-09-14
OCC-0115-2027,EVT-0115,2027,2027-10-15,2027-10-18,Projected,FALSE,https://www.incredibleindia.org,Uttarakhand Tourism Development Corporation,2026-09-14
OCC-0115-2028,EVT-0115,2028,2028-10-15,2028-10-18,Projected,FALSE,https://www.incredibleindia.org,Uttarakhand Tourism Development Corporation,2026-09-14
OCC-0116-2025,EVT-0116,2025,2025-12-15,2025-12-18,Completed,FALSE,https://www.incredibleindia.org,West Bengal Tourism Development Corporation,2026-09-14
OCC-0116-2026,EVT-0116,2026,2026-12-15,2026-12-18,Estimated,FALSE,https://www.incredibleindia.org,West Bengal Tourism Development Corporation,2026-09-14
OCC-0116-2027,EVT-0116,2027,2027-12-15,2027-12-18,Projected,FALSE,https://www.incredibleindia.org,West Bengal Tourism Development Corporation,2026-09-14
OCC-0116-2028,EVT-0116,2028,2028-12-15,2028-12-18,Projected,FALSE,https://www.incredibleindia.org,West Bengal Tourism Development Corporation,2026-09-14
OCC-0117-2025,EVT-0117,2025,2025-12-15,2025-12-18,Completed,FALSE,https://www.incredibleindia.org,West Bengal Tourism Development Corporation,2026-09-14
OCC-0117-2026,EVT-0117,2026,2026-12-15,2026-12-18,Estimated,FALSE,https://www.incredibleindia.org,West Bengal Tourism Development Corporation,2026-09-14
OCC-0117-2027,EVT-0117,2027,2027-12-15,2027-12-18,Projected,FALSE,https://www.incredibleindia.org,West Bengal Tourism Development Corporation,2026-09-14
OCC-0117-2028,EVT-0117,2028,2028-12-15,2028-12-18,Projected,FALSE,https://www.incredibleindia.org,West Bengal Tourism Development Corporation,2026-09-14
