city_id,city_name,state_name,total_verified_attractions,natural_attraction_count,heritage_attraction_count,historical_attraction_count,cultural_attraction_count,religious_attraction_count,wildlife_attraction_count,unesco_attraction_count,asi_attraction_count,protected_attraction_count,ramsar_attraction_count,attraction_type_count,attraction_category_count,tourism_type_count,attraction_count_score,attraction_diversity_score,attraction_significance_score,attraction_recognition_score,natural_attraction_score,heritage_attraction_score,cultural_attraction_score,religious_attraction_score,wildlife_attraction_score,overall_attraction_score,data_completeness_percentage,score_confidence
CT0001,Port Blair,Andaman and Nicobar Islands,3,1,2,0,0,0,0,1,1,0,0,2,3,2,60.6,49.85,32,71.67,46.33,69.47,1,1,1,49.32,100,High
CT0002,Adoni,Andhra Pradesh,2,0,1,0,0,1,0,0,1,0,0,2,2,2,48.24,45.6,32,67,1,64.67,1,52,1,41.56,100,Medium
CT0003,Amaravati,Andhra Pradesh,4,0,1,0,2,1,0,0,2,0,0,3,4,3,70.2,65.15,49,72,1,92,84,84,1,60.84,100,High
CT0004,Anantapur,Andhra Pradesh,2,0,1,0,0,1,0,0,0,0,0,2,2,2,48.24,45.6,32,35,1,56.67,1,52,1,35.96,100,Medium
CT0005,Chandragiri,Andhra Pradesh,2,0,2,0,0,0,0,0,2,0,0,1,2,1,48.24,34.55,40.5,80,1,64.67,1,1,1,41.3,100,Medium
CT0006,Chittoor,Andhra Pradesh,2,1,1,0,0,0,0,0,1,0,0,2,2,2,48.24,45.6,32,67,46.33,46.33,1,1,1,42.98,100,Medium
CT0007,Dowlaiswaram,Andhra Pradesh,2,0,1,0,1,0,0,0,0,0,0,2,2,2,48.24,45.6,23.5,35,38.33,56.67,52,1,1,39.69,100,Medium
CT0008,Eluru,Andhra Pradesh,2,1,1,0,0,0,0,0,1,1,1,2,2,2,48.24,45.6,49,84,72.67,46.33,1,1,70,52.44,100,Medium
CT0009,Guntur,Andhra Pradesh,3,1,1,0,0,1,0,0,0,1,0,3,3,3,60.6,60.9,49,57.33,54.33,56.67,1,52,70,54.45,100,High
CT0010,Kadapa,Andhra Pradesh,3,0,1,0,0,2,0,0,2,0,0,2,3,2,60.6,49.85,49,74.67,1,83,1,84,1,51.22,100,High
CT0011,Kakinada,Andhra Pradesh,2,2,0,0,0,0,0,0,0,1,0,1,2,2,48.24,38.8,40.5,51,72.67,1,1,1,70,40.32,100,Medium
CT0012,Kurnool,Andhra Pradesh,3,2,1,0,0,0,0,0,0,0,0,2,3,2,60.6,49.85,32,57.33,64.67,75,1,1,1,49.56,100,High
CT0013,Machilipatnam,Andhra Pradesh,2,1,1,0,0,0,0,0,0,0,0,2,2,2,48.24,45.6,32,51,46.33,38.33,1,1,1,39.78,100,Medium
CT0014,Nagarjunakoṇḍa,Andhra Pradesh,2,0,2,0,0,0,0,0,1,0,0,1,2,1,48.24,34.55,49,67,38.33,64.67,1,1,1,44.36,100,Medium
CT0015,Rajahmundry,Andhra Pradesh,2,0,1,0,1,0,0,0,0,0,0,2,1,2,48.24,41.35,32,35,1,47.33,52,52,1,36.73,100,Medium
CT0016,Srikakulam,Andhra Pradesh,2,0,0,0,0,2,0,0,0,0,0,1,1,1,48.24,30.3,23.5,51,1,47.33,1,68,1,33.49,100,Medium
CT0017,Tirupati,Andhra Pradesh,3,1,0,0,0,2,0,0,0,0,0,2,2,2,60.6,45.6,49,35,46.33,65.67,1,68,1,46.82,100,High
CT0018,Vijayawada,Andhra Pradesh,3,0,2,0,0,1,0,0,1,0,0,2,3,2,60.6,49.85,49,64.33,56.67,83,1,52,1,54.43,100,High
CT0019,Visakhapatnam,Andhra Pradesh,4,2,0,0,2,0,0,0,0,0,0,2,4,4,70.2,62.6,40.5,49,83,75,84,1,1,60.03,100,High
CT0020,Vizianagaram,Andhra Pradesh,2,0,1,0,0,1,0,0,0,0,0,2,2,2,48.24,45.6,32,51,1,56.67,52,52,1,40.91,100,Medium
CT0021,Yemmiganur,Andhra Pradesh,1,0,0,0,0,1,0,0,0,0,0,1,1,1,30.8,30.3,23.5,35,1,38.33,1,52,1,26.3,100,Low
CT0022,Itanagar,Arunachal Pradesh,2,1,1,0,0,0,0,0,0,0,0,2,2,2,48.24,45.6,40.5,51,46.33,38.33,1,1,1,41.06,100,Medium
CT0023,Dhuburi,Assam,1,0,0,0,0,1,0,0,0,0,0,1,1,1,30.8,30.3,23.5,35,1,38.33,1,52,1,26.3,100,Low
CT0024,Dibrugarh,Assam,2,1,1,0,0,0,0,0,0,1,0,2,2,2,48.24,45.6,49,67,54.33,38.33,1,1,81.25,47.54,100,Medium
CT0025,Dispur,Assam,2,0,0,0,1,1,0,0,0,0,0,2,2,2,48.24,45.6,32,35,1,56.67,52,52,1,38.51,100,Medium
CT0026,Guwahati,Assam,3,1,0,0,0,2,0,1,0,1,1,2,2,2,60.6,45.6,57.5,90.33,54.33,52.13,1,68,70,57.56,100,High
CT0027,Jorhat,Assam,2,0,1,0,1,0,0,1,0,0,0,2,2,2,48.24,45.6,32,75,38.33,61.47,52,1,1,47.45,100,Medium
CT0028,Nagaon,Assam,2,1,0,0,0,1,0,1,0,1,0,2,2,2,48.24,45.6,40.5,87,54.33,38.33,1,52,81.25,50.54,100,Medium
CT0029,Sivasagar,Assam,3,0,2,0,0,1,0,0,3,0,0,2,3,2,60.6,49.85,49,85,1,83,1,52,1,51.97,100,High
CT0030,Silchar,Assam,1,0,1,0,0,0,0,0,1,0,0,1,1,1,30.8,30.3,32,75,1,46.33,1,1,1,33.1,100,Low
CT0031,Tezpur,Assam,2,0,1,0,1,0,0,0,1,0,0,2,2,2,48.24,45.6,40.5,67,1,64.67,52,1,1,44.11,100,Medium
CT0032,Tinsukia,Assam,1,1,0,0,0,0,0,0,0,1,0,1,1,1,30.8,30.3,32,75,54.33,1,1,1,81.25,35.91,100,Low
CT0033,Ara,Bihar,2,0,1,0,0,1,0,0,0,0,0,2,2,2,48.24,45.6,32,51,1,56.67,1,52,1,38.36,100,Medium
CT0034,Barauni,Bihar,1,0,0,0,1,0,0,0,0,0,0,1,1,1,30.8,30.3,23.5,35,1,38.33,52,52,1,28.85,100,Low
CT0035,Begusarai,Bihar,1,1,0,0,0,0,0,0,0,1,1,1,1,1,30.8,30.3,32,80,54.33,1,1,1,70,36.38,100,Low
CT0036,Bettiah,Bihar,1,1,0,0,0,0,0,0,0,1,0,1,1,1,30.8,30.3,32,75,54.33,1,1,1,81.25,35.91,100,Low
CT0037,Bhagalpur,Bihar,2,1,1,0,0,0,0,1,1,1,0,2,2,2,48.24,45.6,49,84,54.33,51.13,1,1,70,51.09,100,Medium
CT0038,Bihar Sharif,Bihar,2,0,2,0,0,0,0,1,2,0,0,1,2,1,48.24,34.55,40.5,100,1,72.67,1,1,1,45.1,100,Medium
CT0039,Bodh Gaya,Bihar,2,0,1,0,1,0,0,1,1,0,0,2,2,2,48.24,45.6,40.5,87,1,72.67,52,84,1,49.98,100,Medium
CT0040,Buxar,Bihar,1,0,1,0,0,0,0,0,0,0,0,1,1,1,30.8,30.3,23.5,55,1,38.33,1,1,1,28.03,100,Low
CT0041,Chapra,Bihar,1,0,0,0,0,1,0,0,0,0,0,1,1,1,30.8,30.3,23.5,35,1,38.33,1,52,1,26.3,100,Low
CT0042,Darbhanga,Bihar,2,0,1,0,0,1,0,0,0,0,0,2,2,2,48.24,45.6,32,35,1,56.67,1,52,1,35.96,100,Medium
CT0043,Dehri,Bihar,1,0,1,0,0,0,0,0,0,0,0,1,1,1,30.8,30.3,32,35,38.33,38.33,1,1,1,30.04,100,Low
CT0044,Dinapur Nizamat,Bihar,1,0,1,0,0,0,0,0,0,0,0,1,1,1,30.8,30.3,23.5,35,1,38.33,1,1,1,25.03,100,Low
CT0045,Gaya,Bihar,2,0,1,0,0,1,0,1,1,0,0,2,2,2,48.24,45.6,40.5,75,38.33,69.47,1,52,1,48.25,100,Medium
CT0046,Hajipur,Bihar,2,0,0,0,1,1,0,0,0,0,0,2,2,2,48.24,45.6,32,35,1,56.67,52,84,1,39.31,100,Medium
CT0047,Jamalpur,Bihar,1,0,1,0,0,0,0,0,0,0,0,1,1,1,30.8,30.3,23.5,35,1,38.33,52,1,1,27.58,100,Low
CT0048,Katihar,Bihar,1,1,0,0,0,0,0,0,0,1,0,1,1,1,30.8,30.3,32,55,54.33,1,1,1,70,32.63,100,Low
CT0049,Madhubani,Bihar,2,0,1,0,1,0,0,0,0,0,0,2,2,2,48.24,45.6,40.5,51,1,56.67,52,1,1,40.91,100,Medium
CT0050,Motihari,Bihar,2,0,1,0,1,0,0,1,1,0,0,2,2,2,48.24,45.6,40.5,75,1,69.47,52,1,1,45.79,100,Medium
CT0051,Munger,Bihar,2,0,1,0,1,0,0,0,0,0,0,2,2,2,48.24,45.6,32,51,1,56.67,52,52,1,40.91,100,Medium
CT0052,Muzaffarpur,Bihar,1,0,0,0,0,1,0,0,0,0,0,1,1,1,30.8,30.3,23.5,35,1,38.33,1,52,1,26.3,100,Low
CT0053,Patna,Bihar,4,0,2,0,1,1,0,0,1,0,0,3,4,3,70.2,65.15,49,70,1,92,52,52,1,58.14,100,High
CT0054,Purnia,Bihar,1,0,0,0,0,1,0,0,0,0,0,1,1,1,30.8,30.3,23.5,35,1,38.33,1,52,1,26.3,100,Low
CT0055,Pusa,Bihar,1,0,1,0,0,0,0,0,0,0,0,1,1,1,30.8,30.3,23.5,35,1,38.33,1,1,1,25.03,100,Low
CT0056,Saharsa,Bihar,1,0,0,0,0,1,0,0,0,0,0,1,1,1,30.8,30.3,23.5,55,1,38.33,1,52,1,29.3,100,Low
CT0057,Samastipur,Bihar,1,0,0,0,1,0,0,0,0,0,0,1,1,1,30.8,30.3,23.5,35,1,38.33,52,1,1,27.58,100,Low
CT0058,Sasaram,Bihar,2,0,2,0,0,0,0,1,2,0,0,1,1,1,48.24,30.3,32,88,1,60.13,1,1,1,39.92,100,Medium
CT0059,Sitamarhi,Bihar,1,0,0,0,0,1,0,0,0,0,0,1,1,1,30.8,30.3,23.5,35,1,38.33,1,52,1,26.3,100,Low
CT0060,Siwan,Bihar,1,0,0,0,1,0,0,0,0,0,0,1,1,1,30.8,30.3,23.5,55,1,38.33,52,1,1,30.58,100,Low
CT0061,Chandigarh,Chandigarh,5,1,1,0,2,0,0,1,0,0,0,4,4,4,78.04,76.2,57.5,79.2,73.67,92,84,1,1,72.17,100,High
CT0062,Ambikapur,Chhattisgarh,3,1,0,1,0,1,0,0,1,0,0,3,3,3,60.6,60.9,49,64.33,38.33,64.67,52,52,1,55.53,100,High
CT0063,Bhilai,Chhattisgarh,2,0,0,1,0,0,0,0,1,1,0,2,2,2,48.24,45.6,40.5,76,1,46.33,52,52,70,46.63,100,Medium
CT0064,Bilaspur,Chhattisgarh,3,1,0,2,0,0,0,0,1,0,0,2,3,3,60.6,54.1,49,64.33,46.33,64.67,1,52,1,52.42,100,High
CT0065,Dhamtari,Chhattisgarh,2,2,0,0,0,0,0,0,0,0,0,1,2,2,48.24,38.8,32,35,64.67,1,1,52,1,35.4,100,Medium
CT0066,Durg,Chhattisgarh,2,0,0,0,0,2,0,0,0,0,0,1,1,1,48.24,30.3,23.5,35,1,47.33,1,68,1,31.09,100,Medium
CT0067,Jagdalpur,Chhattisgarh,4,2,1,0,0,0,1,0,0,1,0,3,3,3,70.2,60.9,49,63,81.67,38.33,52,1,81.25,59.68,100,High
CT0068,Raipur,Chhattisgarh,3,0,0,0,3,0,0,0,0,0,0,1,2,2,60.6,38.8,40.5,35,1,65.67,100,1,1,42.92,100,High
CT0069,Rajnandgaon,Chhattisgarh,2,0,0,0,0,2,0,0,0,0,0,1,1,1,48.24,30.3,40.5,35,1,47.33,1,68,1,33.64,100,Medium
CT0070,Daman,Dadra and Nagar Haveli and Daman and Diu,3,1,0,2,0,0,0,0,2,0,0,2,2,2,60.6,45.6,49,74.67,46.33,55.33,1,1,1,50.06,100,High
CT0071,Diu,Dadra and Nagar Haveli and Daman and Diu,3,2,0,1,0,0,0,0,1,0,0,2,3,2,60.6,49.85,32,64.33,64.67,64.67,1,1,1,49.57,100,High
CT0072,Silvassa,Dadra and Nagar Haveli and Daman and Diu,2,1,0,0,1,0,0,0,0,0,0,2,2,2,48.24,45.6,32,35,46.33,38.33,52,1,1,39.93,100,Medium
CT0073,Delhi,Delhi,9,0,1,5,0,2,1,1,5,1,0,4,7,3,100,84.7,83,99.89,54.33,100,84,84,70,87.86,100,High
CT0074,New Delhi,Delhi,8,0,2,3,2,1,0,2,3,0,0,4,5,4,95.47,80.45,83,92.5,1,100,100,52,1,77.93,100,High
CT0075,Madgaon,Goa,2,1,0,1,0,0,0,0,0,0,0,2,2,2,48.24,45.6,40.5,35,46.33,38.33,1,52,1,39.93,100,Medium
CT0076,Panaji,Goa,5,1,0,3,1,0,0,2,2,0,0,3,3,3,78.04,60.9,49,89.4,46.33,90.67,52,84,1,66.97,100,High
CT0077,Ahmadabad,Gujarat,4,0,1,3,0,0,0,1,3,0,0,2,4,1,70.2,49.85,40.5,98.5,1,100,84,52,1,60.48,100,High
CT0078,Amreli,Gujarat,2,0,0,0,0,1,1,0,0,1,0,2,2,2,48.24,45.6,40.5,67,54.33,38.33,1,52,81.25,47.54,100,Medium
CT0079,Bharuch,Gujarat,2,0,0,1,0,1,0,0,0,0,0,2,2,2,48.24,45.6,40.5,35,1,56.67,1,52,1,37.23,100,Medium
CT0080,Bhavnagar,Gujarat,3,0,0,1,0,1,1,0,0,1,0,3,3,3,60.6,60.9,49,64.33,54.33,56.67,1,52,81.25,55.78,100,High
CT0081,Bhuj,Gujarat,3,0,0,2,1,0,0,0,0,0,0,2,2,2,60.6,45.6,40.5,35,1,65.67,52,1,1,41.88,100,High
CT0082,Dwarka,Gujarat,4,1,0,1,0,2,0,0,2,0,0,3,3,3,70.2,60.9,49,72,64.67,73.67,1,100,1,60.78,100,High
CT0083,Gandhinagar,Gujarat,3,1,0,0,2,0,0,0,0,0,0,2,3,2,60.6,49.85,57.5,35,38.33,56.67,84,52,1,50.99,100,High
CT0084,Godhra,Gujarat,2,0,0,1,0,1,0,2,1,0,0,2,2,2,48.24,45.6,40.5,100,1,72.67,1,52,1,48.58,100,Medium
CT0085,Jamnagar,Gujarat,4,0,0,1,0,1,2,0,0,2,1,3,4,3,70.2,65.15,49,75.5,72.67,56.67,52,52,100,65.08,100,High
CT0086,Junagadh,Gujarat,5,0,0,3,0,1,1,0,3,1,0,3,5,3,78.04,69.4,74.5,86.8,72.67,83,1,52,81.25,72.63,100,High
CT0087,Kandla,Gujarat,1,0,0,1,0,0,0,0,0,0,0,1,1,1,30.8,30.3,23.5,35,38.33,38.33,1,1,1,28.76,100,Low
CT0088,Khambhat,Gujarat,2,0,0,1,1,0,0,0,1,0,0,2,2,2,48.24,45.6,40.5,67,1,64.67,52,52,1,45.38,100,Medium
CT0089,Kheda,Gujarat,1,0,0,0,0,1,0,0,0,0,0,1,1,1,30.8,30.3,23.5,35,1,38.33,1,52,1,26.3,100,Low
CT0090,Mahesana,Gujarat,3,0,0,2,0,0,1,2,2,1,1,2,2,2,60.6,45.6,66,94.33,54.33,60.13,1,1,70,58.56,100,High
CT0091,Morbi,Gujarat,2,0,0,2,0,0,0,0,0,0,0,1,2,2,48.24,38.8,40.5,35,1,56.67,1,1,1,34.6,100,Medium
CT0092,Nadiad,Gujarat,2,0,1,0,0,1,0,0,0,0,0,2,2,2,48.24,45.6,32,35,1,56.67,52,52,1,38.51,100,Medium
CT0093,Navsari,Gujarat,2,0,1,0,1,0,0,0,0,0,0,2,2,2,48.24,45.6,23.5,35,1,56.67,84,1,1,37.56,100,Medium
CT0094,Okha,Gujarat,2,0,1,1,0,0,0,0,0,0,0,2,1,2,48.24,41.35,40.5,35,38.33,47.33,1,1,1,37.91,100,Medium
CT0095,Palanpur,Gujarat,2,0,0,1,0,0,1,0,0,1,0,2,2,2,48.24,45.6,49,51,54.33,38.33,1,1,70,44.86,100,Medium
CT0096,Patan,Gujarat,3,0,0,2,1,0,0,1,2,0,0,2,2,2,60.6,45.6,57.5,93,1,81.67,52,1,1,54.73,100,High
CT0097,Porbandar,Gujarat,3,0,1,0,0,1,1,0,0,1,0,3,3,3,60.6,60.9,49,49.67,54.33,56.67,52,52,70,55.85,100,High
CT0098,Rajkot,Gujarat,3,1,1,0,1,0,0,0,0,0,0,3,3,3,60.6,60.9,32,35,46.33,56.67,84,1,1,48.9,100,High
CT0099,Surat,Gujarat,3,1,0,2,0,0,0,0,2,0,0,2,3,2,60.6,49.85,49,74.67,46.33,64.67,1,1,1,51.84,100,High
CT0100,Surendranagar,Gujarat,2,0,0,1,0,0,1,1,1,1,0,2,2,2,48.24,45.6,49,88,54.33,46.33,1,1,70,51.21,100,Medium
CT0101,Valsad,Gujarat,2,1,0,1,0,0,0,0,0,0,0,2,2,2,48.24,45.6,32,35,46.33,38.33,1,1,1,37.38,100,Medium
CT0102,Veraval,Gujarat,3,0,0,0,1,2,0,0,1,0,0,2,2,2,60.6,45.6,40.5,64.33,1,73.67,52,68,1,48.76,100,High
CT0103,Ambala,Haryana,2,0,1,0,0,1,0,0,0,0,0,2,2,2,48.24,45.6,32,35,1,38.33,1,84,1,34.93,100,Medium
CT0104,Bhiwani,Haryana,2,0,0,0,1,1,0,0,0,0,0,2,2,2,48.24,45.6,40.5,35,1,56.67,52,52,1,39.78,100,Medium
CT0105,Chandigarh,Haryana,2,0,0,1,0,1,0,0,0,0,0,2,2,2,48.24,45.6,32,35,38.33,56.67,1,52,1,39.69,100,Medium
CT0106,Faridabad,Haryana,2,0,0,2,0,0,0,0,1,0,0,1,2,1,48.24,34.55,40.5,67,1,64.67,1,1,1,39.35,100,Medium
CT0107,Firozpur Jhirka,Haryana,1,0,0,1,0,0,0,0,0,0,0,1,1,1,30.8,30.3,23.5,35,1,38.33,1,1,1,25.03,100,Low
CT0108,Gurugram,Haryana,3,0,0,0,1,1,1,0,0,1,1,3,3,3,60.6,60.9,49,68,54.33,56.67,52,52,81.25,58.88,100,High
CT0109,Hansi,Haryana,2,0,0,2,0,0,0,0,2,0,0,1,2,1,48.24,34.55,49,80,1,64.67,1,1,1,42.57,100,Medium
CT0110,Hisar,Haryana,3,0,0,2,0,1,0,0,2,0,0,2,3,2,60.6,49.85,49,74.67,1,83,1,52,1,50.42,100,High
CT0111,Jind,Haryana,2,0,0,0,0,2,0,0,0,0,0,1,1,1,48.24,30.3,23.5,35,1,47.33,1,68,1,31.09,100,Medium
CT0112,Kaithal,Haryana,2,1,0,1,0,0,0,0,1,0,0,2,2,2,48.24,45.6,40.5,67,46.33,46.33,1,1,1,44.26,100,Medium
CT0113,Karnal,Haryana,2,1,0,1,0,0,0,0,1,0,0,2,2,2,48.24,45.6,23.5,67,38.33,64.67,1,1,1,42.74,100,Medium
CT0114,Kurukshetra,Haryana,4,0,0,1,1,2,0,0,1,0,0,3,3,3,70.2,60.9,49,63,38.33,73.67,52,84,1,58.94,100,High
CT0115,Panipat,Haryana,3,0,0,2,0,1,0,0,1,0,0,2,3,2,60.6,49.85,32,64.33,1,83,52,84,1,49.67,100,High
CT0116,Pehowa,Haryana,1,0,0,0,0,1,0,0,0,0,0,1,1,1,30.8,30.3,23.5,35,1,38.33,1,52,1,26.3,100,Low
CT0117,Rewari,Haryana,2,0,1,1,0,0,0,0,0,0,0,2,2,1,48.24,41.35,23.5,35,38.33,56.67,52,1,1,38.84,100,Medium
CT0118,Rohtak,Haryana,2,1,0,0,0,1,0,0,0,0,0,2,2,2,48.24,45.6,32,35,46.33,38.33,52,52,1,41.21,100,Medium
CT0119,Sirsa,Haryana,2,0,0,0,0,2,0,0,0,0,0,1,1,1,48.24,30.3,32,35,1,47.33,52,68,1,34.92,100,Medium
CT0120,Sonipat,Haryana,2,0,1,1,0,0,0,0,1,0,0,2,2,1,48.24,41.35,40.5,67,1,64.67,52,1,1,43.26,100,Medium
CT0121,Bilaspur,Himachal Pradesh,2,1,0,0,0,1,0,0,0,1,0,2,2,2,48.24,45.6,32,51,72.67,38.33,1,52,70,45.42,100,Medium
CT0122,Chamba,Himachal Pradesh,4,1,1,1,1,0,0,1,1,1,0,4,4,3,70.2,71.95,49,86,54.33,87.8,84,52,70,70.14,100,High
CT0123,Dalhousie,Himachal Pradesh,3,2,0,0,0,0,1,0,0,1,0,2,3,2,60.6,49.85,49,49.67,91,38.33,1,1,70,51.65,100,High
CT0124,Dharmshala,Himachal Pradesh,4,1,0,1,1,1,0,0,0,0,0,4,4,3,70.2,71.95,49,35,46.33,56.67,84,84,1,57.65,100,High
CT0125,Hamirpur,Himachal Pradesh,2,0,0,1,0,1,0,0,1,0,0,2,2,2,48.24,45.6,32,67,1,64.67,1,52,1,41.56,100,Medium
CT0126,Kangra,Himachal Pradesh,4,0,1,2,0,1,0,1,2,0,0,3,4,2,70.2,60.9,66,88,1,96.8,1,52,1,60.47,100,High
CT0127,Kullu,Himachal Pradesh,4,0,0,1,0,2,1,1,0,1,0,3,3,4,70.2,65.15,57.5,80.5,72.67,65.67,1,68,81.25,65.38,100,High
CT0128,Mandi,Himachal Pradesh,4,1,0,1,0,2,0,0,1,0,0,3,2,3,70.2,56.65,57.5,63,55.33,55.33,1,100,1,57.09,100,High
CT0129,Nahan,Himachal Pradesh,3,1,0,1,1,0,0,0,0,1,1,3,3,3,60.6,60.9,57.5,68,72.67,56.67,52,1,70,60.43,100,High
CT0130,Shimla,Himachal Pradesh,5,0,2,1,1,1,0,1,0,0,0,4,4,4,78.04,76.2,49,79.2,1,92,52,84,1,64.1,100,High
CT0131,Una,Himachal Pradesh,2,0,0,0,0,2,0,0,0,0,0,1,2,1,48.24,34.55,23.5,35,1,38.33,1,84,1,31.44,100,Medium
CT0132,Anantnag,Jammu and Kashmir,4,1,0,3,0,0,0,2,3,0,0,2,2,2,70.2,45.6,66,89,64.33,87.47,1,1,1,61.69,100,High
CT0133,Baramula,Jammu and Kashmir,2,1,0,1,0,0,0,0,1,0,0,2,2,2,48.24,45.6,40.5,67,46.33,64.67,1,1,1,46.09,100,Medium
CT0134,Doda,Jammu and Kashmir,2,1,0,0,0,1,0,0,0,0,0,2,2,2,48.24,45.6,32,35,46.33,38.33,1,52,1,38.66,100,Medium
CT0135,Gulmarg,Jammu and Kashmir,4,1,0,1,0,1,1,0,0,1,0,4,4,4,70.2,76.2,66,49,72.67,56.67,1,84,70,63.36,100,High
CT0136,Jammu,Jammu and Kashmir,4,0,0,3,0,1,0,0,0,0,0,2,3,2,70.2,49.85,57.5,35,1,84,52,52,1,50.31,100,High
CT0137,Kathua,Jammu and Kashmir,2,0,0,1,0,1,0,0,0,1,0,2,2,2,48.24,45.6,32,51,1,56.67,1,52,70,40.08,100,Medium
CT0138,Punch,Jammu and Kashmir,2,0,0,1,0,1,0,0,0,0,0,2,2,2,48.24,45.6,32,35,1,38.33,1,52,1,34.13,100,Medium
CT0139,Rajouri,Jammu and Kashmir,2,0,0,2,0,0,0,0,1,0,0,1,2,1,48.24,34.55,23.5,67,1,64.67,1,1,1,36.8,100,Medium
CT0140,Srinagar,Jammu and Kashmir,8,1,0,4,0,2,1,2,5,1,0,4,7,4,95.47,88.95,91.5,93,100,96.8,1,84,81.25,88.42,100,High
CT0141,Udhampur,Jammu and Kashmir,3,1,0,2,0,0,0,0,2,1,1,2,3,2,60.6,49.85,66,88.67,54.33,64.67,1,1,70,59.02,100,High
CT0142,Bokaro,Jharkhand,2,1,0,0,1,0,0,0,0,0,0,2,2,2,48.24,45.6,32,35,64.67,56.67,52,1,1,43.6,100,Medium
CT0143,Chaibasa,Jharkhand,1,1,0,0,0,0,0,0,0,0,0,1,1,1,30.8,30.3,23.5,35,46.33,38.33,1,1,1,29.56,100,Low
CT0144,Deoghar,Jharkhand,2,1,0,0,0,1,0,0,0,0,0,2,2,2,48.24,45.6,32,35,46.33,38.33,1,52,1,38.66,100,Medium
CT0145,Dhanbad,Jharkhand,1,1,0,0,0,0,0,0,0,0,0,1,1,1,30.8,30.3,23.5,35,46.33,38.33,1,1,1,29.56,100,Low
CT0146,Dumka,Jharkhand,2,1,0,0,0,1,0,0,0,0,0,2,2,2,48.24,45.6,32,35,46.33,56.67,1,52,1,40.49,100,Medium
CT0147,Giridih,Jharkhand,2,1,0,0,0,1,0,0,0,1,0,2,2,2,48.24,45.6,32,51,46.33,38.33,1,52,70,42.78,100,Medium
CT0148,Hazaribag,Jharkhand,1,1,0,0,0,0,0,0,0,0,0,1,1,1,30.8,30.3,23.5,35,46.33,1,1,1,1,25.83,100,Low
CT0149,Jamshedpur,Jharkhand,2,1,0,0,1,0,0,0,0,1,0,2,2,2,48.24,45.6,32,51,72.67,38.33,52,1,70,46.69,100,Medium
CT0150,Jharia,Jharkhand,1,0,1,0,0,0,0,0,0,0,0,1,1,1,30.8,30.3,23.5,35,1,38.33,1,1,1,25.03,100,Low
CT0151,Rajmahal,Jharkhand,1,0,1,0,0,0,0,0,1,0,0,1,1,1,30.8,30.3,32,75,1,46.33,1,1,1,33.1,100,Low
CT0152,Ranchi,Jharkhand,3,2,0,0,0,1,0,0,0,0,0,2,2,2,60.6,45.6,32,35,55.33,38.33,1,52,1,42.03,100,High
CT0153,Saraikela,Jharkhand,1,0,0,0,1,0,0,0,0,0,0,1,1,1,30.8,30.3,23.5,55,1,38.33,52,1,1,30.58,100,Low
CT0154,Badami,Karnataka,2,0,2,0,0,0,0,2,2,0,0,1,2,1,48.24,34.55,49,90,38.33,69.47,1,52,1,49.56,100,Medium
CT0155,Ballari,Karnataka,1,0,1,0,0,0,0,0,1,0,0,1,1,1,30.8,30.3,23.5,75,1,46.33,1,1,1,31.83,100,Low
CT0156,Bengaluru,Karnataka,4,2,2,0,0,0,0,0,1,1,0,2,3,3,70.2,54.1,57.5,72,72.67,73.67,1,1,81.25,61.02,100,High
CT0157,Belagavi,Karnataka,2,1,1,0,0,0,0,0,1,0,0,2,2,2,48.24,45.6,32,67,46.33,46.33,1,1,1,42.98,100,Medium
CT0158,Bhadravati,Karnataka,1,0,0,0,0,1,0,0,1,0,0,1,1,1,30.8,30.3,32,75,1,46.33,1,52,1,34.38,100,Low
CT0159,Bidar,Karnataka,2,0,2,0,0,0,0,2,2,0,0,1,2,1,48.24,34.55,40.5,90,1,69.47,1,1,1,43.28,100,Medium
CT0160,Chikkamagaluru,Karnataka,3,2,0,0,0,1,0,1,0,1,0,2,2,3,60.6,49.85,49,82.67,81.67,1,1,52,81.25,53.49,100,High
CT0161,Chitradurga,Karnataka,2,0,2,0,0,0,0,0,2,0,0,1,2,1,48.24,34.55,40.5,80,38.33,64.67,1,1,1,45.03,100,Medium
CT0162,Davangere,Karnataka,2,1,0,0,1,0,0,0,0,0,0,2,2,1,48.24,41.35,32,35,64.67,1,52,1,1,37.18,100,Medium
CT0163,Halebid,Karnataka,2,0,2,0,0,0,0,2,2,0,0,1,1,1,48.24,30.3,49,100,1,63.33,1,68,1,46.27,100,Medium
CT0164,Hassan,Karnataka,2,0,2,0,0,0,0,1,1,0,0,1,2,1,48.24,34.55,40.5,87,1,72.67,1,84,1,45.22,100,Medium
CT0165,Hubballi-Dharwad,Karnataka,2,1,1,0,0,0,0,0,1,0,0,2,2,2,48.24,45.6,40.5,67,38.33,46.33,52,52,1,47.28,100,Medium
CT0166,Kalaburagi,Karnataka,2,0,1,0,0,1,0,1,1,0,0,2,2,2,48.24,45.6,32,75,1,69.47,1,52,1,43.24,100,Medium
CT0167,Kolar,Karnataka,2,0,2,0,0,0,0,0,2,0,0,1,1,1,48.24,30.3,49,80,1,55.33,1,68,1,42.47,100,Medium
CT0168,Madikeri,Karnataka,3,1,1,0,1,0,0,0,1,0,0,3,3,2,60.6,56.65,32,64.33,64.67,64.67,52,1,1,53.48,100,High
CT0169,Mandya,Karnataka,2,1,0,0,1,0,0,0,0,1,1,2,2,2,48.24,45.6,49,71,72.67,38.33,52,1,70,52.24,100,Medium
CT0170,Mangaluru,Karnataka,3,1,1,0,0,1,0,0,0,0,0,3,3,3,60.6,60.9,49,35,46.33,56.67,1,84,1,49.38,100,High
CT0171,Mysuru,Karnataka,3,1,1,0,0,1,0,0,0,0,0,3,3,3,60.6,60.9,57.5,49.67,46.33,56.67,1,52,58.75,53.49,100,High
CT0172,Raichur,Karnataka,1,0,1,0,0,0,0,0,1,0,0,1,1,1,30.8,30.3,23.5,75,1,46.33,1,1,1,31.83,100,Low
CT0173,Shivamogga,Karnataka,2,2,0,0,0,0,0,0,0,0,0,1,2,2,48.24,38.8,40.5,35,64.67,1,1,1,58.75,36.84,100,Medium
CT0174,Shravanabelagola,Karnataka,2,0,2,0,0,0,0,2,2,0,0,1,2,1,48.24,34.55,32,90,1,69.47,1,52,1,43.28,100,Medium
CT0175,Shrirangapattana,Karnataka,3,0,2,0,0,1,0,0,3,0,0,2,3,2,60.6,49.85,49,85,1,83,1,52,1,51.97,100,High
CT0176,Tumakuru,Karnataka,2,1,0,0,0,1,0,0,0,0,0,2,2,2,48.24,45.6,32,35,46.33,56.67,1,52,1,40.49,100,Medium
CT0177,Vijayapura,Karnataka,2,0,2,0,0,0,0,2,2,0,0,1,1,1,48.24,30.3,32,90,1,60.13,1,1,1,40.22,100,Medium
CT0178,Alappuzha,Kerala,2,2,0,0,0,0,0,0,0,0,1,1,2,2,48.24,38.8,40.5,71,72.67,38.33,1,1,1,45.33,100,Medium
CT0179,Vatakara,Kerala,2,1,0,0,0,1,0,0,0,0,0,2,2,2,48.24,45.6,32,35,46.33,38.33,1,52,1,38.66,100,Medium
CT0180,Idukki,Kerala,3,2,1,0,0,0,0,2,0,2,0,2,2,2,60.6,45.6,49,96.33,81.67,38.33,1,1,100,57.62,100,High
CT0181,Kannur,Kerala,3,1,1,0,1,0,0,0,1,0,0,3,3,3,60.6,60.9,32,64.33,46.33,64.67,52,1,1,52.5,100,High
CT0182,Kochi,Kerala,3,0,1,0,2,0,0,0,0,0,0,2,2,3,60.6,49.85,40.5,35,1,65.67,68,52,1,44.81,100,High
CT0183,Kollam,Kerala,3,1,1,0,1,0,0,0,0,0,1,3,2,3,60.6,56.65,57.5,75.67,54.33,47.33,52,1,1,56.24,100,High
CT0184,Kottayam,Kerala,2,1,0,0,0,1,0,0,0,1,1,2,2,2,48.24,45.6,40.5,71,54.33,38.33,1,52,70,47.86,100,Medium
CT0185,Kozhikode,Kerala,3,2,0,0,1,0,0,0,0,0,0,2,2,2,60.6,45.6,32,35,65.67,56.67,84,1,1,47.77,100,High
CT0186,Mattancheri,Kerala,2,0,2,0,0,0,0,1,1,0,0,1,2,1,48.24,34.55,40.5,84,1,69.47,1,1,1,42.38,100,Medium
CT0187,Palakkad,Kerala,3,1,1,0,1,0,0,1,1,1,0,3,3,3,60.6,60.9,57.5,93,72.67,64.67,52,1,81.25,65.27,100,High
CT0188,Thalassery,Kerala,2,0,1,0,1,0,0,0,1,0,0,2,2,2,48.24,45.6,23.5,67,1,64.67,52,1,1,41.56,100,Medium
CT0189,Thiruvananthapuram,Kerala,3,1,0,0,1,1,0,0,0,0,0,3,3,3,60.6,60.9,49,49.67,46.33,56.67,52,52,1,53.33,100,High
CT0190,Thrissur,Kerala,3,1,2,0,0,0,0,0,1,0,0,2,3,2,60.6,49.85,49,72,46.33,64.67,1,52,1,52.72,100,High
CT0191,Kargil,Ladakh,4,1,1,1,1,0,0,0,1,0,0,4,4,3,70.2,71.95,49,63,46.33,83,84,1,1,62.41,100,High
CT0192,Leh,Ladakh,6,1,1,2,1,1,0,0,2,1,0,5,5,4,84.66,87.25,74.5,77,72.67,92,84,52,81.25,81.11,100,High
CT0193,Balaghat,Madhya Pradesh,3,1,0,1,0,0,1,0,1,1,0,3,3,3,60.6,60.9,49,74.67,72.67,46.33,1,1,81.25,56.86,100,High
CT0194,Barwani,Madhya Pradesh,2,0,0,0,0,2,0,0,0,0,0,1,2,1,48.24,34.55,40.5,35,38.33,38.33,52,84,1,40.27,100,Medium
CT0195,Betul,Madhya Pradesh,3,0,0,1,0,2,0,0,0,0,0,2,3,2,60.6,49.85,49,35,38.33,56.67,1,84,1,46.37,100,High
CT0196,Bharhut,Madhya Pradesh,1,0,0,1,0,0,0,0,1,0,0,1,1,1,30.8,30.3,32,75,1,46.33,1,1,1,33.1,100,Low
CT0197,Bhind,Madhya Pradesh,2,0,0,1,0,1,0,0,1,0,0,2,2,2,48.24,45.6,23.5,67,1,64.67,1,52,1,40.28,100,Medium
CT0198,Bhojpur,Madhya Pradesh,1,0,0,1,0,0,0,1,1,0,0,1,1,1,30.8,30.3,32,85,1,51.13,1,1,1,35.08,100,Low
CT0199,Bhopal,Madhya Pradesh,6,1,0,1,2,1,1,0,0,1,1,5,6,4,84.66,91.5,57.5,72.67,72.67,84,84,52,81.25,77.96,100,High
CT0200,Burhanpur,Madhya Pradesh,4,0,1,2,0,1,0,1,2,0,0,3,3,2,70.2,56.65,66,88,1,96.8,1,52,1,59.62,100,High
CT0201,Chhatarpur,Madhya Pradesh,2,1,0,1,0,0,0,0,0,1,0,2,2,2,48.24,45.6,32,51,54.33,38.33,52,1,70,44.86,100,Medium
CT0202,Chhindwara,Madhya Pradesh,2,1,0,1,0,0,0,0,0,0,0,2,2,2,48.24,45.6,40.5,35,46.33,38.33,1,1,1,38.66,100,Medium
CT0203,Damoh,Madhya Pradesh,2,0,0,0,0,1,1,0,0,1,0,2,2,2,48.24,45.6,49,51,54.33,38.33,1,52,70,46.13,100,Medium
CT0204,Datia,Madhya Pradesh,3,0,0,1,0,2,0,0,1,0,0,2,2,2,60.6,45.6,40.5,64.33,1,73.67,1,68,1,46.21,100,High
CT0205,Dewas,Madhya Pradesh,2,1,0,0,0,1,0,0,0,0,0,2,2,2,48.24,45.6,40.5,35,38.33,38.33,1,52,1,39.13,100,Medium
CT0206,Dhar,Madhya Pradesh,3,0,0,3,0,0,0,1,2,0,0,1,2,1,60.6,34.55,57.5,82,1,78.47,1,1,1,48,100,High
CT0207,Dr. Ambedkar Nagar (Mhow),Madhya Pradesh,2,1,1,0,0,0,0,0,0,0,0,2,2,2,48.24,45.6,32,35,46.33,38.33,52,1,1,39.93,100,Medium
CT0208,Guna,Madhya Pradesh,2,0,0,1,0,1,0,0,0,0,0,2,2,2,48.24,45.6,32,35,38.33,56.67,1,52,1,39.69,100,Medium
CT0209,Gwalior,Madhya Pradesh,4,0,0,4,0,0,0,1,3,0,0,1,4,2,70.2,47.3,57.5,88,1,96.8,52,1,1,57.75,100,High
CT0210,Hoshangabad,Madhya Pradesh,3,0,0,1,0,1,1,1,1,1,0,3,3,3,60.6,60.9,57.5,82,72.67,64.67,1,52,81.25,62.34,100,High
CT0211,Indore,Madhya Pradesh,4,1,0,2,0,1,0,0,0,0,1,3,3,3,70.2,60.9,57.5,66.5,54.33,65.67,52,52,1,60.74,100,High
CT0212,Itarsi,Madhya Pradesh,2,1,0,0,0,0,1,0,0,1,0,2,2,2,48.24,45.6,40.5,51,72.67,1,1,1,70,41.68,100,Medium
CT0213,Jabalpur,Madhya Pradesh,4,2,0,2,0,0,0,1,2,0,0,2,4,2,70.2,54.1,66,88,64.67,64.67,1,1,1,60.99,100,High
CT0214,Jhabua,Madhya Pradesh,2,1,0,0,0,1,0,0,0,0,0,2,2,2,48.24,45.6,32,35,46.33,38.33,1,52,1,38.66,100,Medium
CT0215,Khajuraho,Madhya Pradesh,3,0,0,2,1,0,0,2,3,0,0,2,2,2,60.6,45.6,49,100,1,81.67,52,1,1,54.51,100,High
CT0216,Khandwa,Madhya Pradesh,3,1,0,0,1,1,0,0,1,0,0,3,3,3,60.6,60.9,49,64.33,38.33,64.67,52,52,1,55.53,100,High
CT0217,Khargone,Madhya Pradesh,2,0,0,1,0,1,0,0,1,0,0,2,2,2,48.24,45.6,40.5,67,1,64.67,1,52,1,42.83,100,Medium
CT0218,Maheshwar,Madhya Pradesh,3,0,0,2,1,0,0,1,0,0,0,2,3,2,60.6,49.85,49,71.67,38.33,79.8,52,1,1,54.65,100,High
CT0219,Mandla,Madhya Pradesh,2,0,0,2,0,0,0,0,1,0,0,1,2,1,48.24,34.55,23.5,67,1,64.67,1,1,1,36.8,100,Medium
CT0220,Mandsaur,Madhya Pradesh,2,0,0,1,0,1,0,0,1,0,0,2,2,2,48.24,45.6,49,67,1,64.67,1,52,1,44.11,100,Medium
CT0221,Morena,Madhya Pradesh,4,0,0,4,0,0,0,0,4,0,0,1,2,1,70.2,34.55,49,90,1,82.67,1,1,1,50.27,100,High
CT0222,Murwara,Madhya Pradesh,2,0,0,2,0,0,0,0,2,0,0,1,2,1,48.24,34.55,40.5,80,1,64.67,1,1,1,41.3,100,Medium
CT0223,Narsimhapur,Madhya Pradesh,2,0,0,0,0,2,0,0,0,0,0,1,2,1,48.24,34.55,32,35,38.33,38.33,1,84,1,36.45,100,Medium
CT0224,Narsinghgarh,Madhya Pradesh,2,0,0,1,0,0,1,0,0,1,0,2,2,2,48.24,45.6,40.5,51,54.33,38.33,1,1,70,43.58,100,Medium
CT0225,Narwar,Madhya Pradesh,1,0,0,1,0,0,0,0,1,0,0,1,1,1,30.8,30.3,23.5,75,1,46.33,1,1,1,31.83,100,Low
CT0226,Neemuch,Madhya Pradesh,2,1,0,0,0,1,0,0,0,0,0,2,2,2,48.24,45.6,23.5,35,38.33,38.33,1,84,1,37.38,100,Medium
CT0227,Nowgong,Madhya Pradesh,1,0,0,1,0,0,0,0,0,0,0,1,1,1,30.8,30.3,23.5,35,1,38.33,52,1,1,27.58,100,Low
CT0228,Orchha,Madhya Pradesh,4,0,0,3,0,1,0,2,3,0,0,2,3,2,70.2,49.85,40.5,89,1,96.8,1,68,1,54.99,100,High
CT0229,Panna,Madhya Pradesh,3,1,0,0,0,1,1,0,0,1,0,3,3,3,60.6,60.9,49,64.33,72.67,38.33,1,52,81.25,55.78,100,High
CT0230,Raisen,Madhya Pradesh,3,0,0,3,0,0,0,2,3,0,0,1,2,1,60.6,34.55,40.5,100,1,81.67,1,1,1,48.47,100,High
CT0231,Rajgarh,Madhya Pradesh,1,0,0,0,0,1,0,0,0,0,0,1,1,1,30.8,30.3,23.5,35,1,38.33,1,52,1,26.3,100,Low
CT0232,Ratlam,Madhya Pradesh,2,1,0,1,0,0,0,0,1,0,0,2,2,2,48.24,45.6,40.5,67,46.33,46.33,1,52,1,45.53,100,Medium
CT0233,Rewa,Madhya Pradesh,3,2,0,1,0,0,0,0,0,0,0,2,2,2,60.6,45.6,32,35,55.33,38.33,1,1,1,40.76,100,High
CT0234,Sagar,Madhya Pradesh,2,1,0,1,0,0,0,0,1,0,0,2,2,2,48.24,45.6,40.5,67,46.33,46.33,1,1,1,44.26,100,Medium
CT0235,Sarangpur,Madhya Pradesh,1,0,0,1,0,0,0,0,1,0,0,1,1,1,30.8,30.3,23.5,75,1,46.33,1,1,1,31.83,100,Low
CT0236,Satna,Madhya Pradesh,2,0,0,1,0,1,0,0,0,0,0,2,2,2,48.24,45.6,32,35,1,56.67,1,52,1,35.96,100,Medium
CT0237,Sehore,Madhya Pradesh,2,0,0,1,0,1,0,0,0,0,0,2,2,2,48.24,45.6,40.5,35,1,56.67,1,84,1,38.03,100,Medium
CT0238,Seoni,Madhya Pradesh,2,1,0,0,0,0,1,0,0,1,0,2,2,2,48.24,45.6,40.5,67,72.67,1,1,52,81.25,45.64,100,Medium
CT0239,Shahdol,Madhya Pradesh,1,0,0,1,0,0,0,0,1,0,0,1,1,1,30.8,30.3,32,75,1,46.33,1,1,1,33.1,100,Low
CT0240,Shajapur,Madhya Pradesh,2,0,0,1,0,1,0,0,0,0,0,2,2,2,48.24,45.6,32,35,1,56.67,1,84,1,36.76,100,Medium
CT0241,Sheopur,Madhya Pradesh,2,0,0,1,0,0,1,0,0,1,0,2,2,2,48.24,45.6,40.5,67,54.33,38.33,1,1,81.25,46.26,100,Medium
CT0242,Shivpuri,Madhya Pradesh,2,0,0,1,0,0,1,0,0,1,1,2,2,2,48.24,45.6,49,71,54.33,38.33,1,1,81.25,48.14,100,Medium
CT0243,Ujjain,Madhya Pradesh,5,0,0,1,0,4,0,0,0,0,0,2,4,2,78.04,54.1,49,35,38.33,84,1,100,1,53.84,100,High
CT0244,Vidisha,Madhya Pradesh,3,0,0,3,0,0,0,0,3,0,0,1,2,1,60.6,34.55,32,85,1,73.67,1,1,1,44.15,100,High
CT0245,Ahmadnagar,Maharashtra,2,0,1,1,0,0,0,0,0,0,0,2,2,1,48.24,41.35,23.5,35,1,56.67,52,1,1,35.11,100,Medium
CT0246,Akola,Maharashtra,2,0,0,1,0,1,0,0,1,1,0,2,2,2,48.24,45.6,32,67,1,64.67,1,52,70,43.28,100,Medium
CT0247,Amravati,Maharashtra,3,1,0,0,0,1,1,0,0,1,0,3,3,3,60.6,60.9,49,64.33,72.67,38.33,1,52,81.25,55.78,100,High
CT0248,Aurangabad,Maharashtra,4,0,0,4,0,0,0,2,4,0,0,1,2,1,70.2,34.55,66,100,1,90.67,1,1,1,55.12,100,High
CT0249,Bhandara,Maharashtra,2,0,0,0,0,1,1,0,0,1,0,2,2,2,48.24,45.6,40.5,51,54.33,38.33,1,52,70,44.86,100,Medium
CT0250,Bhusawal,Maharashtra,1,0,0,0,0,0,1,0,0,1,0,1,1,1,30.8,30.3,32,55,54.33,1,1,1,70,32.63,100,Low
CT0251,Bid,Maharashtra,2,1,0,1,0,0,0,0,1,0,0,2,2,2,48.24,45.6,40.5,67,38.33,46.33,1,84,1,45.53,100,Medium
CT0252,Buldhana,Maharashtra,2,1,0,0,1,0,0,1,1,1,1,2,2,2,48.24,45.6,40.5,75,64.67,38.33,52,1,70,50.77,100,Medium
CT0253,Chandrapur,Maharashtra,2,0,0,1,0,0,1,0,0,1,0,2,2,2,48.24,45.6,40.5,67,54.33,38.33,1,1,81.25,46.26,100,Medium
CT0254,Daulatabad,Maharashtra,1,0,0,1,0,0,0,0,1,0,0,1,1,1,30.8,30.3,32,75,1,46.33,1,1,1,33.1,100,Low
CT0255,Dhule,Maharashtra,2,0,0,1,1,0,0,0,0,0,0,2,2,2,48.24,45.6,23.5,35,1,56.67,52,1,1,35.96,100,Medium
CT0256,Jalgaon,Maharashtra,2,1,0,0,1,0,0,0,0,0,0,2,2,2,48.24,45.6,32,35,46.33,38.33,52,1,1,39.93,100,Medium
CT0257,Kalyan,Maharashtra,2,0,0,2,0,0,0,0,1,0,0,1,2,1,48.24,34.55,40.5,67,1,64.67,1,52,1,40.62,100,Medium
CT0258,Karli,Maharashtra,2,0,0,1,0,1,0,0,1,0,0,2,2,2,48.24,45.6,40.5,67,1,64.67,1,52,1,42.83,100,Medium
CT0259,Kolhapur,Maharashtra,4,1,0,2,0,1,0,0,2,0,0,3,4,3,70.2,65.15,40.5,72,38.33,92,1,52,1,58.35,100,High
CT0260,Mahabaleshwar,Maharashtra,4,2,0,1,0,1,0,1,0,0,0,3,4,3,70.2,65.15,40.5,70,64.67,61.47,1,52,1,57.63,100,High
CT0261,Malegaon,Maharashtra,1,0,0,1,0,0,0,0,0,0,0,1,1,1,30.8,30.3,23.5,35,1,38.33,1,1,1,25.03,100,Low
CT0262,Matheran,Maharashtra,3,2,1,0,0,0,0,1,0,0,0,2,3,2,60.6,49.85,40.5,71.67,64.67,43.13,1,1,1,49.8,100,High
CT0263,Mumbai,Maharashtra,7,0,0,4,1,1,1,3,4,1,0,4,6,5,90.41,88.95,74.5,100,54.33,100,84,52,81.25,85.01,100,High
CT0264,Nagpur,Maharashtra,3,1,0,1,0,1,0,0,1,0,0,3,2,3,60.6,56.65,49,64.33,46.33,55.33,52,52,1,54.54,100,High
CT0265,Nanded,Maharashtra,2,0,0,1,0,1,0,0,0,0,0,2,2,2,48.24,45.6,32,35,1,38.33,1,52,1,34.13,100,Medium
CT0266,Nashik,Maharashtra,4,0,0,1,0,3,0,0,2,0,0,2,4,2,70.2,54.1,40.5,72,38.33,64.67,1,100,1,54.61,100,High
CT0267,Osmanabad,Maharashtra,2,0,0,1,0,1,0,0,1,0,0,2,2,2,48.24,45.6,40.5,67,1,64.67,1,52,1,42.83,100,Medium
CT0268,Pandharpur,Maharashtra,2,0,0,0,0,2,0,0,0,0,0,1,2,1,48.24,34.55,23.5,35,38.33,38.33,1,84,1,35.17,100,Medium
CT0269,Parbhani,Maharashtra,2,0,0,1,0,1,0,0,1,0,0,2,2,2,48.24,45.6,40.5,67,1,64.67,1,52,1,42.83,100,Medium
CT0270,Pune,Maharashtra,4,0,1,3,0,0,0,0,4,0,0,2,3,1,70.2,45.6,40.5,90,1,92,1,1,1,52.13,100,High
CT0271,Ratnagiri,Maharashtra,2,0,0,2,0,0,0,0,0,0,0,1,2,1,48.24,34.55,23.5,35,1,56.67,1,1,1,31.2,100,Medium
CT0272,Sangli,Maharashtra,2,0,0,0,0,1,1,0,0,1,0,2,2,2,48.24,45.6,49,51,54.33,38.33,1,52,70,46.13,100,Medium
CT0273,Satara,Maharashtra,3,2,0,1,0,0,0,1,0,0,0,2,3,2,60.6,49.85,49,82.67,64.67,38.33,1,1,1,52.24,100,High
CT0274,Sevagram,Maharashtra,2,0,1,0,1,0,0,0,0,0,0,2,1,2,48.24,41.35,32,35,1,47.33,68,1,1,36.25,100,Medium
CT0275,Solapur,Maharashtra,3,0,0,1,0,1,1,0,1,1,0,3,3,3,60.6,60.9,49,72,54.33,64.67,1,52,70,57.45,100,High
CT0276,Thane,Maharashtra,2,1,0,0,0,1,0,0,0,0,0,2,2,2,48.24,45.6,32,35,46.33,38.33,1,52,1,38.66,100,Medium
CT0277,Ulhasnagar,Maharashtra,1,0,0,0,0,1,0,0,0,0,0,1,1,1,30.8,30.3,23.5,35,1,38.33,52,52,1,28.85,100,Low
CT0278,Vasai-Virar,Maharashtra,3,0,0,2,0,1,0,0,2,0,0,2,2,2,60.6,45.6,32,74.67,1,73.67,1,52,1,46.08,100,High
CT0279,Wardha,Maharashtra,2,0,1,0,1,0,0,0,0,0,0,2,2,2,48.24,45.6,32,35,1,56.67,84,1,1,38.83,100,Medium
CT0280,Yavatmal,Maharashtra,1,0,0,0,0,0,1,0,0,1,0,1,1,1,30.8,30.3,32,55,54.33,1,1,1,70,32.63,100,Low
CT0281,Imphal,Manipur,2,0,1,0,1,0,0,0,0,0,0,2,2,2,48.24,45.6,32,51,1,56.67,52,1,1,39.63,100,Medium
CT0282,Cherrapunji,Meghalaya,3,3,0,0,0,0,0,1,0,0,0,1,3,2,60.6,43.05,32,71.67,83,61.47,52,1,1,53.38,100,High
CT0283,Shillong,Meghalaya,3,2,0,0,1,0,0,0,0,0,0,2,3,2,60.6,49.85,32,35,83,38.33,52,1,1,46.92,100,High
CT0284,Aizawl,Mizoram,2,1,0,0,0,1,0,0,0,0,0,2,2,2,48.24,45.6,40.5,35,46.33,38.33,1,52,1,39.93,100,Medium
CT0285,Lunglei,Mizoram,2,2,0,0,0,0,0,0,0,1,0,1,2,2,48.24,38.8,40.5,51,72.67,38.33,1,1,70,44.06,100,Medium
CT0286,Kohima,Nagaland,2,0,1,0,1,0,0,0,0,0,0,2,2,2,48.24,45.6,32,35,1,56.67,52,1,1,37.23,100,Medium
CT0287,Mon,Nagaland,1,0,0,0,1,0,0,0,0,0,0,1,1,1,30.8,30.3,23.5,35,1,38.33,52,1,1,27.58,100,Low
CT0288,Phek,Nagaland,1,1,0,0,0,0,0,0,0,0,0,1,1,1,30.8,30.3,23.5,35,46.33,1,1,1,1,25.83,100,Low
CT0289,Wokha,Nagaland,1,1,0,0,0,0,0,0,0,0,0,1,1,1,30.8,30.3,23.5,35,46.33,1,1,1,1,25.83,100,Low
CT0290,Zunheboto,Nagaland,1,0,0,0,0,1,0,0,0,0,0,1,1,1,30.8,30.3,32,35,1,38.33,1,52,1,27.58,100,Low
CT0291,Balangir,Odisha,1,0,0,0,0,1,0,0,0,0,0,1,1,1,30.8,30.3,23.5,55,1,38.33,1,52,1,29.3,100,Low
CT0292,Baleshwar,Odisha,1,1,0,0,0,0,0,0,0,0,0,1,1,1,30.8,30.3,23.5,35,46.33,1,1,1,1,25.83,100,Low
CT0293,Baripada,Odisha,2,1,1,0,0,0,0,1,0,1,0,2,2,2,48.24,45.6,49,96,54.33,38.33,1,1,81.25,51.89,100,Medium
CT0294,Bhubaneshwar,Odisha,3,0,3,0,0,0,0,3,3,0,0,1,2,1,60.6,34.55,32,95,38.33,78.47,1,68,1,51.54,100,High
CT0295,Brahmapur,Odisha,1,1,0,0,0,0,0,0,0,0,0,1,1,1,30.8,30.3,23.5,35,46.33,1,1,1,1,25.83,100,Low
CT0296,Cuttack,Odisha,2,0,1,0,1,0,0,0,1,0,0,2,2,2,48.24,45.6,23.5,76,1,64.67,52,1,1,42.91,100,Medium
CT0297,Dhenkanal,Odisha,1,0,0,0,0,1,0,0,0,0,0,1,1,1,30.8,30.3,23.5,55,1,38.33,1,52,1,29.3,100,Low
CT0298,Kendujhar,Odisha,1,1,0,0,0,0,0,0,0,0,0,1,1,1,30.8,30.3,23.5,35,46.33,1,1,1,1,25.83,100,Low
CT0299,Konark,Odisha,2,1,1,0,0,0,0,1,1,0,0,2,2,2,48.24,45.6,40.5,87,46.33,54.33,1,52,1,49.33,100,Medium
CT0300,Koraput,Odisha,1,0,0,0,0,1,0,0,0,0,0,1,1,1,30.8,30.3,23.5,35,38.33,38.33,1,52,1,30.04,100,Low
CT0301,Paradip,Odisha,1,1,0,0,0,0,0,0,0,0,0,1,1,1,30.8,30.3,23.5,35,46.33,1,1,1,1,25.83,100,Low
CT0302,Phulabani,Odisha,1,1,0,0,0,0,0,0,0,0,0,1,1,1,30.8,30.3,23.5,35,46.33,1,1,1,1,25.83,100,Low
CT0303,Puri,Odisha,2,1,0,0,0,1,0,0,1,0,0,2,2,2,48.24,45.6,32,67,46.33,46.33,1,52,1,44.26,100,Medium
CT0304,Sambalpur,Odisha,2,0,1,0,0,1,0,0,0,0,1,2,2,2,48.24,45.6,40.5,80,46.33,56.67,1,52,1,48.52,100,Medium
CT0305,Udayagiri,Odisha,1,0,1,0,0,0,0,1,1,0,0,1,1,1,30.8,30.3,32,85,1,51.13,1,1,1,35.08,100,Low
CT0306,Karaikal,Puducherry,2,1,0,0,0,1,0,0,0,0,0,2,2,2,48.24,45.6,32,35,46.33,38.33,1,52,1,38.66,100,Medium
CT0307,Mahe,Puducherry,2,0,0,0,1,1,0,0,0,0,0,2,2,2,48.24,45.6,32,35,38.33,56.67,52,52,1,42.24,100,Medium
CT0308,Puducherry,Puducherry,4,0,1,0,3,0,0,0,0,0,0,2,1,3,70.2,45.6,49,35,1,65.33,84,68,1,48.32,100,High
CT0309,Yanam,Puducherry,2,0,0,0,1,1,0,0,0,0,0,2,2,2,48.24,45.6,32,35,1,56.67,52,52,1,38.51,100,Medium
CT0310,Amritsar,Punjab,6,0,2,1,1,2,0,1,1,0,0,4,5,4,84.66,80.45,32,76,1,92,100,84,1,65.65,100,High
CT0311,Batala,Punjab,2,0,0,1,0,1,0,0,1,0,0,2,2,2,48.24,45.6,40.5,67,1,46.33,1,52,1,41,100,Medium
CT0312,Chandigarh,Punjab,2,0,0,1,0,1,0,0,0,0,0,2,2,2,48.24,45.6,32,35,1,38.33,52,52,1,36.68,100,Medium
CT0313,Faridkot,Punjab,2,0,0,1,0,1,0,0,0,0,0,2,2,2,48.24,45.6,32,35,1,38.33,1,52,1,34.13,100,Medium
CT0314,Firozpur,Punjab,3,0,2,0,0,0,1,0,0,1,1,2,2,2,60.6,45.6,40.5,68,54.33,47.33,68,1,70,52.86,100,High
CT0315,Gurdaspur,Punjab,2,0,0,1,0,1,0,0,1,0,0,2,2,2,48.24,45.6,32,67,1,46.33,1,52,1,39.73,100,Medium
CT0316,Hoshiarpur,Punjab,2,0,0,2,0,0,0,0,0,0,0,1,2,1,48.24,34.55,40.5,35,1,56.67,52,1,1,36.3,100,Medium
CT0317,Jalandhar,Punjab,2,0,0,0,0,2,0,0,0,0,0,1,2,2,48.24,38.8,40.5,35,1,56.67,1,84,1,36.67,100,Medium
CT0318,Kapurthala,Punjab,3,0,1,2,0,0,0,0,1,0,0,2,2,1,60.6,41.35,40.5,64.33,1,73.67,1,52,1,44.96,100,High
CT0319,Ludhiana,Punjab,3,0,1,1,1,0,0,0,0,0,0,3,2,2,60.6,52.4,32,35,1,65.67,68,1,1,42.77,100,High
CT0320,Nabha,Punjab,2,0,1,1,0,0,0,0,0,0,0,2,2,1,48.24,41.35,40.5,35,1,56.67,1,1,1,35.11,100,Medium
CT0321,Patiala,Punjab,4,0,1,3,0,0,0,0,0,0,0,2,3,1,70.2,45.6,49,35,38.33,84,52,1,1,50.64,100,High
CT0322,Rupnagar,Punjab,3,1,0,1,0,1,0,0,1,0,1,3,3,3,60.6,60.9,57.5,78.33,54.33,46.33,1,52,1,56.12,100,High
CT0323,Sangrur,Punjab,1,0,0,1,0,0,0,0,0,0,0,1,1,1,30.8,30.3,23.5,35,38.33,38.33,1,1,1,28.76,100,Low
CT0324,Abu,Rajasthan,3,2,0,1,0,0,0,0,1,0,0,2,3,2,60.6,49.85,40.5,64.33,64.67,46.33,1,1,1,49.02,100,High
CT0325,Ajmer,Rajasthan,4,0,0,3,0,1,0,0,2,0,0,2,4,2,70.2,54.1,49,72,38.33,92,1,84,1,58.22,100,High
CT0326,Alwar,Rajasthan,3,1,0,2,0,0,0,0,1,0,0,2,3,2,60.6,49.85,49,64.33,46.33,64.67,1,1,1,50.29,100,High
CT0327,Amer,Rajasthan,3,0,0,3,0,0,0,1,1,0,0,1,2,1,60.6,34.55,40.5,82.67,1,81.67,1,1,1,45.87,100,High
CT0328,Barmer,Rajasthan,2,1,0,1,0,0,0,0,1,0,0,2,2,2,48.24,45.6,40.5,67,46.33,46.33,1,1,1,44.26,100,Medium
CT0329,Beawar,Rajasthan,1,0,0,0,1,0,0,0,0,0,0,1,1,1,30.8,30.3,23.5,35,1,38.33,52,1,1,27.58,100,Low
CT0330,Bharatpur,Rajasthan,3,0,0,2,0,0,1,1,2,1,1,2,3,2,60.6,49.85,57.5,100,54.33,64.67,1,1,81.25,59.72,100,High
CT0331,Bhilwara,Rajasthan,2,0,0,1,0,1,0,0,1,0,0,2,2,2,48.24,45.6,32,67,1,64.67,1,52,1,41.56,100,Medium
CT0332,Bikaner,Rajasthan,3,0,0,1,1,1,0,0,0,0,0,3,3,3,60.6,60.9,57.5,35,38.33,75,84,52,1,55.03,100,High
CT0333,Bundi,Rajasthan,3,0,0,3,0,0,0,0,2,0,0,1,3,1,60.6,38.8,49,74.67,1,83,52,1,1,49.48,100,High
CT0334,Chittaurgarh,Rajasthan,2,0,0,2,0,0,0,2,2,0,0,1,2,1,48.24,34.55,40.5,100,1,72.67,1,1,1,45.1,100,Medium
CT0335,Churu,Rajasthan,2,0,0,2,0,0,0,0,0,0,0,1,2,1,48.24,34.55,40.5,35,38.33,56.67,1,1,1,37.48,100,Medium
CT0336,Dhaulpur,Rajasthan,2,0,0,1,0,1,0,0,1,0,0,2,2,2,48.24,45.6,32,67,38.33,46.33,1,52,1,43.46,100,Medium
CT0337,Dungarpur,Rajasthan,2,0,0,2,0,0,0,0,0,0,0,1,1,1,48.24,30.3,32,35,1,47.33,1,1,1,30.69,100,Medium
CT0338,Ganganagar,Rajasthan,2,0,1,0,0,1,0,0,0,0,0,2,2,2,48.24,45.6,32,35,1,38.33,52,52,1,36.68,100,Medium
CT0339,Hanumangarh,Rajasthan,2,0,0,2,0,0,0,0,2,0,0,1,2,1,48.24,34.55,40.5,80,1,64.67,1,1,1,41.3,100,Medium
CT0340,Jaipur,Rajasthan,6,0,0,5,1,0,0,3,3,0,0,2,4,2,84.66,54.1,66,100,1,100,52,1,1,65.4,100,High
CT0341,Jaisalmer,Rajasthan,5,1,0,3,0,0,1,2,2,1,0,3,5,3,78.04,69.4,66,96.4,91,91,1,1,81.25,74.15,100,High
CT0342,Jalor,Rajasthan,2,0,0,2,0,0,0,0,1,0,0,1,2,1,48.24,34.55,40.5,67,1,64.67,1,1,1,39.35,100,Medium
CT0343,Jhalawar,Rajasthan,3,0,0,3,0,0,0,1,2,0,0,1,3,1,60.6,38.8,49,93,1,91,52,1,1,53.03,100,High
CT0344,Jhunjhunu,Rajasthan,2,0,0,1,0,1,0,0,0,0,0,2,2,2,48.24,45.6,40.5,35,1,56.67,1,52,1,37.23,100,Medium
CT0345,Jodhpur,Rajasthan,5,1,0,4,0,0,0,0,2,0,0,2,5,2,78.04,58.35,57.5,70.4,64.67,92,1,1,1,62.23,100,High
CT0346,Kishangarh,Rajasthan,2,0,0,2,0,0,0,0,0,0,0,1,2,1,48.24,34.55,40.5,35,1,56.67,52,1,1,36.3,100,Medium
CT0347,Kota,Rajasthan,3,1,0,2,0,0,0,0,0,0,0,2,2,2,60.6,45.6,49,35,46.33,47.33,1,1,1,43.31,100,High
CT0348,Merta,Rajasthan,1,0,0,0,0,1,0,0,0,0,0,1,1,1,30.8,30.3,23.5,35,1,38.33,1,52,1,26.3,100,Low
CT0349,Nagaur,Rajasthan,2,0,0,2,0,0,0,0,1,0,0,1,2,1,48.24,34.55,40.5,67,1,64.67,1,1,1,39.35,100,Medium
CT0350,Nathdwara,Rajasthan,2,0,0,0,1,1,0,0,0,0,0,2,2,1,48.24,41.35,40.5,35,1,56.67,52,84,1,39.73,100,Medium
CT0351,Pali,Rajasthan,2,0,0,1,0,0,1,0,1,1,0,2,2,2,48.24,45.6,49,76,54.33,46.33,1,1,70,49.41,100,Medium
CT0352,Phalodi,Rajasthan,2,0,0,1,0,0,1,0,0,0,0,2,2,2,48.24,45.6,40.5,35,46.33,38.33,1,1,58.75,40.1,100,Medium
CT0353,Pushkar,Rajasthan,3,0,0,0,0,3,0,0,0,0,0,1,2,1,60.6,34.55,23.5,35,38.33,47.33,1,100,1,38.95,100,High
CT0354,Sawai Madhopur,Rajasthan,2,0,0,1,0,0,1,1,1,1,0,2,2,2,48.24,45.6,40.5,100,54.33,54.33,1,1,81.25,52.81,100,Medium
CT0355,Shahpura,Rajasthan,1,0,0,0,1,0,0,0,0,0,0,1,1,1,30.8,30.3,23.5,35,1,38.33,52,1,1,27.58,100,Low
CT0356,Sikar,Rajasthan,2,0,0,1,0,1,0,0,1,0,0,2,2,2,48.24,45.6,40.5,67,1,64.67,1,52,1,42.83,100,Medium
CT0357,Sirohi,Rajasthan,2,0,0,2,0,0,0,0,1,0,0,1,2,1,48.24,34.55,40.5,67,1,64.67,1,52,1,40.62,100,Medium
CT0358,Tonk,Rajasthan,2,0,0,2,0,0,0,0,2,0,0,1,2,1,48.24,34.55,49,80,1,64.67,1,1,1,42.57,100,Medium
CT0359,Udaipur,Rajasthan,5,1,0,4,0,0,0,0,0,0,0,2,3,2,78.04,49.85,40.5,35,75,84,1,1,1,52.9,100,High
CT0360,Gangtok,Sikkim,2,1,0,0,0,1,0,0,0,0,0,2,2,2,48.24,45.6,32,35,46.33,38.33,1,52,1,38.66,100,Medium
CT0361,Gyalshing,Sikkim,2,0,2,0,0,0,0,0,1,0,0,1,2,1,48.24,34.55,32,67,1,64.67,1,52,1,39.35,100,Medium
CT0362,Lachung,Sikkim,2,1,0,0,0,1,0,0,0,0,0,2,2,2,48.24,45.6,32,35,46.33,56.67,1,52,1,40.49,100,Medium
CT0363,Mangan,Sikkim,1,1,0,0,0,0,0,0,0,0,0,1,1,1,30.8,30.3,23.5,35,46.33,1,1,1,1,25.83,100,Low
CT0364,Arcot,Tamil Nadu,1,0,1,0,0,0,0,0,0,0,0,1,1,1,30.8,30.3,23.5,55,1,38.33,1,1,1,28.03,100,Low
CT0365,Chengalpattu,Tamil Nadu,2,2,0,0,0,0,0,0,0,1,1,1,2,2,48.24,38.8,40.5,71,72.67,1,1,1,70,43.32,100,Medium
CT0366,Chennai,Tamil Nadu,5,2,2,0,0,1,0,0,1,1,0,3,5,4,78.04,73.65,66,70.4,72.67,83,1,84,81.25,70.55,100,High
CT0367,Chidambaram,Tamil Nadu,2,1,0,0,0,1,0,0,0,1,1,2,2,2,48.24,45.6,40.5,71,54.33,38.33,1,52,70,47.86,100,Medium
CT0368,Coimbatore,Tamil Nadu,3,0,0,0,1,2,0,0,0,0,0,2,2,2,60.6,45.6,49,49.67,1,65.67,52,100,1,47.83,100,High
CT0369,Cuddalore,Tamil Nadu,2,1,1,0,0,0,0,0,0,0,0,2,2,2,48.24,45.6,32,51,46.33,38.33,1,1,1,39.78,100,Medium
CT0370,Dharmapuri,Tamil Nadu,1,1,0,0,0,0,0,0,0,0,0,1,1,1,30.8,30.3,23.5,35,46.33,1,1,1,1,25.83,100,Low
CT0371,Dindigul,Tamil Nadu,1,0,1,0,0,0,0,0,1,0,0,1,1,1,30.8,30.3,23.5,75,1,46.33,1,1,1,31.83,100,Low
CT0372,Erode,Tamil Nadu,2,1,0,0,0,1,0,0,0,1,1,2,2,2,48.24,45.6,40.5,80,54.33,38.33,1,52,70,49.21,100,Medium
CT0373,Kanchipuram,Tamil Nadu,3,0,1,0,0,2,0,1,1,0,0,2,1,2,60.6,41.35,57.5,71.67,1,69.13,1,84,1,48.95,100,High
CT0374,Kanniyakumari,Tamil Nadu,3,1,0,0,2,0,0,0,0,0,0,2,2,2,60.6,45.6,40.5,35,46.33,47.33,68,52,1,46.66,100,High
CT0375,Kodaikanal,Tamil Nadu,2,2,0,0,0,0,0,0,0,0,0,1,2,1,48.24,34.55,23.5,35,64.67,1,1,1,1,32,100,Medium
CT0376,Kumbakonam,Tamil Nadu,2,0,1,0,0,1,0,1,1,0,0,2,1,2,48.24,41.35,40.5,87,1,63.33,1,68,1,45.25,100,Medium
CT0377,Madurai,Tamil Nadu,3,0,2,0,1,0,0,1,0,0,0,2,3,2,60.6,49.85,57.5,79.33,1,79.8,52,52,1,54.62,100,High
CT0378,Mamallapuram,Tamil Nadu,3,0,3,0,0,0,0,3,3,0,0,1,2,1,60.6,34.55,32,100,1,81.67,1,52,1,48.47,100,High
CT0379,Nagappattinam,Tamil Nadu,2,0,0,0,0,2,0,0,0,0,0,1,2,1,48.24,34.55,23.5,35,1,56.67,1,84,1,33.27,100,Medium
CT0380,Nagercoil,Tamil Nadu,2,0,1,0,0,1,0,0,1,0,0,2,2,2,48.24,45.6,32,67,1,64.67,1,52,1,41.56,100,Medium
CT0381,Palayamkottai,Tamil Nadu,1,0,1,0,0,0,0,0,0,0,0,1,1,1,30.8,30.3,23.5,35,1,38.33,1,52,1,26.3,100,Low
CT0382,Pudukkottai,Tamil Nadu,2,0,2,0,0,0,0,0,2,0,0,1,2,1,48.24,34.55,40.5,80,38.33,64.67,1,1,1,45.03,100,Medium
CT0383,Rajapalayam,Tamil Nadu,2,2,0,0,0,0,0,0,0,0,0,1,2,1,48.24,34.55,23.5,35,64.67,1,1,1,1,32,100,Medium
CT0384,Ramanathapuram,Tamil Nadu,3,0,2,0,0,1,0,1,0,0,0,2,3,2,60.6,49.85,32,79.33,1,79.8,1,52,1,48.25,100,High
CT0385,Salem,Tamil Nadu,2,1,0,0,0,1,0,0,0,0,0,2,2,2,48.24,45.6,32,35,46.33,38.33,1,52,1,38.66,100,Medium
CT0386,Thanjavur,Tamil Nadu,2,0,2,0,0,0,0,1,1,0,0,1,2,1,48.24,34.55,40.5,96,1,72.67,1,52,1,45.77,100,Medium
CT0387,Tiruchchirappalli,Tamil Nadu,3,0,2,0,0,1,0,1,1,0,0,2,1,2,60.6,41.35,40.5,82,1,69.13,1,84,1,47.95,100,High
CT0388,Tirunelveli,Tamil Nadu,2,1,0,0,0,1,0,0,0,0,0,2,2,2,48.24,45.6,32,35,46.33,38.33,1,52,1,38.66,100,Medium
CT0389,Tiruppur,Tamil Nadu,2,1,1,0,0,0,0,0,1,1,1,2,2,2,48.24,45.6,49,84,54.33,46.33,1,52,70,51.88,100,Medium
CT0390,Thoothukudi,Tamil Nadu,2,0,1,0,0,1,0,0,1,0,0,2,2,2,48.24,45.6,40.5,67,1,64.67,1,52,1,42.83,100,Medium
CT0391,Udhagamandalam,Tamil Nadu,4,3,1,0,0,0,0,2,0,1,0,2,4,3,70.2,58.35,49,92,91,64.67,1,1,81.25,64.53,100,High
CT0392,Vellore,Tamil Nadu,2,0,1,0,0,1,0,0,1,0,0,2,2,2,48.24,45.6,32,67,1,64.67,1,52,1,41.56,100,Medium
CT0393,Hyderabad,Telangana,6,0,4,0,2,0,0,3,2,0,0,2,5,3,84.66,62.6,49,85,38.33,96.8,84,1,1,67.32,100,High
CT0394,Karimnagar,Telangana,2,1,1,0,0,0,0,0,0,0,0,2,2,2,48.24,45.6,32,51,46.33,56.67,1,1,1,41.62,100,Medium
CT0395,Khammam,Telangana,2,0,1,0,1,0,0,0,0,0,0,2,2,2,48.24,45.6,32,51,38.33,38.33,52,1,1,41.53,100,Medium
CT0396,Mahbubnagar,Telangana,2,1,1,0,0,0,0,0,0,0,0,2,2,2,48.24,45.6,32,60,46.33,56.67,1,1,1,42.97,100,Medium
CT0397,Nizamabad,Telangana,2,1,1,0,0,0,0,0,0,0,0,2,2,2,48.24,45.6,32,51,46.33,38.33,1,1,1,39.78,100,Medium
CT0398,Sangareddi,Telangana,2,2,0,0,0,0,0,0,0,1,0,1,2,2,48.24,38.8,40.5,51,72.67,38.33,1,1,70,44.06,100,Medium
CT0399,Warangal,Telangana,3,0,2,0,0,1,0,2,2,0,0,2,2,2,60.6,45.6,40.5,83.33,1,78.47,1,68,1,49.54,100,High
CT0400,Agartala,Tripura,2,0,2,0,0,0,0,0,0,0,1,1,1,1,48.24,30.3,32,80,1,47.33,1,1,1,37.44,100,Medium
CT0401,Agra,Uttar Pradesh,6,0,0,5,0,0,1,2,5,1,1,2,4,2,84.66,54.1,57.5,100,72.67,100,1,1,70,70.47,100,High
CT0402,Aligarh,Uttar Pradesh,3,1,0,1,1,0,0,0,0,0,0,3,3,3,60.6,60.9,40.5,35,46.33,56.67,52,1,1,48.58,100,High
CT0403,Amroha,Uttar Pradesh,2,0,0,0,0,2,0,0,0,0,0,1,2,1,48.24,34.55,32,35,1,56.67,1,84,1,34.55,100,Medium
CT0404,Ayodhya,Uttar Pradesh,5,0,0,0,0,5,0,0,0,0,0,1,2,1,78.04,34.55,57.5,35,38.33,65.33,52,100,1,51.88,100,High
CT0405,Azamgarh,Uttar Pradesh,2,0,0,0,1,1,0,0,0,0,0,2,2,2,48.24,45.6,32,35,1,56.67,52,52,1,38.51,100,Medium
CT0406,Bahraich,Uttar Pradesh,3,0,0,1,0,1,1,0,0,1,0,3,3,3,60.6,60.9,49,49.67,54.33,56.67,52,52,70,55.85,100,High
CT0407,Ballia,Uttar Pradesh,2,0,0,0,0,1,1,0,0,1,0,2,2,2,48.24,45.6,40.5,51,54.33,38.33,1,52,70,44.86,100,Medium
CT0408,Banda,Uttar Pradesh,2,0,0,2,0,0,0,1,1,0,0,1,1,1,48.24,30.3,40.5,75,1,60.13,1,1,1,39.25,100,Medium
CT0409,Bara Banki,Uttar Pradesh,3,1,0,0,0,2,0,0,0,0,0,2,3,2,60.6,49.85,32,35,38.33,56.67,52,84,1,46.37,100,High
CT0410,Bareilly,Uttar Pradesh,3,0,0,1,0,2,0,0,1,0,0,2,3,2,60.6,49.85,49,64.33,1,83,52,84,1,52.22,100,High
CT0411,Basti,Uttar Pradesh,2,1,0,0,0,1,0,0,0,0,0,2,2,2,48.24,45.6,32,35,46.33,38.33,1,52,1,38.66,100,Medium
CT0412,Bijnor,Uttar Pradesh,3,0,0,2,0,0,1,0,1,1,1,2,3,2,60.6,49.85,49,78.33,54.33,64.67,52,1,70,57.47,100,High
CT0413,Bithur,Uttar Pradesh,3,0,1,0,0,2,0,0,0,0,0,2,3,2,60.6,49.85,32,35,38.33,56.67,52,84,1,46.37,100,High
CT0414,Budaun,Uttar Pradesh,2,0,0,2,0,0,0,0,2,0,0,1,2,1,48.24,34.55,40.5,80,1,64.67,1,52,1,42.57,100,Medium
CT0415,Bulandshahr,Uttar Pradesh,2,0,0,1,0,1,0,0,0,0,0,2,2,2,48.24,45.6,32,35,1,56.67,1,52,1,35.96,100,Medium
CT0416,Deoria,Uttar Pradesh,2,0,0,0,0,2,0,0,0,0,0,1,1,1,48.24,30.3,23.5,35,1,47.33,1,68,1,31.09,100,Medium
CT0417,Etah,Uttar Pradesh,2,0,0,0,0,1,1,0,0,1,0,2,2,2,48.24,45.6,40.5,51,54.33,38.33,1,52,70,44.86,100,Medium
CT0418,Etawah,Uttar Pradesh,2,0,0,0,0,0,2,0,0,2,0,1,2,1,48.24,34.55,32,60,72.67,1,1,1,88.75,40.02,100,Medium
CT0419,Faizabad,Uttar Pradesh,3,0,0,2,0,1,0,0,2,0,0,2,2,2,60.6,45.6,40.5,74.67,38.33,55.33,1,52,1,49.26,100,High
CT0420,Farrukhabad-cum-Fatehgarh,Uttar Pradesh,2,0,1,1,0,0,0,0,1,0,0,2,2,1,48.24,41.35,40.5,67,1,64.67,1,52,1,41.98,100,Medium
CT0421,Fatehpur,Uttar Pradesh,2,0,1,1,0,0,0,0,1,0,0,2,2,1,48.24,41.35,40.5,67,1,64.67,52,1,1,43.26,100,Medium
CT0422,Fatehpur Sikri,Uttar Pradesh,3,0,0,2,0,1,0,3,3,0,0,2,2,2,60.6,45.6,32,100,1,81.67,1,52,1,50.68,100,High
CT0423,Ghaziabad,Uttar Pradesh,2,1,0,0,0,1,0,0,0,0,0,2,2,2,48.24,45.6,32,35,46.33,56.67,1,52,1,40.49,100,Medium
CT0424,Ghazipur,Uttar Pradesh,2,0,1,1,0,0,0,0,1,0,0,2,2,1,48.24,41.35,40.5,67,1,64.67,52,1,1,43.26,100,Medium
CT0425,Gonda,Uttar Pradesh,2,0,0,0,0,1,1,0,0,1,1,2,2,2,48.24,45.6,40.5,71,54.33,38.33,1,52,70,47.86,100,Medium
CT0426,Gorakhpur,Uttar Pradesh,4,1,0,0,1,1,1,0,0,1,0,4,4,4,70.2,76.2,57.5,49,72.67,56.67,52,52,70,63.84,100,High
CT0427,Hamirpur,Uttar Pradesh,2,1,0,0,0,1,0,0,0,0,0,2,2,2,48.24,45.6,32,35,46.33,38.33,1,52,1,38.66,100,Medium
CT0428,Hardoi,Uttar Pradesh,2,0,0,1,0,0,1,0,0,1,1,2,2,2,48.24,45.6,40.5,71,54.33,38.33,1,1,70,46.58,100,Medium
CT0429,Hathras,Uttar Pradesh,2,0,0,1,0,1,0,0,0,0,0,2,2,2,48.24,45.6,32,35,1,56.67,1,52,1,35.96,100,Medium
CT0430,Jalaun,Uttar Pradesh,2,0,0,2,0,0,0,0,1,0,0,1,1,1,48.24,30.3,40.5,67,1,55.33,1,1,1,37.57,100,Medium
CT0431,Jaunpur,Uttar Pradesh,4,0,0,4,0,0,0,0,4,0,0,1,3,1,70.2,38.8,40.5,90,1,92,1,68,1,52.45,100,High
CT0432,Jhansi,Uttar Pradesh,4,0,0,3,1,0,0,0,3,0,0,2,3,2,70.2,49.85,23.5,81,1,92,52,1,1,51.63,100,High
CT0433,Kannauj,Uttar Pradesh,3,0,0,0,1,1,1,0,0,1,0,3,3,3,60.6,60.9,57.5,49.67,54.33,56.67,52,52,70,57.13,100,High
CT0434,Kanpur,Uttar Pradesh,4,1,0,1,0,1,1,0,0,1,0,4,4,4,70.2,76.2,57.5,49,72.67,56.67,1,84,70,62.09,100,High
CT0435,Lakhimpur,Uttar Pradesh,3,0,0,0,0,2,1,0,0,1,0,2,2,3,60.6,49.85,57.5,64.33,54.33,47.33,1,68,81.25,54.31,100,High
CT0436,Lalitpur,Uttar Pradesh,3,0,0,3,0,0,0,0,2,0,0,1,2,1,60.6,34.55,40.5,74.67,1,73.67,1,1,1,43.87,100,High
CT0437,Lucknow,Uttar Pradesh,7,0,0,5,1,0,1,0,4,1,0,3,4,3,90.41,65.15,57.5,84.29,54.33,92,52,1,70,71.39,100,High
CT0438,Mainpuri,Uttar Pradesh,2,0,0,0,0,1,1,0,0,1,1,2,2,2,48.24,45.6,40.5,71,54.33,38.33,1,52,70,47.86,100,Medium
CT0439,Mathura,Uttar Pradesh,5,0,0,1,1,3,0,0,0,0,0,3,4,3,78.04,65.15,66,35,38.33,84,52,100,1,61.15,100,High
CT0440,Meerut,Uttar Pradesh,4,0,1,2,0,1,0,0,1,0,0,3,3,1,70.2,52.4,40.5,63,1,92,1,100,1,51.92,100,High
CT0441,Mirzapur-Vindhyachal,Uttar Pradesh,4,1,0,1,0,2,0,0,1,0,0,3,4,3,70.2,65.15,40.5,63,64.67,83,1,84,1,59.54,100,High
CT0442,Moradabad,Uttar Pradesh,2,0,0,1,1,0,0,0,0,0,0,2,2,2,48.24,45.6,40.5,35,1,56.67,52,52,1,39.78,100,Medium
CT0443,Muzaffarnagar,Uttar Pradesh,2,0,0,0,0,2,0,0,0,0,0,1,2,1,48.24,34.55,23.5,35,38.33,38.33,1,84,1,35.17,100,Medium
CT0444,Partapgarh,Uttar Pradesh,2,0,0,0,0,2,0,0,0,0,0,1,1,1,48.24,30.3,40.5,35,1,47.33,1,68,1,33.64,100,Medium
CT0445,Pilibhit,Uttar Pradesh,3,1,0,0,0,1,1,0,0,2,0,3,3,3,60.6,60.9,49,72,72.67,38.33,1,52,100,57.4,100,High
CT0446,Prayagraj,Uttar Pradesh,6,0,1,4,0,1,0,0,2,0,0,3,6,2,84.66,69.4,66,69.33,56.67,92,84,84,1,72.3,100,High
CT0447,Rae Bareli,Uttar Pradesh,2,0,0,1,0,0,1,0,0,1,1,2,2,2,48.24,45.6,40.5,71,54.33,38.33,1,1,70,46.58,100,Medium
CT0448,Rampur,Uttar Pradesh,3,0,1,1,1,0,0,0,0,0,0,3,3,2,60.6,56.65,40.5,35,1,75,84,1,1,46.63,100,High
CT0449,Saharanpur,Uttar Pradesh,2,1,0,0,0,1,0,0,0,0,0,2,2,2,48.24,45.6,40.5,35,38.33,56.67,1,52,1,40.97,100,Medium
CT0450,Sambhal,Uttar Pradesh,2,0,0,1,0,1,0,0,1,0,0,2,2,2,48.24,45.6,32,67,1,64.67,1,84,1,42.36,100,Medium
CT0451,Shahjahanpur,Uttar Pradesh,2,0,1,0,0,1,0,0,0,0,0,2,2,2,48.24,45.6,32,35,1,56.67,84,52,1,40.11,100,Medium
CT0452,Sitapur,Uttar Pradesh,3,0,0,0,0,3,0,0,0,0,0,1,2,1,60.6,34.55,23.5,35,38.33,47.33,1,100,1,38.95,100,High
CT0453,Sultanpur,Uttar Pradesh,2,0,0,1,0,1,0,0,0,0,0,2,2,2,48.24,45.6,32,35,38.33,38.33,1,52,1,37.86,100,Medium
CT0454,Tehri,Uttar Pradesh,3,2,0,0,0,1,0,0,0,0,0,2,3,2,60.6,49.85,49,35,64.67,38.33,1,52,1,46.37,100,High
CT0455,Varanasi,Uttar Pradesh,8,0,0,2,3,3,0,4,2,0,0,3,5,3,95.47,69.4,57.5,92,56.33,96.8,100,100,1,78.24,100,High
CT0456,Almora,Uttarakhand,5,0,0,2,0,2,1,1,2,1,0,3,3,3,78.04,60.9,83,83.8,54.33,87.47,52,68,70,73.04,100,High
CT0457,Dehra Dun,Uttarakhand,5,2,1,0,1,1,0,0,0,0,0,4,5,4,78.04,80.45,57.5,35,64.67,75,52,84,1,64.26,100,High
CT0458,Haridwar,Uttarakhand,4,0,0,0,0,3,1,0,0,1,0,2,3,2,70.2,49.85,40.5,63,72.67,47.33,1,100,81.25,56.12,100,High
CT0459,Mussoorie,Uttarakhand,5,4,0,1,0,0,0,0,0,0,0,2,4,2,78.04,54.1,49,35,92,56.67,1,1,1,53.99,100,High
CT0460,Nainital,Uttarakhand,5,3,0,0,0,1,1,0,0,1,0,3,5,3,78.04,69.4,49,48.6,100,56.67,1,52,70,62.89,100,High
CT0461,Pithoragarh,Uttarakhand,3,0,0,1,0,1,1,0,0,1,0,3,3,3,60.6,60.9,49,49.67,72.67,56.67,1,52,70,55.13,100,High
CT0462,Alipore,West Bengal,2,1,1,0,0,0,0,0,1,0,0,2,2,2,48.24,45.6,23.5,67,38.33,64.67,1,1,58.75,44.19,100,Medium
CT0463,Alipur Duar,West Bengal,2,1,1,0,0,0,0,0,0,1,0,2,2,2,48.24,45.6,40.5,76,54.33,38.33,1,1,81.25,47.61,100,Medium
CT0464,Asansol,West Bengal,1,0,0,0,0,1,0,0,0,0,0,1,1,1,30.8,30.3,23.5,35,1,38.33,1,52,1,26.3,100,Low
CT0465,Baharampur,West Bengal,1,0,1,0,0,0,0,0,0,0,0,1,1,1,30.8,30.3,32,55,1,38.33,1,1,1,29.3,100,Low
CT0466,Bally,West Bengal,1,0,1,0,0,0,0,0,0,0,0,1,1,1,30.8,30.3,23.5,35,1,38.33,1,1,1,25.03,100,Low
CT0467,Balurghat,West Bengal,1,0,0,0,1,0,0,0,0,0,0,1,1,1,30.8,30.3,32,35,1,38.33,52,1,1,28.85,100,Low
CT0468,Bankura,West Bengal,1,0,1,0,0,0,0,0,1,0,0,1,1,1,30.8,30.3,32,75,38.33,46.33,1,1,1,36.84,100,Low
CT0469,Baranagar,West Bengal,1,0,0,0,1,0,0,0,0,0,0,1,1,1,30.8,30.3,23.5,35,1,38.33,52,52,1,28.85,100,Low
CT0470,Barasat,West Bengal,1,0,0,0,1,0,0,0,0,0,0,1,1,1,30.8,30.3,23.5,35,1,38.33,52,1,1,27.58,100,Low
CT0471,Barrackpore,West Bengal,2,0,0,0,2,0,0,0,0,0,0,1,2,1,48.24,34.55,23.5,35,1,56.67,84,1,1,35.35,100,Medium
CT0472,Basirhat,West Bengal,1,1,0,0,0,0,0,0,0,0,0,1,1,1,30.8,30.3,23.5,35,46.33,1,1,1,1,25.83,100,Low
CT0473,Bhatpara,West Bengal,1,0,0,0,1,0,0,0,0,0,0,1,1,1,30.8,30.3,23.5,35,1,38.33,52,1,1,27.58,100,Low
CT0474,Bishnupur,West Bengal,3,0,3,0,0,0,0,3,3,0,0,1,2,1,60.6,34.55,32,95,1,78.47,1,68,1,47.8,100,High
CT0475,Budge Budge,West Bengal,1,0,1,0,0,0,0,0,0,0,0,1,1,1,30.8,30.3,23.5,35,1,38.33,1,1,1,25.03,100,Low
CT0476,Burdwan,West Bengal,2,0,1,0,0,1,0,0,0,0,0,2,2,2,48.24,45.6,32,60,1,56.67,1,52,1,39.71,100,Medium
CT0477,Chandernagore,West Bengal,2,0,1,0,1,0,0,0,0,0,0,2,2,2,48.24,45.6,40.5,35,1,56.67,52,52,1,39.78,100,Medium
CT0478,Darjeeling,West Bengal,3,2,1,0,0,0,0,1,0,0,0,2,3,3,60.6,54.1,49,82.67,64.67,46.33,1,1,58.75,55.33,100,High
CT0479,Diamond Harbour,West Bengal,1,0,1,0,0,0,0,0,0,0,0,1,1,1,30.8,30.3,23.5,55,1,38.33,1,1,1,28.03,100,Low
CT0480,Dum Dum,West Bengal,1,0,1,0,0,0,0,0,1,0,0,1,1,1,30.8,30.3,32,75,1,46.33,1,1,1,33.1,100,Low
CT0481,Durgapur,West Bengal,1,0,1,0,0,0,0,0,0,0,0,1,1,1,30.8,30.3,32,35,38.33,38.33,1,1,1,30.04,100,Low
CT0482,Halisahar,West Bengal,1,0,0,0,1,0,0,0,0,0,0,1,1,1,30.8,30.3,23.5,35,1,38.33,52,52,1,28.85,100,Low
CT0483,Haora,West Bengal,2,1,1,0,0,0,0,0,0,0,0,2,2,2,48.24,45.6,40.5,35,38.33,56.67,1,1,1,39.69,100,Medium
CT0484,Hugli,West Bengal,2,0,2,0,0,0,0,0,0,0,0,1,2,1,48.24,34.55,40.5,51,1,56.67,1,84,1,38.22,100,Medium
CT0485,Ingraj Bazar,West Bengal,1,0,0,0,1,0,0,0,0,0,0,1,1,1,30.8,30.3,32,55,1,38.33,52,1,1,31.85,100,Low
CT0486,Jalpaiguri,West Bengal,2,1,0,0,0,1,0,0,0,1,0,2,2,2,48.24,45.6,40.5,76,54.33,38.33,1,52,81.25,48.89,100,Medium
CT0487,Kalimpong,West Bengal,2,0,1,0,0,1,0,0,0,0,0,2,2,2,48.24,45.6,40.5,35,1,56.67,1,52,1,37.23,100,Medium
CT0488,Kamarhati,West Bengal,1,0,0,0,1,0,0,0,0,0,0,1,1,1,30.8,30.3,23.5,35,1,38.33,52,52,1,28.85,100,Low
CT0489,Kanchrapara,West Bengal,1,0,1,0,0,0,0,0,0,0,0,1,1,1,30.8,30.3,23.5,35,1,38.33,1,1,1,25.03,100,Low
CT0490,Kharagpur,West Bengal,1,0,1,0,0,0,0,0,1,0,0,1,1,1,30.8,30.3,23.5,75,1,46.33,52,1,1,34.38,100,Low
CT0491,Cooch Behar,West Bengal,2,0,1,0,0,1,0,0,1,0,0,2,2,2,48.24,45.6,40.5,76,1,64.67,1,52,1,44.18,100,Medium
CT0492,Kolkata,West Bengal,5,0,2,0,1,2,0,0,0,0,0,3,3,4,78.04,65.15,49,35,1,84,52,68,1,54.06,100,High
CT0493,Krishnanagar,West Bengal,1,0,1,0,0,0,0,0,0,0,0,1,1,1,30.8,30.3,23.5,55,1,38.33,1,1,1,28.03,100,Low
CT0494,Malda,West Bengal,2,0,2,0,0,0,0,2,2,0,0,1,2,1,48.24,34.55,32,90,1,69.47,1,52,1,43.28,100,Medium
CT0495,Midnapore,West Bengal,1,0,1,0,0,0,0,0,0,0,0,1,1,1,30.8,30.3,23.5,55,1,38.33,1,1,1,28.03,100,Low
CT0496,Murshidabad,West Bengal,3,0,3,0,0,0,0,0,2,0,0,1,3,1,60.6,38.8,49,82.33,1,83,1,52,1,49.36,100,High
CT0497,Nabadwip,West Bengal,1,0,0,0,0,1,0,0,0,0,0,1,1,1,30.8,30.3,23.5,35,1,38.33,1,52,1,26.3,100,Low
CT0498,Palashi,West Bengal,1,0,1,0,0,0,0,0,1,0,0,1,1,1,30.8,30.3,23.5,75,1,46.33,1,1,1,31.83,100,Low
CT0499,Panihati,West Bengal,1,0,0,0,1,0,0,0,0,0,0,1,1,1,30.8,30.3,23.5,35,1,38.33,52,52,1,28.85,100,Low
CT0500,Purulia,West Bengal,2,2,0,0,0,0,0,0,0,0,0,1,2,1,48.24,34.55,40.5,35,64.67,1,1,1,1,34.55,100,Medium
CT0501,Raiganj,West Bengal,1,1,0,0,0,0,0,0,0,1,0,1,1,1,30.8,30.3,32,55,54.33,1,1,1,70,32.63,100,Low
CT0502,Santipur,West Bengal,1,0,1,0,0,0,0,0,0,0,0,1,1,1,30.8,30.3,32,55,1,38.33,1,52,1,30.58,100,Low
CT0503,Shantiniketan,West Bengal,2,0,1,0,1,0,0,2,1,0,0,2,2,2,48.24,45.6,32,100,1,72.67,84,1,1,50.18,100,Medium
CT0504,Shrirampur,West Bengal,2,0,2,0,0,0,0,0,0,0,0,1,2,1,48.24,34.55,40.5,60,1,56.67,1,52,1,38.77,100,Medium
CT0505,Siliguri,West Bengal,2,1,0,0,0,1,0,0,0,0,0,2,2,2,48.24,45.6,40.5,35,46.33,38.33,1,52,58.75,41.38,100,Medium
CT0506,Siuri,West Bengal,1,1,0,0,0,0,0,0,0,0,0,1,1,1,30.8,30.3,23.5,35,46.33,38.33,1,1,1,29.56,100,Low
CT0507,Tamluk,West Bengal,2,0,1,0,0,1,0,0,0,0,0,2,2,2,48.24,45.6,32,60,1,56.67,1,52,1,39.71,100,Medium
CT0508,Titagarh,West Bengal,1,0,0,0,1,0,0,0,0,0,0,1,1,1,30.8,30.3,23.5,35,1,38.33,52,1,1,27.58,100,Low