city_name,state_name,verified_cultural_asset_count,cultural_category_count,traditional_art_count,handicraft_count,handloom_count,music_count,dance_count,theatre_count,food_heritage_count,tribal_culture_count,folk_tradition_count,unesco_ich_count,gi_count,officially_recognized_count,living_tradition_count,data_completeness_percentage,score_confidence,Cultural_Asset_Count_Score,Cultural_Diversity_Score,Cultural_Significance_Score,Cultural_Recognition_Score,Living_Tradition_Score,Cultural_Uniqueness_Score,Cultural_Authenticity_Evidence_Score,Overall_Cultural_Score
Port Blair,Andaman and Nicobar Islands,2,2,0,1,0,0,0,0,0,0,1,0,1,2,2,100,High,69.05,52,86.5,89,92.5,88.5,97.5,80.66
Adoni,Andhra Pradesh,1,1,0,0,1,0,0,0,0,0,0,0,0,1,1,100,Medium,50.95,36,60,65,95,65,95,64.59
Amaravati,Andhra Pradesh,1,1,0,0,0,0,0,0,0,0,0,0,0,1,0,100,Medium,50.95,36,85,88,70,85,95,71.29
Anantapur,Andhra Pradesh,1,1,0,0,1,0,0,0,0,0,0,0,1,1,1,100,High,50.95,36,88,90,95,92,100,75.99
Chandragiri,Andhra Pradesh,1,1,0,0,0,0,0,0,0,0,0,0,0,1,0,100,Medium,50.95,36,85,88,70,85,95,71.29
Chittoor,Andhra Pradesh,1,1,0,0,0,0,0,0,1,0,0,0,0,1,1,100,Medium,50.95,36,60,65,95,65,80,62.34
Dowlaiswaram,Andhra Pradesh,1,1,0,0,0,0,0,0,0,0,1,0,0,1,1,100,Medium,50.95,36,72,75,90,75,88,67.34
Eluru,Andhra Pradesh,1,1,0,1,0,0,0,0,0,0,0,0,0,1,1,100,Medium,50.95,36,88,50,95,65,95,66.54
Guntur,Andhra Pradesh,1,1,0,0,0,0,0,0,1,0,0,0,1,1,1,100,High,50.95,36,88,90,95,92,100,75.99
Kadapa,Andhra Pradesh,1,1,0,1,0,0,0,0,0,0,0,0,0,1,1,100,Medium,50.95,36,72,75,95,75,80,66.64
Kakinada,Andhra Pradesh,1,1,0,0,0,0,0,0,1,0,0,0,0,1,1,100,Medium,50.95,36,72,75,95,75,88,67.84
Kurnool,Andhra Pradesh,1,1,0,0,0,0,0,0,0,0,0,0,1,1,1,100,High,50.95,36,88,90,95,92,100,75.99
Machilipatnam,Andhra Pradesh,1,1,0,1,0,0,0,0,0,0,0,0,1,1,1,100,High,50.95,36,88,90,95,92,100,75.99
Nagarjunakoṇḍa,Andhra Pradesh,1,1,0,0,0,0,0,0,0,0,0,0,0,1,0,100,Medium,50.95,36,85,88,70,85,95,71.29
Rajahmundry,Andhra Pradesh,1,1,0,0,0,0,0,0,0,0,1,0,0,1,1,100,Medium,50.95,36,72,75,90,75,80,66.14
Srikakulam,Andhra Pradesh,1,1,0,0,1,0,0,0,0,0,0,0,0,1,1,100,Medium,50.95,36,85,88,95,85,80,71.54
Tirupati,Andhra Pradesh,1,1,0,0,0,0,0,0,1,0,0,0,1,1,1,100,High,50.95,36,88,90,95,92,100,75.99
Vijayawada,Andhra Pradesh,1,1,0,1,0,0,0,0,0,0,0,0,1,1,1,100,High,50.95,36,88,90,95,92,100,75.99
Visakhapatnam,Andhra Pradesh,1,1,0,1,0,0,0,0,0,0,0,0,1,1,1,100,High,50.95,36,88,90,95,92,100,75.99
Vizianagaram,Andhra Pradesh,1,1,0,1,0,0,0,0,0,0,0,0,1,1,1,100,High,50.95,36,88,90,95,92,100,75.99
Yemmiganur,Andhra Pradesh,1,1,0,0,1,0,0,0,0,0,0,0,0,1,1,100,Medium,50.95,36,85,88,95,85,95,73.79
Itanagar,Arunachal Pradesh,1,1,0,0,0,0,0,0,0,1,0,0,0,1,1,100,Medium,50.95,36,85,88,80,85,80,70.04
Dhuburi,Assam,1,1,0,1,0,0,0,0,0,0,0,0,1,1,1,100,High,50.95,36,88,90,95,92,100,75.99
Dibrugarh,Assam,1,1,0,0,0,0,0,0,0,0,0,0,1,1,1,100,High,50.95,36,88,90,95,92,100,75.99
Dispur,Assam,1,1,0,0,0,0,1,0,0,0,0,0,0,1,1,100,Medium,50.95,36,85,88,95,85,95,73.79
Guwahati,Assam,2,2,0,0,1,0,0,0,0,0,1,0,1,2,2,100,High,69.05,52,86.5,89,92.5,88.5,94,80.14
Jorhat,Assam,1,1,0,0,1,0,0,0,0,0,0,0,1,1,1,100,High,50.95,36,88,90,95,92,100,75.99
Nagaon,Assam,1,1,0,0,0,0,1,0,0,0,0,0,0,1,1,100,Medium,50.95,36,85,88,95,85,95,73.79
Sivasagar,Assam,1,1,0,0,0,0,0,0,0,0,0,0,0,1,0,100,Medium,50.95,36,85,88,70,85,95,71.29
Silchar,Assam,1,1,0,1,0,0,0,0,0,0,0,0,1,1,1,100,High,50.95,36,88,90,95,92,100,75.99
Tezpur,Assam,1,1,0,0,0,0,0,1,0,0,0,0,0,1,1,100,Medium,50.95,36,85,88,90,85,95,73.29
Tinsukia,Assam,1,1,0,0,0,0,0,0,0,0,0,0,0,1,1,100,Medium,50.95,36,85,88,95,85,88,72.74
Ara,Bihar,1,1,0,0,0,0,0,0,0,0,1,0,0,1,1,100,Medium,50.95,36,72,75,90,75,88,67.34
Barauni,Bihar,1,1,0,0,0,0,0,0,0,0,1,0,0,1,1,100,Medium,50.95,36,72,75,90,75,88,67.34
Begusarai,Bihar,1,1,0,1,0,0,0,0,0,0,0,0,0,1,1,100,Medium,50.95,36,60,65,95,65,80,62.34
Bettiah,Bihar,1,1,0,0,0,1,0,0,0,0,0,0,0,1,1,100,Medium,50.95,36,85,88,95,85,95,73.79
Bhagalpur,Bihar,2,2,1,0,1,0,0,0,0,0,0,0,1,2,2,100,High,69.05,52,86.5,89,87.5,88.5,97.5,80.16
Bihar Sharif,Bihar,1,1,0,0,0,0,0,0,1,0,0,0,1,1,1,100,High,50.95,36,88,90,95,92,100,75.99
Bodh Gaya,Bihar,1,1,0,0,0,0,0,0,0,0,1,0,0,1,1,100,Medium,50.95,36,100,50,90,65,100,68.59
Buxar,Bihar,1,1,0,0,0,0,0,0,0,0,1,0,0,1,1,100,Medium,50.95,36,72,75,90,75,88,67.34
Chapra,Bihar,1,1,0,0,0,0,0,1,0,0,0,0,0,1,1,100,Medium,50.95,36,85,88,90,85,95,73.29
Darbhanga,Bihar,1,1,0,0,0,1,0,0,0,0,0,0,1,1,1,100,High,50.95,36,88,90,95,92,100,75.99
Dehri,Bihar,1,1,0,1,0,0,0,0,0,0,0,0,0,1,1,100,Medium,50.95,36,60,65,95,65,80,62.34
Dinapur Nizamat,Bihar,1,1,0,1,0,0,0,0,0,0,0,0,0,1,1,100,Medium,50.95,36,72,75,95,75,88,67.84
Gaya,Bihar,1,1,0,0,0,0,0,0,0,0,1,0,0,1,1,100,Medium,50.95,36,85,88,90,85,88,72.24
Hajipur,Bihar,1,1,0,0,0,0,0,0,0,0,0,0,0,1,1,100,Medium,50.95,36,72,75,95,75,88,67.84
Jamalpur,Bihar,1,1,0,1,0,0,0,0,0,0,0,0,0,1,1,100,Medium,50.95,36,85,88,95,85,80,71.54
Katihar,Bihar,1,1,0,1,0,0,0,0,0,0,0,0,0,1,1,100,Medium,50.95,36,60,65,95,65,95,64.59
Madhubani,Bihar,2,2,1,1,0,0,0,0,0,0,0,0,2,2,2,100,High,69.05,52,88,90,87.5,92,100,81.26
Motihari,Bihar,1,1,0,0,0,0,0,0,1,0,0,0,0,1,1,100,Medium,50.95,36,72,75,95,75,88,67.84
Munger,Bihar,1,1,0,0,0,0,0,0,0,0,1,0,0,1,1,100,Medium,50.95,36,85,88,90,85,88,72.24
Muzaffarpur,Bihar,2,2,0,1,0,0,0,0,0,0,0,0,2,2,2,100,High,69.05,52,88,90,95,92,100,82.01
Patna,Bihar,2,2,1,1,0,0,0,0,0,0,0,0,0,2,2,100,High,69.05,52,85,88,87.5,85,95,79.06
Purnia,Bihar,1,1,0,0,0,0,0,0,0,0,1,0,0,1,1,100,Medium,50.95,36,72,75,90,75,88,67.34
Pusa,Bihar,1,1,0,0,0,0,0,0,0,0,1,0,0,1,1,100,Medium,50.95,36,85,88,90,85,80,71.04
Saharsa,Bihar,1,1,0,0,0,1,0,0,0,0,0,0,0,1,1,100,Medium,50.95,36,85,88,95,85,95,73.79
Samastipur,Bihar,1,1,0,0,0,0,0,1,0,0,0,0,0,1,1,100,Medium,50.95,36,72,75,90,75,95,68.39
Sasaram,Bihar,1,1,0,0,0,0,0,0,0,0,0,0,0,1,0,100,Medium,50.95,36,85,88,70,85,95,71.29
Sitamarhi,Bihar,1,1,0,0,0,0,0,0,0,0,1,0,0,1,1,100,Medium,50.95,36,72,75,90,75,88,67.34
Siwan,Bihar,1,1,0,1,0,0,0,0,0,0,0,0,0,1,1,100,Medium,50.95,36,60,65,95,65,95,64.59
Chandigarh,Chandigarh,2,2,0,1,0,0,0,0,0,0,0,0,0,2,1,100,High,69.05,52,92.5,69,82.5,75,94,75.69
Ambikapur,Chhattisgarh,1,1,1,0,0,0,0,0,0,0,0,0,0,1,1,100,Medium,50.95,36,85,88,80,85,88,71.24
Bhilai,Chhattisgarh,1,1,0,0,0,0,1,0,0,0,0,0,0,1,1,100,Medium,50.95,36,85,88,95,85,95,73.79
Bilaspur,Chhattisgarh,1,1,0,0,1,0,0,0,0,0,0,0,1,1,1,100,High,50.95,36,88,90,95,92,100,75.99
Dhamtari,Chhattisgarh,1,1,0,1,0,0,0,0,0,0,0,0,0,1,1,100,Medium,50.95,36,72,75,95,75,88,67.84
Durg,Chhattisgarh,1,1,0,0,0,0,1,0,0,0,0,0,0,1,1,100,Medium,50.95,36,72,75,95,75,88,67.84
Jagdalpur,Chhattisgarh,3,2,0,2,0,0,0,0,0,0,1,0,2,3,3,100,High,81.9,52,87,89.33,93.33,89.67,98.33,83.68
Raipur,Chhattisgarh,1,1,0,0,0,0,0,1,0,0,0,0,0,1,1,100,Medium,50.95,36,85,88,90,85,95,73.29
Rajnandgaon,Chhattisgarh,1,1,0,0,0,0,0,0,0,0,1,0,0,1,1,100,Medium,50.95,36,72,75,90,75,88,67.34
Daman,Dadra and Nagar Haveli and Daman and Diu,1,1,0,0,0,0,1,0,0,0,0,0,0,1,1,100,Medium,50.95,36,72,75,95,75,88,67.84
Diu,Dadra and Nagar Haveli and Daman and Diu,1,1,0,0,0,0,0,0,0,0,0,0,0,1,0,100,Medium,50.95,36,85,88,70,85,95,71.29
Silvassa,Dadra and Nagar Haveli and Daman and Diu,1,1,1,0,0,0,0,0,0,0,0,0,1,1,1,100,High,50.95,36,88,90,80,92,100,74.49
Delhi,Delhi,2,2,0,0,0,0,0,0,1,0,1,0,0,2,2,100,High,69.05,52,78.5,81.5,92.5,80,91.5,76.59
New Delhi,Delhi,1,1,0,1,0,0,0,0,0,0,0,0,0,1,1,100,Medium,50.95,36,85,88,95,85,95,73.79
Madgaon,Goa,1,1,0,0,0,0,0,1,0,0,0,0,0,1,1,100,Medium,50.95,36,72,75,90,75,95,68.39
Panaji,Goa,2,2,0,0,0,0,0,0,0,0,0,0,1,2,1,100,High,69.05,52,80,82.5,82.5,83.5,94,76.69
Ahmadabad,Gujarat,2,2,0,0,0,0,1,0,0,0,0,1,0,2,1,100,High,69.05,52,100,75,82.5,82.5,100,79.36
Amreli,Gujarat,1,1,0,0,0,0,0,0,0,0,1,0,0,1,1,100,Medium,50.95,36,72,75,90,75,88,67.34
Bharuch,Gujarat,1,1,0,0,1,0,0,0,0,0,0,0,0,1,1,100,Medium,50.95,36,85,88,95,85,95,73.79
Bhavnagar,Gujarat,1,1,0,1,0,0,0,0,0,0,0,0,0,1,1,100,Medium,50.95,36,60,65,95,65,80,62.34
Bhuj,Gujarat,2,2,1,1,0,0,0,0,0,0,0,0,2,2,2,100,High,69.05,52,88,90,87.5,92,100,81.26
Dwarka,Gujarat,1,1,0,0,0,0,0,0,0,0,1,0,0,1,1,100,Medium,50.95,36,85,88,90,85,95,73.29
Gandhinagar,Gujarat,1,1,0,1,0,0,0,0,0,0,0,0,0,1,1,100,Medium,50.95,36,85,88,95,85,95,73.79
Godhra,Gujarat,1,1,1,0,0,0,0,0,0,0,0,0,0,1,1,100,Medium,50.95,36,85,88,80,85,80,70.04
Jamnagar,Gujarat,1,1,0,0,1,0,0,0,0,0,0,0,1,1,1,100,High,50.95,36,88,90,95,92,100,75.99
Junagadh,Gujarat,1,1,0,0,0,0,0,0,0,0,0,0,1,1,1,100,High,50.95,36,88,90,95,92,100,75.99
Kandla,Gujarat,1,1,0,0,0,0,0,0,0,0,1,0,0,1,1,100,Medium,50.95,36,72,75,90,75,88,67.34
Khambhat,Gujarat,1,1,0,1,0,0,0,0,0,0,0,0,1,1,1,100,High,50.95,36,88,90,95,92,100,75.99
Kheda,Gujarat,1,1,0,0,0,0,0,0,0,0,0,0,0,1,0,100,Medium,50.95,36,72,75,70,75,88,65.34
Mahesana,Gujarat,1,1,0,0,0,1,0,0,0,0,0,0,0,1,1,100,Medium,50.95,36,85,88,95,85,95,73.79
Morbi,Gujarat,1,1,0,1,0,0,0,0,0,0,0,0,0,1,1,100,Medium,50.95,36,85,88,95,85,80,71.54
Nadiad,Gujarat,1,1,0,0,0,0,0,0,0,0,1,0,0,1,1,100,Medium,50.95,36,72,75,90,75,88,67.34
Navsari,Gujarat,1,1,0,0,0,0,0,0,0,0,1,0,0,1,1,100,Medium,50.95,36,85,88,90,85,88,72.24
Okha,Gujarat,1,1,0,1,0,0,0,0,0,0,0,0,0,1,1,100,Medium,50.95,36,60,65,95,65,88,63.54
Palanpur,Gujarat,1,1,0,1,0,0,0,0,0,0,0,0,0,1,1,100,Medium,50.95,36,72,75,95,75,80,66.64
Patan,Gujarat,1,1,0,0,1,0,0,0,0,0,0,0,1,1,1,100,High,50.95,36,88,90,95,92,100,75.99
Porbandar,Gujarat,1,1,0,0,0,0,0,0,0,0,0,0,0,1,1,100,Medium,50.95,36,85,88,85,85,95,72.79
Rajkot,Gujarat,1,1,0,0,1,0,0,0,0,0,0,0,1,1,1,100,High,50.95,36,88,90,95,92,100,75.99
Surat,Gujarat,1,1,0,1,0,0,0,0,0,0,0,0,1,1,1,100,High,50.95,36,88,90,95,92,100,75.99
Surendranagar,Gujarat,1,1,0,0,1,0,0,0,0,0,0,0,1,1,1,100,High,50.95,36,88,90,95,92,100,75.99
Valsad,Gujarat,1,1,0,0,0,0,0,0,0,0,0,0,0,1,1,100,Medium,50.95,36,72,75,95,75,88,67.84
Veraval,Gujarat,1,1,0,1,0,0,0,0,0,0,0,0,0,1,1,100,Medium,50.95,36,85,88,95,85,88,72.74
Ambala,Haryana,1,1,0,1,0,0,0,0,0,0,0,0,0,1,1,100,Medium,50.95,36,85,88,95,85,80,71.54
Bhiwani,Haryana,1,1,0,0,0,0,0,0,0,0,1,0,0,1,1,100,Medium,50.95,36,72,75,90,75,88,67.34
Chandigarh,Haryana,1,1,0,0,0,0,0,0,0,0,1,0,0,1,1,100,Medium,50.95,36,72,75,90,75,80,66.14
Faridabad,Haryana,1,1,0,0,0,0,0,0,0,0,1,0,0,1,1,100,Medium,50.95,36,85,88,90,85,88,72.24
Firozpur Jhirka,Haryana,1,1,0,0,0,1,0,0,0,0,0,0,0,1,1,100,Medium,50.95,36,85,88,95,85,95,73.79
Gurugram,Haryana,1,1,0,0,0,0,0,0,0,0,1,0,0,1,1,100,Medium,50.95,36,72,75,90,75,88,67.34
Hansi,Haryana,1,1,0,0,0,0,0,0,1,0,0,0,0,1,1,100,Medium,50.95,36,72,75,95,75,88,67.84
Hisar,Haryana,1,1,0,1,0,0,0,0,0,0,0,0,0,1,1,100,Medium,50.95,36,60,65,95,65,95,64.59
Jind,Haryana,1,1,0,0,0,1,0,0,0,0,0,0,0,1,1,100,Medium,50.95,36,85,88,95,85,95,73.79
Kaithal,Haryana,1,1,0,0,0,0,0,0,0,0,1,0,0,1,1,100,Medium,50.95,36,72,75,90,75,88,67.34
Karnal,Haryana,1,1,0,0,0,0,0,0,0,0,0,0,1,1,1,100,High,50.95,36,88,90,95,92,100,75.99
Kurukshetra,Haryana,1,1,0,0,0,0,0,0,0,0,1,0,0,1,1,100,Medium,50.95,36,85,88,90,85,88,72.24
Panipat,Haryana,1,1,0,0,1,0,0,0,0,0,0,0,0,1,1,100,Medium,50.95,36,85,88,95,85,95,73.79
Pehowa,Haryana,1,1,0,0,0,0,0,0,0,0,1,0,0,1,1,100,Medium,50.95,36,85,88,90,85,95,73.29
Rewari,Haryana,1,1,0,1,0,0,0,0,0,0,0,0,0,1,1,100,Medium,50.95,36,85,88,95,85,95,73.79
Rohtak,Haryana,1,1,0,0,0,0,0,1,0,0,0,0,0,1,1,100,Medium,50.95,36,85,88,90,85,95,73.29
Sirsa,Haryana,1,1,0,1,0,0,0,0,0,0,0,0,0,1,1,100,Medium,50.95,36,60,65,95,65,88,63.54
Sonipat,Haryana,1,1,0,0,0,0,0,0,1,0,0,0,0,1,1,100,Medium,50.95,36,72,75,95,75,88,67.84
Bilaspur,Himachal Pradesh,1,1,0,0,0,0,0,0,1,0,0,0,0,1,1,100,Medium,50.95,36,72,75,95,75,80,66.64
Chamba,Himachal Pradesh,1,1,0,1,0,0,0,0,0,0,0,0,1,1,1,100,High,50.95,36,88,90,95,92,100,75.99
Dalhousie,Himachal Pradesh,1,1,0,1,0,0,0,0,0,0,0,0,0,1,1,100,Medium,50.95,36,72,75,95,75,88,67.84
Dharmshala,Himachal Pradesh,1,1,1,0,0,0,0,0,0,0,0,0,0,1,1,100,Medium,50.95,36,85,88,80,85,95,72.29
Hamirpur,Himachal Pradesh,1,1,0,0,0,0,1,0,0,0,0,0,0,1,1,100,Medium,50.95,36,72,75,95,75,80,66.64
Kangra,Himachal Pradesh,1,1,1,0,0,0,0,0,0,0,0,0,1,1,1,100,High,50.95,36,88,90,80,92,100,74.49
Kullu,Himachal Pradesh,1,1,0,0,1,0,0,0,0,0,0,0,1,1,1,100,High,50.95,36,88,90,95,92,100,75.99
Mandi,Himachal Pradesh,1,1,0,0,0,0,0,0,0,0,1,0,0,1,1,100,Medium,50.95,36,85,88,90,85,88,72.24
Nahan,Himachal Pradesh,1,1,0,0,0,0,1,0,0,0,0,0,0,1,1,100,Medium,50.95,36,72,75,95,75,80,66.64
Shimla,Himachal Pradesh,1,1,0,0,1,0,0,0,0,0,0,0,1,1,1,100,High,50.95,36,88,90,95,92,100,75.99
Una,Himachal Pradesh,1,1,0,0,0,0,0,0,0,0,1,0,0,1,1,100,Medium,50.95,36,72,75,90,75,88,67.34
Anantnag,Jammu and Kashmir,1,1,0,1,0,0,0,0,0,0,0,0,0,1,1,100,Medium,50.95,36,85,88,95,85,88,72.74
Baramula,Jammu and Kashmir,1,1,0,1,0,0,0,0,0,0,0,0,0,1,1,100,Medium,50.95,36,60,65,95,65,88,63.54
Doda,Jammu and Kashmir,1,1,0,0,0,0,0,0,0,0,0,0,1,1,1,100,High,50.95,36,88,90,95,92,100,75.99
Gulmarg,Jammu and Kashmir,1,1,0,0,0,0,0,0,0,1,0,0,0,1,1,100,Medium,50.95,36,72,75,80,75,80,65.14
Jammu,Jammu and Kashmir,1,1,0,0,0,0,1,0,0,0,0,0,0,1,1,100,Medium,50.95,36,85,88,95,85,95,73.79
Kathua,Jammu and Kashmir,1,1,1,0,0,0,0,0,0,0,0,0,1,1,1,100,High,50.95,36,88,90,80,92,100,74.49
Punch,Jammu and Kashmir,1,1,0,1,0,0,0,0,0,0,0,0,0,1,1,100,Medium,50.95,36,85,88,95,85,88,72.74
Rajouri,Jammu and Kashmir,1,1,0,1,0,0,0,0,0,0,0,0,1,1,1,100,High,50.95,36,88,90,95,92,100,75.99
Srinagar,Jammu and Kashmir,2,2,0,1,1,0,0,0,0,0,0,0,2,2,2,100,High,69.05,52,88,90,95,92,100,82.01
Udhampur,Jammu and Kashmir,1,1,0,0,0,0,0,0,1,0,0,0,1,1,1,100,High,50.95,36,88,90,95,92,100,75.99
Bokaro,Jharkhand,1,1,0,0,0,0,0,0,0,0,1,0,0,1,1,100,Medium,50.95,36,72,75,90,75,88,67.34
Chaibasa,Jharkhand,1,1,0,0,0,0,0,0,0,1,0,0,0,1,1,100,Medium,50.95,36,85,88,80,85,80,70.04
Deoghar,Jharkhand,1,1,0,0,0,0,0,0,0,0,1,0,0,1,1,100,Medium,50.95,36,85,88,90,85,88,72.24
Dhanbad,Jharkhand,1,1,0,0,0,1,0,0,0,0,0,0,0,1,1,100,Medium,50.95,36,72,75,95,75,95,68.89
Dumka,Jharkhand,1,1,0,0,0,0,0,0,0,1,0,0,0,1,1,100,Medium,50.95,36,85,88,80,85,80,70.04
Giridih,Jharkhand,1,1,0,0,0,0,0,0,0,0,1,0,0,1,1,100,Medium,50.95,36,85,88,90,85,88,72.24
Hazaribag,Jharkhand,1,1,1,0,0,0,0,0,0,0,0,0,1,1,1,100,High,50.95,36,88,90,80,92,100,74.49
Jamshedpur,Jharkhand,1,1,1,0,0,0,0,0,0,0,0,0,0,1,1,100,Medium,50.95,36,85,88,80,85,95,72.29
Jharia,Jharkhand,1,1,0,0,0,0,0,0,0,0,1,0,0,1,1,100,Medium,50.95,36,72,75,90,75,88,67.34
Rajmahal,Jharkhand,1,1,0,0,0,0,0,0,0,1,0,0,0,1,1,100,Medium,50.95,36,72,75,80,75,80,65.14
Ranchi,Jharkhand,1,1,0,1,0,0,0,0,0,0,0,0,0,1,1,100,Medium,50.95,36,85,88,95,85,88,72.74
Saraikela,Jharkhand,1,1,0,0,0,0,1,0,0,0,0,1,0,1,1,100,High,50.95,36,100,100,95,100,100,80.09
Badami,Karnataka,1,1,0,0,0,0,0,0,0,0,0,0,0,1,1,100,Medium,50.95,36,85,88,85,85,95,72.79
Ballari,Karnataka,1,1,0,1,0,0,0,0,0,0,0,0,1,1,1,100,High,50.95,36,88,90,95,92,100,75.99
Bengaluru,Karnataka,1,1,0,0,1,0,0,0,0,0,0,0,1,1,1,100,High,50.95,36,88,90,95,92,100,75.99
Belagavi,Karnataka,1,1,0,0,0,0,0,0,1,0,0,0,0,1,1,100,Medium,50.95,36,72,75,95,75,88,67.84
Bhadravati,Karnataka,1,1,0,1,0,0,0,0,0,0,0,0,0,1,1,100,Medium,50.95,36,60,65,95,65,80,62.34
Bidar,Karnataka,1,1,0,1,0,0,0,0,0,0,0,0,1,1,1,100,High,50.95,36,88,90,95,92,100,75.99
Chikkamagaluru,Karnataka,1,1,0,0,0,0,0,0,0,0,0,0,1,1,1,100,High,50.95,36,88,90,95,92,100,75.99
Chitradurga,Karnataka,1,1,0,0,0,0,0,0,0,0,0,0,0,1,0,100,Medium,50.95,36,85,88,70,85,95,71.29
Davangere,Karnataka,1,1,0,0,0,0,0,0,1,0,0,0,0,1,1,100,Medium,50.95,36,72,75,95,75,88,67.84
Halebid,Karnataka,1,1,0,0,0,0,0,0,0,0,0,0,0,1,1,100,Medium,50.95,36,100,50,85,65,100,68.09
Hassan,Karnataka,1,1,0,0,0,0,0,0,1,0,0,0,0,1,1,100,Medium,50.95,36,60,65,95,65,88,63.54
Hubballi-Dharwad,Karnataka,2,2,0,0,0,1,0,0,1,0,0,0,1,2,2,100,High,69.05,52,86.5,89,95,88.5,97.5,80.91
Kalaburagi,Karnataka,1,1,0,0,0,0,0,0,0,0,0,0,1,1,1,100,High,50.95,36,88,90,95,92,100,75.99
Kolar,Karnataka,1,1,0,0,0,0,0,0,0,0,0,0,0,1,1,100,Medium,50.95,36,72,75,95,75,80,66.64
Madikeri,Karnataka,1,1,0,0,0,0,1,0,0,0,0,0,0,1,1,100,Medium,50.95,36,72,75,95,75,80,66.64
Mandya,Karnataka,1,1,0,0,0,0,0,0,1,0,0,0,0,1,1,100,Medium,50.95,36,60,65,95,65,80,62.34
Mangaluru,Karnataka,1,1,0,0,0,0,0,1,0,0,0,0,0,1,1,100,Medium,50.95,36,85,88,90,85,95,73.29
Mysuru,Karnataka,2,2,1,0,0,0,0,0,1,0,0,0,1,2,2,100,High,69.05,52,80,82.5,87.5,83.5,94,77.19
Raichur,Karnataka,1,1,0,0,1,0,0,0,0,0,0,0,0,1,1,100,Medium,50.95,36,60,65,95,65,95,64.59
Shivamogga,Karnataka,1,1,0,1,0,0,0,0,0,0,0,0,0,1,1,100,Medium,50.95,36,85,88,95,85,95,73.79
Shravanabelagola,Karnataka,1,1,0,0,0,0,0,0,0,0,1,0,0,1,1,100,Medium,50.95,36,85,88,90,85,95,73.29
Shrirangapattana,Karnataka,1,1,1,0,0,0,0,0,0,0,0,0,1,1,1,100,High,50.95,36,88,90,80,92,100,74.49
Tumakuru,Karnataka,1,1,0,1,0,0,0,0,0,0,0,0,0,1,1,100,Medium,50.95,36,60,65,95,65,88,63.54
Vijayapura,Karnataka,1,1,0,0,0,0,0,0,0,0,0,0,0,1,0,100,Medium,50.95,36,85,88,70,85,95,71.29
Alappuzha,Kerala,1,1,0,1,0,0,0,0,0,0,0,0,1,1,1,100,High,50.95,36,88,90,95,92,100,75.99
Vatakara,Kerala,1,1,0,0,0,0,0,0,0,0,1,0,0,1,1,100,Medium,50.95,36,85,88,90,85,95,73.29
Idukki,Kerala,1,1,0,0,0,0,0,0,0,0,0,0,1,1,1,100,High,50.95,36,88,90,95,92,100,75.99
Kannur,Kerala,1,1,0,0,0,0,1,0,0,0,0,0,0,1,1,100,Medium,50.95,36,85,88,95,85,95,73.79
Kochi,Kerala,1,1,0,0,1,0,0,0,0,0,0,0,1,1,1,100,High,50.95,36,88,90,95,92,100,75.99
Kollam,Kerala,1,1,0,0,0,0,0,0,0,0,0,0,0,1,1,100,Medium,50.95,36,60,65,95,65,80,62.34
Kottayam,Kerala,1,1,0,0,0,0,0,0,1,0,0,0,0,1,1,100,Medium,50.95,36,72,75,95,75,88,67.84
Kozhikode,Kerala,1,1,0,0,0,0,0,0,1,0,0,0,0,1,1,100,Medium,50.95,36,100,50,95,65,100,69.09
Mattancheri,Kerala,1,1,1,0,0,0,0,0,0,0,0,0,0,1,1,100,Medium,50.95,36,85,88,80,85,95,72.29
Palakkad,Kerala,1,1,0,1,0,0,0,0,0,0,0,0,1,1,1,100,High,50.95,36,88,90,95,92,100,75.99
Thalassery,Kerala,1,1,0,0,0,0,0,0,1,0,0,0,0,1,1,100,Medium,50.95,36,72,75,95,75,88,67.84
Thiruvananthapuram,Kerala,1,1,0,0,1,0,0,0,0,0,0,0,1,1,1,100,High,50.95,36,88,90,95,92,100,75.99
Thrissur,Kerala,2,1,0,0,0,0,0,2,0,0,0,2,0,2,2,100,High,69.05,36,100,100,90,100,100,83.21
Kargil,Ladakh,1,1,0,0,0,0,0,0,0,0,0,0,1,1,1,100,High,50.95,36,88,90,95,92,100,75.99
Leh,Ladakh,2,2,0,0,1,1,0,0,0,0,0,1,1,2,2,100,High,69.05,52,94,95,95,96,100,84.06
Balaghat,Madhya Pradesh,1,1,0,0,0,0,0,0,0,0,0,0,1,1,1,100,High,50.95,36,88,90,95,92,100,75.99
Barwani,Madhya Pradesh,1,1,0,0,0,0,0,0,0,1,0,0,0,1,1,100,Medium,50.95,36,85,88,80,85,88,71.24
Betul,Madhya Pradesh,1,1,0,1,0,0,0,0,0,0,0,0,0,1,1,100,Medium,50.95,36,60,65,95,65,95,64.59
Bharhut,Madhya Pradesh,1,1,1,0,0,0,0,0,0,0,0,0,0,1,1,100,Medium,50.95,36,85,88,80,85,95,72.29
Bhind,Madhya Pradesh,1,1,0,0,0,0,0,0,0,0,1,0,0,1,1,100,Medium,50.95,36,60,65,90,65,88,63.04
Bhojpur,Madhya Pradesh,1,1,0,0,0,0,0,0,0,0,0,0,0,1,1,100,Medium,50.95,36,85,88,85,85,95,72.79
Bhopal,Madhya Pradesh,2,2,1,1,0,0,0,0,0,0,0,0,1,2,2,100,High,69.05,52,86.5,89,87.5,88.5,97.5,80.16
Burhanpur,Madhya Pradesh,1,1,0,0,0,0,0,0,0,0,0,0,0,1,0,100,Medium,50.95,36,85,88,70,85,95,71.29
Chhatarpur,Madhya Pradesh,1,1,1,0,0,0,0,0,0,0,0,0,0,1,1,100,Medium,50.95,36,60,65,80,65,80,60.84
Chhindwara,Madhya Pradesh,1,1,0,0,0,0,0,0,0,1,0,0,0,1,1,100,Medium,50.95,36,85,88,80,85,80,70.04
Damoh,Madhya Pradesh,1,1,0,1,0,0,0,0,0,0,0,0,0,1,1,100,Medium,50.95,36,60,65,95,65,80,62.34
Datia,Madhya Pradesh,1,1,0,0,0,0,0,0,0,0,0,0,0,1,0,100,Medium,50.95,36,85,88,70,85,95,71.29
Dewas,Madhya Pradesh,1,1,0,0,0,1,0,0,0,0,0,0,0,1,1,100,Medium,50.95,36,85,88,95,85,95,73.79
Dhar,Madhya Pradesh,1,1,0,1,0,0,0,0,0,0,0,0,1,1,1,100,High,50.95,36,88,90,95,92,100,75.99
Dr. Ambedkar Nagar (Mhow),Madhya Pradesh,1,1,0,1,0,0,0,0,0,0,0,0,0,1,1,100,Medium,50.95,36,85,88,95,85,80,71.54
Guna,Madhya Pradesh,1,1,0,0,0,0,0,0,0,0,0,0,0,1,0,100,Medium,50.95,36,72,75,70,75,88,65.34
Gwalior,Madhya Pradesh,2,2,0,1,0,1,0,0,0,0,0,0,1,2,2,100,High,69.05,52,94,70,95,78.5,100,78.56
Hoshangabad,Madhya Pradesh,1,1,0,0,0,0,0,0,0,0,1,0,0,1,1,100,Medium,50.95,36,85,88,90,85,95,73.29
Indore,Madhya Pradesh,2,2,0,1,0,0,0,0,1,0,0,0,1,2,2,100,High,69.05,52,80,82.5,95,83.5,94,77.94
Itarsi,Madhya Pradesh,1,1,0,0,0,0,0,0,1,0,0,0,0,1,1,100,Medium,50.95,36,60,65,95,65,88,63.54
Jabalpur,Madhya Pradesh,1,1,0,1,0,0,0,0,0,0,0,0,1,1,1,100,High,50.95,36,88,90,95,92,100,75.99
Jhabua,Madhya Pradesh,1,1,0,1,0,0,0,0,0,0,0,0,1,1,1,100,High,50.95,36,88,90,95,92,100,75.99
Khajuraho,Madhya Pradesh,1,1,0,0,0,0,0,0,0,0,0,0,0,1,1,100,Medium,50.95,36,100,50,85,65,100,68.09
Khandwa,Madhya Pradesh,1,1,0,0,0,1,0,0,0,0,0,0,0,1,1,100,Medium,50.95,36,72,75,95,75,88,67.84
Khargone,Madhya Pradesh,1,1,0,0,1,0,0,0,0,0,0,0,0,1,1,100,Medium,50.95,36,60,65,95,65,88,63.54
Maheshwar,Madhya Pradesh,1,1,0,0,1,0,0,0,0,0,0,0,1,1,1,100,High,50.95,36,88,90,95,92,100,75.99
Mandla,Madhya Pradesh,1,1,0,0,0,0,0,0,0,1,0,0,0,1,1,100,Medium,50.95,36,85,88,80,85,80,70.04
Mandsaur,Madhya Pradesh,1,1,0,0,0,0,0,0,0,0,0,0,0,1,0,100,Medium,50.95,36,85,88,70,85,95,71.29
Morena,Madhya Pradesh,1,1,0,0,0,0,0,0,1,0,0,0,1,1,1,100,High,50.95,36,88,90,95,92,100,75.99
Murwara,Madhya Pradesh,1,1,0,1,0,0,0,0,0,0,0,0,0,1,1,100,Medium,50.95,36,60,65,95,65,80,62.34
Narsimhapur,Madhya Pradesh,1,1,0,0,0,0,0,0,1,0,0,0,0,1,1,100,Medium,50.95,36,60,65,95,65,80,62.34
Narsinghgarh,Madhya Pradesh,1,1,1,0,0,0,0,0,0,0,0,0,0,1,1,100,Medium,50.95,36,72,75,80,75,88,66.34
Narwar,Madhya Pradesh,1,1,0,0,0,0,0,0,0,0,1,0,0,1,1,100,Medium,50.95,36,72,75,90,75,95,68.39
Neemuch,Madhya Pradesh,1,1,0,0,0,0,0,0,0,0,1,0,0,1,1,100,Medium,50.95,36,60,65,90,65,88,63.04
Nowgong,Madhya Pradesh,1,1,0,0,0,0,0,0,0,0,0,0,0,1,0,100,Medium,50.95,36,72,75,70,75,88,65.34
Orchha,Madhya Pradesh,1,1,0,0,0,0,0,0,0,0,0,0,0,1,1,100,Medium,50.95,36,100,95,85,65,100,74.84
Panna,Madhya Pradesh,1,1,0,1,0,0,0,0,0,0,0,0,0,1,1,100,Medium,50.95,36,85,88,95,85,88,72.74
Raisen,Madhya Pradesh,1,1,0,0,0,0,0,0,0,0,0,0,0,1,0,100,Medium,50.95,36,100,50,70,65,100,66.59
Rajgarh,Madhya Pradesh,1,1,0,0,0,1,0,0,0,0,0,0,0,1,1,100,Medium,50.95,36,72,75,95,75,80,66.64
Ratlam,Madhya Pradesh,1,1,0,0,0,0,0,0,1,0,0,0,1,1,1,100,High,50.95,36,88,90,95,92,100,75.99
Rewa,Madhya Pradesh,1,1,0,1,0,0,0,0,0,0,0,0,1,1,1,100,High,50.95,36,88,90,95,92,100,75.99
Sagar,Madhya Pradesh,1,1,0,1,0,0,0,0,0,0,0,0,0,1,1,100,Medium,50.95,36,60,65,95,65,95,64.59
Sarangpur,Madhya Pradesh,1,1,0,0,0,0,0,0,0,0,1,0,0,1,1,100,Medium,50.95,36,85,88,90,85,95,73.29
Satna,Madhya Pradesh,1,1,0,0,0,1,0,0,0,0,0,0,0,1,1,100,Medium,50.95,36,85,88,95,85,95,73.79
Sehore,Madhya Pradesh,1,1,0,0,0,0,0,0,0,0,0,0,1,1,1,100,High,50.95,36,88,90,95,92,100,75.99
Seoni,Madhya Pradesh,1,1,0,0,0,0,0,0,0,0,1,0,0,1,1,100,Medium,50.95,36,72,75,90,75,88,67.34
Shahdol,Madhya Pradesh,1,1,0,0,0,0,0,0,0,0,1,0,0,1,1,100,Medium,50.95,36,72,75,90,75,80,66.14
Shajapur,Madhya Pradesh,1,1,1,0,0,0,0,0,0,0,0,0,0,1,1,100,Medium,50.95,36,72,75,80,75,88,66.34
Sheopur,Madhya Pradesh,1,1,0,1,0,0,0,0,0,0,0,0,1,1,1,100,High,50.95,36,88,90,95,92,100,75.99
Shivpuri,Madhya Pradesh,1,1,0,0,0,0,0,0,0,0,0,0,0,1,0,100,Medium,50.95,36,72,75,70,75,88,65.34
Ujjain,Madhya Pradesh,3,2,0,0,0,0,0,1,0,0,2,1,0,3,3,100,High,81.9,52,90,92,90,90,91.67,83.23
Vidisha,Madhya Pradesh,1,1,0,0,0,0,0,0,0,0,0,0,0,1,0,100,Medium,50.95,36,85,88,70,85,95,71.29
Ahmadnagar,Maharashtra,1,1,0,1,0,0,0,0,0,0,0,0,0,1,1,100,Medium,50.95,36,60,65,95,65,80,62.34
Akola,Maharashtra,1,1,0,1,0,0,0,0,0,0,0,0,0,1,1,100,Medium,50.95,36,72,75,95,75,88,67.84
Amravati,Maharashtra,1,1,0,0,0,0,0,0,0,1,0,0,0,1,1,100,Medium,50.95,36,72,75,80,75,80,65.14
Aurangabad,Maharashtra,2,1,0,0,2,0,0,0,0,0,0,0,2,2,2,100,High,69.05,36,88,90,95,92,100,79.61
Bhandara,Maharashtra,1,1,0,1,0,0,0,0,0,0,0,0,0,1,1,100,Medium,50.95,36,85,88,95,85,95,73.79
Bhusawal,Maharashtra,1,1,0,0,0,0,0,0,0,0,0,0,0,1,1,100,Medium,50.95,36,72,75,95,75,88,67.84
Bid,Maharashtra,1,1,0,0,0,0,0,0,0,0,1,0,0,1,1,100,Medium,50.95,36,72,75,90,75,88,67.34
Buldhana,Maharashtra,1,1,0,0,0,0,0,0,0,0,1,0,0,1,1,100,Medium,50.95,36,85,88,90,85,95,73.29
Chandrapur,Maharashtra,1,1,0,1,0,0,0,0,0,0,0,0,0,1,1,100,Medium,50.95,36,85,88,95,85,88,72.74
Daulatabad,Maharashtra,1,1,0,0,0,0,0,0,0,0,0,0,0,1,0,100,Medium,50.95,36,85,88,70,85,95,71.29
Dhule,Maharashtra,1,1,0,0,0,0,0,0,1,0,0,0,0,1,1,100,Medium,50.95,36,72,75,95,75,88,67.84
Jalgaon,Maharashtra,1,1,0,0,0,0,0,0,0,0,0,0,1,1,1,100,High,50.95,36,88,90,95,92,100,75.99
Kalyan,Maharashtra,1,1,0,0,0,0,0,0,0,0,1,0,0,1,1,100,Medium,50.95,36,72,75,90,75,88,67.34
Karli,Maharashtra,1,1,0,0,0,0,0,0,0,0,0,0,0,1,0,100,Medium,50.95,36,85,88,70,85,95,71.29
Kolhapur,Maharashtra,2,2,0,1,0,0,0,0,0,0,1,0,1,2,2,100,High,69.05,52,86.5,89,92.5,88.5,94,80.14
Mahabaleshwar,Maharashtra,1,1,0,0,0,0,0,0,0,0,0,0,1,1,1,100,High,50.95,36,88,90,95,92,100,75.99
Malegaon,Maharashtra,1,1,0,0,1,0,0,0,0,0,0,0,0,1,1,100,Medium,50.95,36,85,88,95,85,95,73.79
Matheran,Maharashtra,1,1,0,1,0,0,0,0,0,0,0,0,0,1,1,100,Medium,50.95,36,100,95,95,65,100,75.84
Mumbai,Maharashtra,2,2,0,0,0,0,0,0,1,0,1,0,0,2,2,100,High,69.05,52,78.5,81.5,92.5,80,91.5,76.59
Nagpur,Maharashtra,2,2,0,0,0,0,0,0,0,0,1,0,1,2,2,100,High,69.05,52,86.5,89,92.5,88.5,94,80.14
Nanded,Maharashtra,1,1,0,0,0,0,0,0,0,0,1,0,0,1,1,100,Medium,50.95,36,85,88,90,85,95,73.29
Nashik,Maharashtra,2,2,0,0,0,0,0,0,0,0,1,1,1,2,2,100,High,69.05,52,94,95,92.5,96,100,83.81
Osmanabad,Maharashtra,1,1,0,1,0,0,0,0,0,0,0,0,0,1,1,100,Medium,50.95,36,85,88,95,85,95,73.79
Pandharpur,Maharashtra,1,1,0,0,0,0,0,0,0,0,1,0,0,1,1,100,Medium,50.95,36,85,95,90,85,95,74.34
Parbhani,Maharashtra,1,1,0,0,0,0,0,1,0,0,0,0,0,1,1,100,Medium,50.95,36,72,75,90,75,80,66.14
Pune,Maharashtra,2,2,0,1,0,0,0,0,0,0,0,0,1,2,1,100,High,69.05,52,86.5,89,82.5,88.5,97.5,79.66
Ratnagiri,Maharashtra,1,1,0,0,0,0,0,0,0,0,0,0,1,1,1,100,High,50.95,36,88,90,95,92,100,75.99
Sangli,Maharashtra,1,1,0,0,0,0,0,0,0,0,0,0,1,1,1,100,High,50.95,36,88,90,95,92,100,75.99
Satara,Maharashtra,1,1,0,0,0,0,0,0,1,0,0,0,0,1,1,100,Medium,50.95,36,72,75,95,75,88,67.84
Sevagram,Maharashtra,1,1,0,0,0,0,0,0,0,0,1,0,0,1,1,100,Medium,50.95,36,85,88,90,85,95,73.29
Solapur,Maharashtra,1,1,0,0,1,0,0,0,0,0,0,0,1,1,1,100,High,50.95,36,88,90,95,92,100,75.99
Thane,Maharashtra,1,1,1,0,0,0,0,0,0,0,0,0,1,1,1,100,High,50.95,36,88,90,80,92,100,74.49
Ulhasnagar,Maharashtra,1,1,0,0,0,0,0,0,1,0,0,0,0,1,1,100,Medium,50.95,36,72,75,95,75,80,66.64
Vasai-Virar,Maharashtra,1,1,0,0,0,0,0,0,0,0,1,0,0,1,1,100,Medium,50.95,36,72,75,90,75,88,67.34
Wardha,Maharashtra,1,1,0,1,0,0,0,0,0,0,0,0,0,1,1,100,Medium,50.95,36,85,88,95,85,80,71.54
Yavatmal,Maharashtra,1,1,0,1,0,0,0,0,0,0,0,0,0,1,1,100,Medium,50.95,36,85,88,95,85,95,73.79
Imphal,Manipur,1,1,0,0,0,1,0,0,0,0,0,1,0,1,1,100,High,50.95,36,100,100,95,100,100,80.09
Cherrapunji,Meghalaya,1,1,0,0,0,0,0,0,0,0,0,0,0,1,0,100,Medium,50.95,36,100,95,70,65,100,73.34
Shillong,Meghalaya,1,1,0,0,0,0,0,0,0,1,0,0,0,1,1,100,Medium,50.95,36,85,88,80,85,88,71.24
Aizawl,Mizoram,1,1,0,0,1,0,0,0,0,0,0,0,1,1,1,100,High,50.95,36,88,90,95,92,100,75.99
Lunglei,Mizoram,1,1,0,0,0,0,0,0,0,0,1,0,0,1,1,100,Medium,50.95,36,85,88,90,85,88,72.24
Kohima,Nagaland,1,1,0,0,1,0,0,0,0,0,0,0,1,1,1,100,High,50.95,36,88,90,95,92,100,75.99
Mon,Nagaland,1,1,0,0,0,0,0,0,0,1,0,0,0,1,1,100,Medium,50.95,36,85,88,80,85,88,71.24
Phek,Nagaland,1,1,0,0,1,0,0,0,0,0,0,0,1,1,1,100,High,50.95,36,88,90,95,92,100,75.99
Wokha,Nagaland,1,1,0,0,0,0,0,0,0,0,1,0,0,1,1,100,Medium,50.95,36,72,75,90,75,88,67.34
Zunheboto,Nagaland,1,1,0,0,0,0,0,0,0,0,1,0,0,1,1,100,Medium,50.95,36,72,75,90,75,88,67.34
Balangir,Odisha,1,1,0,0,1,0,0,0,0,0,0,0,1,1,1,100,High,50.95,36,88,90,95,92,100,75.99
Baleshwar,Odisha,1,1,0,1,0,0,0,0,0,0,0,0,0,1,1,100,Medium,50.95,36,60,65,95,65,95,64.59
Baripada,Odisha,1,1,0,0,0,0,1,0,0,0,0,1,0,1,1,100,High,50.95,36,100,100,95,100,100,80.09
Bhubaneshwar,Odisha,1,1,0,0,0,0,0,0,0,0,0,0,0,1,1,100,Medium,50.95,36,85,88,85,85,95,72.79
Brahmapur,Odisha,1,1,0,0,1,0,0,0,0,0,0,0,1,1,1,100,High,50.95,36,88,90,95,92,100,75.99
Cuttack,Odisha,1,1,0,1,0,0,0,0,0,0,0,0,1,1,1,100,High,50.95,36,88,90,95,92,100,75.99
Dhenkanal,Odisha,1,1,0,0,0,0,0,0,1,0,0,0,1,1,1,100,High,50.95,36,88,90,95,92,100,75.99
Kendujhar,Odisha,1,1,0,0,0,0,0,0,0,1,0,0,0,1,1,100,Medium,50.95,36,85,88,80,85,80,70.04
Konark,Odisha,1,1,0,0,0,0,0,0,0,0,0,0,0,1,0,100,Medium,50.95,36,100,50,70,65,100,66.59
Koraput,Odisha,1,1,0,0,0,0,0,0,0,0,0,0,1,1,1,100,High,50.95,36,88,90,95,92,100,75.99
Paradip,Odisha,1,1,0,0,0,0,0,0,0,0,1,0,0,1,1,100,Medium,50.95,36,72,75,90,75,88,67.34
Phulabani,Odisha,1,1,0,0,0,0,0,0,0,0,0,0,1,1,1,100,High,50.95,36,88,90,95,92,100,75.99
Puri,Odisha,3,3,1,1,0,0,0,0,0,0,1,0,2,3,3,100,High,81.9,68,87,89.33,88.33,89.67,98.33,85.58
Sambalpur,Odisha,1,1,0,0,1,0,0,0,0,0,0,0,1,1,1,100,High,50.95,36,88,90,95,92,100,75.99
Udayagiri,Odisha,1,1,0,0,0,0,0,0,0,0,0,0,0,1,0,100,Medium,50.95,36,85,88,70,85,95,71.29
Karaikal,Puducherry,1,1,0,0,0,0,0,0,0,0,1,0,0,1,1,100,Medium,50.95,36,72,75,90,75,88,67.34
Mahe,Puducherry,1,1,0,0,0,0,0,0,1,0,0,0,0,1,1,100,Medium,50.95,36,72,75,95,75,88,67.84
Puducherry,Puducherry,2,2,0,1,0,0,0,0,0,0,0,0,1,2,1,100,High,69.05,52,80,82.5,82.5,83.5,94,76.69
Yanam,Puducherry,1,1,0,0,0,0,0,0,0,0,1,0,0,1,1,100,Medium,50.95,36,72,75,90,75,88,67.34
Amritsar,Punjab,3,2,0,2,0,0,0,0,0,0,1,1,1,3,3,100,High,81.9,52,91,92.67,93.33,92.33,98.33,85.05
Batala,Punjab,1,1,0,0,0,0,0,0,0,0,1,0,0,1,1,100,Medium,50.95,36,72,75,90,75,88,67.34
Chandigarh,Punjab,1,1,0,0,0,0,0,0,0,0,1,0,0,1,1,100,Medium,50.95,36,72,75,90,75,88,67.34
Faridkot,Punjab,1,1,0,0,0,0,0,0,0,0,1,0,0,1,1,100,Medium,50.95,36,72,75,90,75,88,67.34
Firozpur,Punjab,1,1,0,0,0,0,0,0,0,0,1,0,0,1,1,100,Medium,50.95,36,85,88,90,85,95,73.29
Gurdaspur,Punjab,1,1,0,0,0,0,0,0,1,0,0,0,0,1,1,100,Medium,50.95,36,60,65,95,65,80,62.34
Hoshiarpur,Punjab,1,1,0,1,0,0,0,0,0,0,0,0,0,1,1,100,Medium,50.95,36,85,88,95,85,95,73.79
Jalandhar,Punjab,1,1,0,0,0,1,0,0,0,0,0,0,0,1,1,100,Medium,50.95,36,85,88,95,85,95,73.79
Kapurthala,Punjab,1,1,0,0,0,0,0,0,0,0,0,0,0,1,0,100,Medium,50.95,36,85,88,70,85,95,71.29
Ludhiana,Punjab,1,1,0,0,1,0,0,0,0,0,0,0,0,1,1,100,Medium,50.95,36,85,88,95,85,95,73.79
Nabha,Punjab,1,1,0,1,0,0,0,0,0,0,0,0,0,1,1,100,Medium,50.95,36,72,75,95,75,88,67.84
Patiala,Punjab,2,2,0,1,0,1,0,0,0,0,0,0,0,2,2,100,High,69.05,52,78.5,81.5,95,80,95,77.36
Rupnagar,Punjab,1,1,0,0,0,0,0,0,0,0,1,0,0,1,1,100,Medium,50.95,36,85,88,90,85,95,73.29
Sangrur,Punjab,1,1,0,0,1,0,0,0,0,0,0,0,0,1,1,100,Medium,50.95,36,60,65,95,65,88,63.54
Abu,Rajasthan,1,1,0,0,0,0,0,0,0,0,0,0,0,1,0,100,Medium,50.95,36,85,88,70,85,95,71.29
Ajmer,Rajasthan,1,1,0,0,0,1,0,0,0,0,0,0,0,1,1,100,Medium,50.95,36,85,88,95,85,80,71.54
Alwar,Rajasthan,1,1,0,0,0,0,0,0,1,0,0,0,0,1,1,100,Medium,50.95,36,72,75,95,75,88,67.84
Amer,Rajasthan,1,1,0,0,0,0,0,0,0,0,0,0,0,1,0,100,Medium,50.95,36,100,50,70,65,100,66.59
Barmer,Rajasthan,1,1,0,1,0,0,0,0,0,0,0,0,0,1,1,100,Medium,50.95,36,85,88,95,85,95,73.79
Beawar,Rajasthan,1,1,0,0,0,0,0,0,1,0,0,0,0,1,1,100,Medium,50.95,36,72,75,95,75,88,67.84
Bharatpur,Rajasthan,1,1,0,0,0,0,1,0,0,0,0,0,0,1,1,100,Medium,50.95,36,85,88,95,85,95,73.79
Bhilwara,Rajasthan,1,1,1,0,0,0,0,0,0,0,0,0,1,1,1,100,High,50.95,36,88,90,80,92,100,74.49
Bikaner,Rajasthan,2,2,0,1,0,0,0,0,1,0,0,0,2,2,2,100,High,69.05,52,88,90,95,92,100,82.01
Bundi,Rajasthan,1,1,1,0,0,0,0,0,0,0,0,0,0,1,1,100,Medium,50.95,36,85,88,80,85,95,72.29
Chittaurgarh,Rajasthan,1,1,0,0,0,0,0,0,0,0,1,0,0,1,1,100,Medium,50.95,36,85,88,90,85,95,73.29
Churu,Rajasthan,1,1,1,0,0,0,0,0,0,0,0,0,0,1,1,100,Medium,50.95,36,85,88,80,85,95,72.29
Dhaulpur,Rajasthan,1,1,0,1,0,0,0,0,0,0,0,0,0,1,1,100,Medium,50.95,36,60,65,95,65,88,63.54
Dungarpur,Rajasthan,1,1,0,1,0,0,0,0,0,0,0,0,0,1,1,100,Medium,50.95,36,85,88,95,85,95,73.79
Ganganagar,Rajasthan,1,1,0,0,0,0,0,0,0,0,1,0,0,1,1,100,Medium,50.95,36,72,75,90,75,88,67.34
Hanumangarh,Rajasthan,1,1,0,0,0,0,0,0,0,0,0,0,0,1,0,100,Medium,50.95,36,85,88,70,85,95,71.29
Jaipur,Rajasthan,4,2,0,3,0,0,0,1,0,0,0,0,4,4,4,100,High,91.86,52,88,90,93.75,92,100,86.45
Jaisalmer,Rajasthan,1,1,0,1,0,0,0,0,0,0,0,0,0,1,1,100,Medium,50.95,36,85,88,95,85,100,74.54
Jalor,Rajasthan,1,1,0,1,0,0,0,0,0,0,0,0,0,1,1,100,Medium,50.95,36,60,65,95,65,95,64.59
Jhalawar,Rajasthan,1,1,0,0,0,0,0,0,0,0,0,0,0,1,0,100,Medium,50.95,36,100,50,70,65,100,66.59
Jhunjhunu,Rajasthan,1,1,1,0,0,0,0,0,0,0,0,0,0,1,1,100,Medium,50.95,36,85,88,80,85,88,71.24
Jodhpur,Rajasthan,2,2,0,1,0,0,1,0,0,0,0,1,1,2,2,100,High,69.05,52,94,95,95,96,100,84.06
Kishangarh,Rajasthan,1,1,1,0,0,0,0,0,0,0,0,0,0,1,1,100,Medium,50.95,36,85,88,80,85,80,70.04
Kota,Rajasthan,1,1,0,0,1,0,0,0,0,0,0,0,1,1,1,100,High,50.95,36,88,90,95,92,100,75.99
Merta,Rajasthan,1,1,0,0,0,1,0,0,0,0,0,0,0,1,1,100,Medium,50.95,36,85,88,95,85,95,73.79
Nagaur,Rajasthan,1,1,0,1,0,0,0,0,0,0,0,0,0,1,1,100,Medium,50.95,36,72,75,95,75,88,67.84
Nathdwara,Rajasthan,1,1,1,0,0,0,0,0,0,0,0,0,1,1,1,100,High,50.95,36,88,90,80,92,100,74.49
Pali,Rajasthan,1,1,0,0,0,0,0,0,0,0,0,0,1,1,1,100,High,50.95,36,88,90,95,92,100,75.99
Phalodi,Rajasthan,1,1,0,0,0,0,0,0,0,0,0,0,0,1,0,100,Medium,50.95,36,72,75,70,75,88,65.34
Pushkar,Rajasthan,1,1,0,0,0,0,0,0,0,0,1,0,0,1,1,100,Medium,50.95,36,85,88,90,85,88,72.24
Sawai Madhopur,Rajasthan,1,1,1,0,0,0,0,0,0,0,0,0,0,1,1,100,Medium,50.95,36,85,88,80,85,95,72.29
Shahpura,Rajasthan,1,1,1,0,0,0,0,0,0,0,0,0,1,1,1,100,High,50.95,36,88,90,80,92,100,74.49
Sikar,Rajasthan,1,1,1,0,0,0,0,0,0,0,0,0,0,1,1,100,Medium,50.95,36,72,75,80,75,88,66.34
Sirohi,Rajasthan,1,1,0,1,0,0,0,0,0,0,0,0,0,1,1,100,Medium,50.95,36,85,88,95,85,95,73.79
Tonk,Rajasthan,1,1,0,1,0,0,0,0,0,0,0,0,0,1,1,100,Medium,50.95,36,85,88,95,85,95,73.79
Udaipur,Rajasthan,1,1,1,0,0,0,0,0,0,0,0,0,0,1,1,100,Medium,50.95,36,85,88,80,85,80,70.04
Gangtok,Sikkim,1,1,1,0,0,0,0,0,0,0,0,0,0,1,1,100,Medium,50.95,36,85,88,80,85,95,72.29
Gyalshing,Sikkim,1,1,0,0,0,0,0,0,0,0,0,0,0,1,0,100,Medium,50.95,36,85,88,70,85,80,69.04
Lachung,Sikkim,1,1,0,0,0,0,0,0,0,0,1,0,0,1,1,100,Medium,50.95,36,85,88,90,85,80,71.04
Mangan,Sikkim,1,1,0,0,0,0,0,0,0,1,0,0,0,1,1,100,Medium,50.95,36,85,88,80,85,100,73.04
Arcot,Tamil Nadu,1,1,0,0,0,0,0,0,1,0,0,0,0,1,1,100,Medium,50.95,36,72,75,95,75,88,67.84
Chengalpattu,Tamil Nadu,1,1,0,1,0,0,0,0,0,0,0,0,0,1,1,100,Medium,50.95,36,60,65,95,65,95,64.59
Chennai,Tamil Nadu,1,1,0,0,0,1,0,0,0,0,0,0,0,1,1,100,Medium,50.95,36,100,50,95,65,100,69.09
Chidambaram,Tamil Nadu,1,1,0,0,0,0,1,0,0,0,0,0,0,1,1,100,Medium,50.95,36,85,88,95,85,95,73.79
Coimbatore,Tamil Nadu,1,1,0,0,0,0,0,0,0,0,0,0,1,1,1,100,High,50.95,36,88,90,95,92,100,75.99
Cuddalore,Tamil Nadu,1,1,0,0,0,0,0,0,1,0,0,0,0,1,1,100,Medium,50.95,36,60,65,95,65,88,63.54
Dharmapuri,Tamil Nadu,1,1,0,1,0,0,0,0,0,0,0,0,0,1,1,100,Medium,50.95,36,60,65,95,65,95,64.59
Dindigul,Tamil Nadu,1,1,0,1,0,0,0,0,0,0,0,0,1,1,1,100,High,50.95,36,88,90,95,92,100,75.99
Erode,Tamil Nadu,1,1,0,0,1,0,0,0,0,0,0,0,1,1,1,100,High,50.95,36,88,90,95,92,100,75.99
Kanchipuram,Tamil Nadu,1,1,0,0,1,0,0,0,0,0,0,0,1,1,1,100,High,50.95,36,88,90,95,92,100,75.99
Kanniyakumari,Tamil Nadu,1,1,0,0,0,0,0,0,0,0,0,0,1,1,1,100,High,50.95,36,88,90,95,92,100,75.99
Kodaikanal,Tamil Nadu,1,1,0,0,0,0,0,0,1,0,0,0,0,1,1,100,Medium,50.95,36,72,75,95,75,88,67.84
Kumbakonam,Tamil Nadu,1,1,0,1,0,0,0,0,0,0,0,0,1,1,1,100,High,50.95,36,88,90,95,92,100,75.99
Madurai,Tamil Nadu,2,2,0,0,1,0,0,0,0,0,0,0,2,2,2,100,High,69.05,52,88,90,95,92,100,82.01
Mamallapuram,Tamil Nadu,1,1,0,1,0,0,0,0,0,0,0,0,1,1,1,100,High,50.95,36,88,90,95,92,100,75.99
Nagappattinam,Tamil Nadu,1,1,0,0,0,0,0,0,0,0,1,0,0,1,1,100,Medium,50.95,36,72,75,90,75,88,67.34
Nagercoil,Tamil Nadu,1,1,0,1,0,0,0,0,0,0,0,0,1,1,1,100,High,50.95,36,88,90,95,92,100,75.99
Palayamkottai,Tamil Nadu,1,1,0,0,0,0,0,0,0,0,1,0,0,1,1,100,Medium,50.95,36,72,75,90,75,80,66.14
Pudukkottai,Tamil Nadu,1,1,0,0,0,1,0,0,0,0,0,0,0,1,1,100,Medium,50.95,36,85,88,95,85,95,73.79
Rajapalayam,Tamil Nadu,1,1,0,0,0,0,0,0,0,0,0,0,0,1,1,100,Medium,50.95,36,85,88,95,85,80,71.54
Ramanathapuram,Tamil Nadu,1,1,0,0,0,0,0,0,0,0,0,0,1,1,1,100,High,50.95,36,88,90,95,92,100,75.99
Salem,Tamil Nadu,1,1,0,0,1,0,0,0,0,0,0,0,1,1,1,100,High,50.95,36,88,90,95,92,100,75.99
Thanjavur,Tamil Nadu,2,2,1,1,0,0,0,0,0,0,0,0,2,2,2,100,High,69.05,52,88,90,87.5,92,100,81.26
Tiruchchirappalli,Tamil Nadu,1,1,0,1,0,0,0,0,0,0,0,0,0,1,1,100,Medium,50.95,36,60,65,95,65,88,63.54
Tirunelveli,Tamil Nadu,2,2,0,1,0,0,0,0,1,0,0,0,1,2,2,100,High,69.05,52,80,82.5,95,83.5,94,77.94
Tiruppur,Tamil Nadu,1,1,0,0,1,0,0,0,0,0,0,0,0,1,1,100,Medium,50.95,36,85,88,95,85,95,73.79
Thoothukudi,Tamil Nadu,1,1,0,0,0,0,0,0,1,0,0,0,0,1,1,100,Medium,50.95,36,72,75,95,75,88,67.84
Udhagamandalam,Tamil Nadu,1,1,0,1,0,0,0,0,0,0,0,0,1,1,1,100,High,50.95,36,88,90,95,92,100,75.99
Vellore,Tamil Nadu,1,1,0,0,0,0,0,0,0,0,0,0,1,1,1,100,High,50.95,36,88,90,95,92,100,75.99
Hyderabad,Telangana,2,2,0,1,0,0,0,0,1,0,0,0,2,2,2,100,High,69.05,52,88,90,95,92,100,82.01
Karimnagar,Telangana,1,1,0,1,0,0,0,0,0,0,0,0,1,1,1,100,High,50.95,36,88,90,95,92,100,75.99
Khammam,Telangana,1,1,0,0,0,0,0,0,0,1,0,0,0,1,1,100,Medium,50.95,36,72,75,80,75,80,65.14
Mahbubnagar,Telangana,1,1,0,0,1,0,0,0,0,0,0,0,1,1,1,100,High,50.95,36,88,90,95,92,100,75.99
Nizamabad,Telangana,1,1,0,1,0,0,0,0,0,0,0,0,0,1,1,100,Medium,50.95,36,60,65,95,65,95,64.59
Sangareddi,Telangana,1,1,0,0,0,0,0,0,0,0,0,0,0,1,0,100,Medium,50.95,36,60,65,70,65,80,59.84
Warangal,Telangana,2,2,1,0,1,0,0,0,0,0,0,0,2,2,2,100,High,69.05,52,88,90,87.5,92,100,81.26
Agartala,Tripura,1,1,0,1,0,0,0,0,0,0,0,0,1,1,1,100,High,50.95,36,88,90,95,92,100,75.99
Agra,Uttar Pradesh,2,2,0,1,0,0,0,0,1,0,0,0,1,2,2,100,High,69.05,52,80,82.5,95,83.5,94,77.94
Aligarh,Uttar Pradesh,1,1,0,1,0,0,0,0,0,0,0,0,1,1,1,100,High,50.95,36,88,90,95,92,100,75.99
Amroha,Uttar Pradesh,1,1,0,1,0,0,0,0,0,0,0,0,1,1,1,100,High,50.95,36,88,90,95,92,100,75.99
Ayodhya,Uttar Pradesh,1,1,0,0,0,0,0,0,1,0,0,0,1,1,1,100,High,50.95,36,88,90,95,92,100,75.99
Azamgarh,Uttar Pradesh,1,1,0,1,0,0,0,0,0,0,0,0,1,1,1,100,High,50.95,36,88,90,95,92,100,75.99
Bahraich,Uttar Pradesh,1,1,0,0,0,0,0,0,0,0,1,0,0,1,1,100,Medium,50.95,36,72,75,90,75,88,67.34
Ballia,Uttar Pradesh,1,1,0,1,0,0,0,0,0,0,0,0,0,1,1,100,Medium,50.95,36,72,75,95,75,80,66.64
Banda,Uttar Pradesh,1,1,0,1,0,0,0,0,0,0,0,0,1,1,1,100,High,50.95,36,88,90,95,92,100,75.99
Bara Banki,Uttar Pradesh,1,1,0,0,1,0,0,0,0,0,0,0,0,1,1,100,Medium,50.95,36,85,88,95,85,95,73.79
Bareilly,Uttar Pradesh,1,1,0,1,0,0,0,0,0,0,0,0,1,1,1,100,High,50.95,36,88,90,95,92,100,75.99
Basti,Uttar Pradesh,1,1,0,1,0,0,0,0,0,0,0,0,0,1,1,100,Medium,50.95,36,60,65,95,65,80,62.34
Bijnor,Uttar Pradesh,1,1,0,1,0,0,0,0,0,0,0,0,0,1,1,100,Medium,50.95,36,60,65,95,65,95,64.59
Bithur,Uttar Pradesh,1,1,0,0,0,0,0,0,0,0,1,0,0,1,1,100,Medium,50.95,36,72,75,90,75,88,67.34
Budaun,Uttar Pradesh,1,1,0,1,0,0,0,0,0,0,0,0,0,1,1,100,Medium,50.95,36,60,65,95,65,80,62.34
Bulandshahr,Uttar Pradesh,1,1,0,1,0,0,0,0,0,0,0,0,1,1,1,100,High,50.95,36,88,90,95,92,100,75.99
Deoria,Uttar Pradesh,1,1,0,0,0,1,0,0,0,0,0,0,0,1,1,100,Medium,50.95,36,72,75,95,75,95,68.89
Etah,Uttar Pradesh,1,1,0,1,0,0,0,0,0,0,0,0,1,1,1,100,High,50.95,36,88,90,95,92,100,75.99
Etawah,Uttar Pradesh,1,1,0,0,1,0,0,0,0,0,0,0,0,1,1,100,Medium,50.95,36,60,65,95,65,95,64.59
Faizabad,Uttar Pradesh,1,1,0,0,0,1,0,0,0,0,0,0,0,1,1,100,Medium,50.95,36,85,88,95,85,95,73.79
Farrukhabad-cum-Fatehgarh,Uttar Pradesh,1,1,0,1,0,0,0,0,0,0,0,0,1,1,1,100,High,50.95,36,88,90,95,92,100,75.99
Fatehpur,Uttar Pradesh,1,1,0,1,0,0,0,0,0,0,0,0,0,1,1,100,Medium,50.95,36,60,65,95,65,80,62.34
Fatehpur Sikri,Uttar Pradesh,1,1,0,0,0,0,0,0,0,0,0,0,0,1,0,100,Medium,50.95,36,100,50,70,65,100,66.59
Ghaziabad,Uttar Pradesh,1,1,0,1,0,0,0,0,0,0,0,0,0,1,1,100,Medium,50.95,36,60,65,95,65,80,62.34
Ghazipur,Uttar Pradesh,1,1,0,1,0,0,0,0,0,0,0,0,1,1,1,100,High,50.95,36,88,90,95,92,100,75.99
Gonda,Uttar Pradesh,1,1,0,0,0,1,0,0,0,0,0,0,0,1,1,100,Medium,50.95,36,72,75,95,75,95,68.89
Gorakhpur,Uttar Pradesh,1,1,0,1,0,0,0,0,0,0,0,0,1,1,1,100,High,50.95,36,88,90,95,92,100,75.99
Hamirpur,Uttar Pradesh,1,1,0,1,0,0,0,0,0,0,0,0,0,1,1,100,Medium,50.95,36,60,65,95,65,95,64.59
Hardoi,Uttar Pradesh,1,1,0,0,1,0,0,0,0,0,0,0,0,1,1,100,Medium,50.95,36,60,65,95,65,95,64.59
Hathras,Uttar Pradesh,2,2,0,0,0,0,0,1,0,0,0,0,1,2,2,100,High,69.05,52,86.5,89,92.5,88.5,97.5,80.66
Jalaun,Uttar Pradesh,1,1,0,1,0,0,0,0,0,0,0,0,1,1,1,100,High,50.95,36,88,90,95,92,100,75.99
Jaunpur,Uttar Pradesh,1,1,0,0,0,0,0,0,1,0,0,0,0,1,1,100,Medium,50.95,36,72,75,95,75,88,67.84
Jhansi,Uttar Pradesh,1,1,0,0,0,0,1,0,0,0,0,0,0,1,1,100,Medium,50.95,36,85,88,95,85,95,73.79
Kannauj,Uttar Pradesh,1,1,0,0,0,0,0,0,0,0,0,0,1,1,1,100,High,50.95,36,88,90,95,92,100,75.99
Kanpur,Uttar Pradesh,1,1,0,1,0,0,0,0,0,0,0,0,1,1,1,100,High,50.95,36,88,90,95,92,100,75.99
Lakhimpur,Uttar Pradesh,1,1,0,0,0,0,0,0,0,1,0,0,0,1,1,100,Medium,50.95,36,85,88,80,85,80,70.04
Lalitpur,Uttar Pradesh,1,1,0,0,0,0,0,0,0,0,0,0,0,1,1,100,Medium,50.95,36,85,88,85,85,95,72.79
Lucknow,Uttar Pradesh,3,2,0,2,0,0,1,0,0,0,0,0,2,3,3,100,High,81.9,52,87,89.33,95,89.67,98.33,83.85
Mainpuri,Uttar Pradesh,1,1,0,1,0,0,0,0,0,0,0,0,1,1,1,100,High,50.95,36,88,90,95,92,100,75.99
Mathura,Uttar Pradesh,2,2,1,0,0,0,0,0,1,0,0,0,0,2,2,100,High,69.05,52,78.5,81.5,87.5,80,91.5,76.09
Meerut,Uttar Pradesh,1,1,0,1,0,0,0,0,0,0,0,0,1,1,1,100,High,50.95,36,88,90,95,92,100,75.99
Mirzapur-Vindhyachal,Uttar Pradesh,1,1,0,1,0,0,0,0,0,0,0,0,1,1,1,100,High,50.95,36,88,90,95,92,100,75.99
Moradabad,Uttar Pradesh,1,1,0,1,0,0,0,0,0,0,0,0,1,1,1,100,High,50.95,36,88,90,95,92,100,75.99
Muzaffarnagar,Uttar Pradesh,1,1,0,0,0,0,0,0,1,0,0,0,1,1,1,100,High,50.95,36,88,90,95,92,100,75.99
Partapgarh,Uttar Pradesh,1,1,0,0,0,0,0,0,0,0,0,0,1,1,1,100,High,50.95,36,88,90,95,92,100,75.99
Pilibhit,Uttar Pradesh,1,1,0,1,0,0,0,0,0,0,0,0,1,1,1,100,High,50.95,36,88,90,95,92,100,75.99
Prayagraj,Uttar Pradesh,2,2,0,0,0,0,0,0,0,0,1,1,1,2,2,100,High,69.05,52,94,95,92.5,96,100,83.81
Rae Bareli,Uttar Pradesh,1,1,0,1,0,0,0,0,0,0,0,0,0,1,1,100,Medium,50.95,36,60,65,95,65,80,62.34
Rampur,Uttar Pradesh,1,1,0,0,0,1,0,0,0,0,0,0,0,1,1,100,Medium,50.95,36,85,88,95,85,95,73.79
Saharanpur,Uttar Pradesh,1,1,0,1,0,0,0,0,0,0,0,0,1,1,1,100,High,50.95,36,88,90,95,92,100,75.99
Sambhal,Uttar Pradesh,1,1,0,1,0,0,0,0,0,0,0,0,1,1,1,100,High,50.95,36,88,90,95,92,100,75.99
Shahjahanpur,Uttar Pradesh,1,1,0,1,0,0,0,0,0,0,0,0,0,1,1,100,Medium,50.95,36,60,65,95,65,95,64.59
Sitapur,Uttar Pradesh,1,1,0,0,1,0,0,0,0,0,0,0,0,1,1,100,Medium,50.95,36,60,65,95,65,95,64.59
Sultanpur,Uttar Pradesh,1,1,0,1,0,0,0,0,0,0,0,0,0,1,1,100,Medium,50.95,36,60,65,95,65,95,64.59
Tehri,Uttar Pradesh,1,1,0,0,0,0,0,0,0,0,1,0,0,1,1,100,Medium,50.95,36,72,75,90,75,80,66.14
Varanasi,Uttar Pradesh,5,5,0,0,1,1,0,1,0,0,2,2,1,5,5,100,High,100,100,94.6,85.6,92,88.4,97.6,94.71
Almora,Uttarakhand,2,2,1,1,0,0,0,0,0,0,0,0,2,2,2,100,High,69.05,52,88,90,87.5,92,100,81.26
Dehra Dun,Uttarakhand,1,1,0,0,0,0,0,0,0,0,0,0,1,1,1,100,High,50.95,36,88,90,95,92,100,75.99
Haridwar,Uttarakhand,2,1,0,0,0,0,0,0,0,0,2,1,0,2,2,100,High,69.05,36,92.5,94,90,92.5,94,79.54
Mussoorie,Uttarakhand,1,1,0,0,0,0,0,0,0,0,1,0,0,1,1,100,Medium,50.95,36,72,75,90,75,88,67.34
Nainital,Uttarakhand,1,1,0,0,0,0,1,0,0,0,0,0,0,1,1,100,Medium,50.95,36,85,88,95,85,95,73.79
Pithoragarh,Uttarakhand,1,1,0,1,0,0,0,0,0,0,0,0,1,1,1,100,High,50.95,36,88,90,95,92,100,75.99
Alipore,West Bengal,1,1,0,0,0,0,0,0,0,0,1,0,0,1,1,100,Medium,50.95,36,85,88,90,85,95,73.29
Alipur Duar,West Bengal,1,1,0,0,0,0,0,0,0,1,0,0,0,1,1,100,Medium,50.95,36,72,75,80,75,88,66.34
Asansol,West Bengal,1,1,0,0,0,0,0,0,0,0,1,0,0,1,1,100,Medium,50.95,36,72,75,90,75,80,66.14
Baharampur,West Bengal,1,1,0,1,0,0,0,0,0,0,0,0,0,1,1,100,Medium,50.95,36,85,88,95,85,95,73.79
Bally,West Bengal,1,1,0,0,0,0,0,0,0,0,0,0,0,1,1,100,Medium,50.95,36,85,88,85,85,95,72.79
Balurghat,West Bengal,1,1,0,1,0,0,0,0,0,0,0,0,1,1,1,100,High,50.95,36,88,90,95,92,100,75.99
Bankura,West Bengal,1,1,0,1,0,0,0,0,0,0,0,0,1,1,1,100,High,50.95,36,88,90,95,92,100,75.99
Baranagar,West Bengal,1,1,0,0,0,0,0,0,0,0,0,0,0,1,1,100,Medium,50.95,36,72,75,85,75,88,66.84
Barasat,West Bengal,1,1,0,1,0,0,0,0,0,0,0,0,1,1,1,100,High,50.95,36,88,90,95,92,100,75.99
Barrackpore,West Bengal,1,1,0,0,0,0,0,0,0,0,1,0,0,1,1,100,Medium,50.95,36,85,88,90,85,88,72.24
Basirhat,West Bengal,1,1,0,0,0,0,0,0,0,0,1,0,0,1,1,100,Medium,50.95,36,85,88,90,85,95,73.29
Bhatpara,West Bengal,1,1,0,0,0,0,0,0,0,0,1,0,0,1,1,100,Medium,50.95,36,85,88,90,85,80,71.04
Bishnupur,West Bengal,2,2,0,0,1,0,0,0,0,0,0,0,1,2,2,100,High,69.05,52,94,92.5,90,78.5,100,81.44
Budge Budge,West Bengal,1,1,0,0,0,0,0,0,0,0,1,0,0,1,1,100,Medium,50.95,36,85,88,90,85,95,73.29
Burdwan,West Bengal,1,1,0,0,0,0,0,0,1,0,0,0,1,1,1,100,High,50.95,36,88,90,95,92,100,75.99
Chandernagore,West Bengal,1,1,0,1,0,0,0,0,0,0,0,0,0,1,1,100,Medium,50.95,36,72,75,95,75,88,67.84
Darjeeling,West Bengal,1,1,0,0,0,0,0,0,0,0,0,0,1,1,1,100,High,50.95,36,88,90,95,92,100,75.99
Diamond Harbour,West Bengal,1,1,0,0,0,0,0,0,1,0,0,0,0,1,1,100,Medium,50.95,36,72,75,95,75,80,66.64
Dum Dum,West Bengal,1,1,0,0,0,0,0,0,0,0,0,0,0,1,0,100,Medium,50.95,36,85,88,70,85,95,71.29
Durgapur,West Bengal,1,1,0,1,0,0,0,0,0,0,0,0,0,1,1,100,Medium,50.95,36,60,65,95,65,88,63.54
Halisahar,West Bengal,1,1,0,0,0,1,0,0,0,0,0,0,0,1,1,100,Medium,50.95,36,72,75,95,75,80,66.64
Haora,West Bengal,1,1,0,0,0,0,0,0,0,0,0,0,0,1,0,100,Medium,50.95,36,85,88,70,85,80,69.04
Hugli,West Bengal,1,1,0,0,0,0,0,0,0,0,0,0,0,1,0,100,Medium,50.95,36,85,88,70,85,95,71.29
Ingraj Bazar,West Bengal,1,1,0,0,1,0,0,0,0,0,0,0,1,1,1,100,High,50.95,36,88,90,95,92,100,75.99
Jalpaiguri,West Bengal,1,1,0,0,0,0,0,0,0,1,0,0,0,1,1,100,Medium,50.95,36,72,75,80,75,80,65.14
Kalimpong,West Bengal,1,1,0,0,1,0,0,0,0,0,0,0,0,1,1,100,Medium,50.95,36,85,88,95,85,88,72.74
Kamarhati,West Bengal,1,1,0,0,0,0,0,0,0,0,1,0,0,1,1,100,Medium,50.95,36,72,75,90,75,88,67.34
Kanchrapara,West Bengal,1,1,0,0,0,0,0,0,0,0,0,0,0,1,1,100,Medium,50.95,36,60,65,85,65,80,61.34
Kharagpur,West Bengal,1,1,0,0,0,0,0,0,0,0,1,0,0,1,1,100,Medium,50.95,36,85,88,90,85,80,71.04
Cooch Behar,West Bengal,1,1,0,0,0,0,0,0,0,0,0,0,0,1,0,100,Medium,50.95,36,85,88,70,85,95,71.29
Kolkata,West Bengal,3,3,0,1,0,0,0,0,1,0,1,1,1,3,3,100,High,81.9,68,91,92.67,93.33,92.33,98.33,87.45
Krishnanagar,West Bengal,1,1,0,1,0,0,0,0,0,0,0,0,1,1,1,100,High,50.95,36,88,90,95,92,100,75.99
Malda,West Bengal,1,1,0,0,0,0,0,0,0,0,0,0,1,1,1,100,High,50.95,36,88,90,95,92,100,75.99
Midnapore,West Bengal,1,1,0,1,0,0,0,0,0,0,0,0,1,1,1,100,High,50.95,36,88,90,95,92,100,75.99
Murshidabad,West Bengal,1,1,0,0,1,0,0,0,0,0,0,0,0,1,1,100,Medium,50.95,36,85,88,95,85,95,73.79
Nabadwip,West Bengal,1,1,0,0,0,1,0,0,0,0,0,0,0,1,1,100,Medium,50.95,36,85,88,95,85,95,73.79
Palashi,West Bengal,1,1,0,0,0,0,0,0,0,0,0,0,0,1,0,100,Medium,50.95,36,85,88,70,85,95,71.29
Panihati,West Bengal,1,1,0,0,0,0,0,0,0,0,1,0,0,1,1,100,Medium,50.95,36,72,75,90,75,80,66.14
Purulia,West Bengal,1,1,0,0,0,0,1,0,0,0,0,1,1,1,1,100,High,50.95,36,100,100,95,100,100,80.09
Raiganj,West Bengal,1,1,0,1,0,0,0,0,0,0,0,0,0,1,1,100,Medium,50.95,36,60,65,95,65,80,62.34
Santipur,West Bengal,1,1,0,0,1,0,0,0,0,0,0,0,1,1,1,100,High,50.95,36,88,90,95,92,100,75.99
Shantiniketan,West Bengal,1,1,1,0,0,0,0,0,0,0,0,0,1,1,1,100,High,50.95,36,100,90,80,92,100,76.29
Shrirampur,West Bengal,1,1,0,0,0,0,0,0,0,0,0,0,0,1,0,100,Medium,50.95,36,72,75,70,75,88,65.34
Siliguri,West Bengal,1,1,0,0,0,0,0,0,0,0,0,0,0,1,1,100,Medium,50.95,36,72,75,95,75,88,67.84
Siuri,West Bengal,1,1,0,1,0,0,0,0,0,0,0,0,1,1,1,100,High,50.95,36,88,90,95,92,100,75.99
Tamluk,West Bengal,1,1,0,0,0,0,0,0,0,0,0,0,0,1,1,100,Medium,50.95,36,85,88,85,85,95,72.79
Titagarh,West Bengal,1,1,0,1,0,0,0,0,0,0,0,0,0,1,1,100,Medium,50.95,36,60,65,95,65,95,64.59