city_id,city_name,state_name,total_verified_activities,adventure_activity_count,water_activity_count,wildlife_activity_count,nature_activity_count,cultural_activity_count,spiritual_activity_count,leisure_activity_count,recreational_activity_count,activity_category_count,activity_subcategory_count,tourism_type_count,activity_count_score,activity_diversity_score,activity_category_score,activity_experience_score,activity_seasonality_score,activity_recognition_score,overall_travel_activity_score,data_completeness_percentage,score_confidence
CT0001,Port Blair,Andaman and Nicobar Islands,3,1,1,0,0,1,0,0,0,3,3,3,81.9,71,66,65,73.33,95,76.21,100,High
CT0002,Adoni,Andhra Pradesh,0,0,0,0,0,0,0,0,0,0,0,0,1,1,1,1,1,1,1,100,High
CT0003,Amaravati,Andhra Pradesh,0,0,0,0,0,0,0,0,0,0,0,0,1,1,1,1,1,1,1,100,High
CT0004,Anantapur,Andhra Pradesh,0,0,0,0,0,0,0,0,0,0,0,0,1,1,1,1,1,1,1,100,High
CT0005,Chandragiri,Andhra Pradesh,1,0,0,0,0,1,0,0,0,1,1,1,50.95,37,32,55,87.5,100,56.04,100,High
CT0006,Chittoor,Andhra Pradesh,0,0,0,0,0,0,0,0,0,0,0,0,1,1,1,1,1,1,1,100,High
CT0007,Dowlaiswaram,Andhra Pradesh,0,0,0,0,0,0,0,0,0,0,0,0,1,1,1,1,1,1,1,100,High
CT0008,Eluru,Andhra Pradesh,0,0,0,0,0,0,0,0,0,0,0,0,1,1,1,1,1,1,1,100,High
CT0009,Guntur,Andhra Pradesh,0,0,0,0,0,0,0,0,0,0,0,0,1,1,1,1,1,1,1,100,High
CT0010,Kadapa,Andhra Pradesh,1,1,0,0,0,0,0,0,0,1,1,1,50.95,37,32,55,47.5,95,51.29,100,High
CT0011,Kakinada,Andhra Pradesh,1,0,0,1,0,0,0,0,0,1,1,1,50.95,37,32,55,87.5,95,55.29,100,High
CT0012,Kurnool,Andhra Pradesh,1,1,0,0,0,0,0,0,0,1,1,1,50.95,37,32,55,87.5,95,55.29,100,High
CT0013,Machilipatnam,Andhra Pradesh,0,0,0,0,0,0,0,0,0,0,0,0,1,1,1,1,1,1,1,100,High
CT0014,Nagarjunakoṇḍa,Andhra Pradesh,1,0,0,0,0,1,0,0,0,1,1,1,50.95,37,32,55,47.5,100,52.04,100,High
CT0015,Rajahmundry,Andhra Pradesh,1,0,1,0,0,0,0,0,0,1,1,1,50.95,37,32,55,47.5,95,51.29,100,High
CT0016,Srikakulam,Andhra Pradesh,0,0,0,0,0,0,0,0,0,0,0,0,1,1,1,1,1,1,1,100,High
CT0017,Tirupati,Andhra Pradesh,1,0,0,0,0,0,1,0,0,1,1,1,50.95,37,32,55,87.5,85,53.79,100,High
CT0018,Vijayawada,Andhra Pradesh,1,0,1,0,0,0,0,0,0,1,1,1,50.95,37,32,55,87.5,95,55.29,100,High
CT0019,Visakhapatnam,Andhra Pradesh,2,1,0,0,0,0,0,1,0,2,2,2,69.05,54,49,65,80,90,66.11,100,High
CT0020,Vizianagaram,Andhra Pradesh,0,0,0,0,0,0,0,0,0,0,0,0,1,1,1,1,1,1,1,100,High
CT0021,Yemmiganur,Andhra Pradesh,0,0,0,0,0,0,0,0,0,0,0,0,1,1,1,1,1,1,1,100,High
CT0022,Itanagar,Arunachal Pradesh,1,0,0,0,1,0,0,0,0,1,1,1,50.95,37,32,55,87.5,95,55.29,100,High
CT0023,Dhuburi,Assam,0,0,0,0,0,0,0,0,0,0,0,0,1,1,1,1,1,1,1,100,High
CT0024,Dibrugarh,Assam,1,0,0,0,0,1,0,0,0,1,1,1,50.95,37,32,55,87.5,95,55.29,100,High
CT0025,Dispur,Assam,0,0,0,0,0,0,0,0,0,0,0,0,1,1,1,1,1,1,1,100,High
CT0026,Guwahati,Assam,3,0,1,0,0,0,1,1,0,3,3,3,81.9,71,66,90,87.5,91.67,79.62,100,High
CT0027,Jorhat,Assam,2,0,0,1,0,1,0,0,0,2,2,2,69.05,54,49,80,47.5,90,64.36,100,High
CT0028,Nagaon,Assam,1,0,0,1,0,0,0,0,0,1,1,1,50.95,37,32,55,47.5,95,51.29,100,High
CT0029,Sivasagar,Assam,1,0,0,0,0,1,0,0,0,1,1,1,50.95,37,32,55,47.5,100,52.04,100,High
CT0030,Silchar,Assam,0,0,0,0,0,0,0,0,0,0,0,0,1,1,1,1,1,1,1,100,High
CT0031,Tezpur,Assam,1,1,0,0,0,0,0,0,0,1,1,1,50.95,37,32,55,47.5,95,51.29,100,High
CT0032,Tinsukia,Assam,1,0,0,1,0,0,0,0,0,1,1,1,50.95,37,32,55,47.5,95,51.29,100,High
CT0033,Ara,Bihar,0,0,0,0,0,0,0,0,0,0,0,0,1,1,1,1,1,1,1,100,High
CT0034,Barauni,Bihar,0,0,0,0,0,0,0,0,0,0,0,0,1,1,1,1,1,1,1,100,High
CT0035,Begusarai,Bihar,0,0,0,0,0,0,0,0,0,0,0,0,1,1,1,1,1,1,1,100,High
CT0036,Bettiah,Bihar,1,0,0,1,0,0,0,0,0,1,1,1,50.95,37,32,55,47.5,95,51.29,100,High
CT0037,Bhagalpur,Bihar,1,0,0,1,0,0,0,0,0,1,1,1,50.95,37,32,55,47.5,95,51.29,100,High
CT0038,Bihar Sharif,Bihar,1,0,0,0,0,1,0,0,0,1,1,1,50.95,37,32,55,47.5,100,52.04,100,High
CT0039,Bodh Gaya,Bihar,1,0,0,0,0,0,1,0,0,1,1,1,50.95,37,32,55,87.5,85,53.79,100,High
CT0040,Buxar,Bihar,0,0,0,0,0,0,0,0,0,0,0,0,1,1,1,1,1,1,1,100,High
CT0041,Chapra,Bihar,0,0,0,0,0,0,0,0,0,0,0,0,1,1,1,1,1,1,1,100,High
CT0042,Darbhanga,Bihar,0,0,0,0,0,0,0,0,0,0,0,0,1,1,1,1,1,1,1,100,High
CT0043,Dehri,Bihar,0,0,0,0,0,0,0,0,0,0,0,0,1,1,1,1,1,1,1,100,High
CT0044,Dinapur Nizamat,Bihar,0,0,0,0,0,0,0,0,0,0,0,0,1,1,1,1,1,1,1,100,High
CT0045,Gaya,Bihar,1,0,0,0,0,0,1,0,0,1,1,1,50.95,37,32,55,87.5,85,53.79,100,High
CT0046,Hajipur,Bihar,1,0,0,0,0,1,0,0,0,1,1,1,50.95,37,32,55,47.5,100,52.04,100,High
CT0047,Jamalpur,Bihar,0,0,0,0,0,0,0,0,0,0,0,0,1,1,1,1,1,1,1,100,High
CT0048,Katihar,Bihar,0,0,0,0,0,0,0,0,0,0,0,0,1,1,1,1,1,1,1,100,High
CT0049,Madhubani,Bihar,1,0,0,0,0,1,0,0,0,1,1,1,50.95,37,32,55,87.5,85,53.79,100,High
CT0050,Motihari,Bihar,1,0,0,0,0,1,0,0,0,1,1,1,50.95,37,32,55,47.5,100,52.04,100,High
CT0051,Munger,Bihar,1,0,0,0,0,0,1,0,0,1,1,1,50.95,37,32,55,87.5,85,53.79,100,High
CT0052,Muzaffarpur,Bihar,1,0,0,0,0,1,0,0,0,1,1,1,50.95,37,32,55,47.5,100,52.04,100,High
CT0053,Patna,Bihar,1,0,1,0,0,0,0,0,0,1,1,1,50.95,37,32,55,87.5,95,55.29,100,High
CT0054,Purnia,Bihar,0,0,0,0,0,0,0,0,0,0,0,0,1,1,1,1,1,1,1,100,High
CT0055,Pusa,Bihar,0,0,0,0,0,0,0,0,0,0,0,0,1,1,1,1,1,1,1,100,High
CT0056,Saharsa,Bihar,0,0,0,0,0,0,0,0,0,0,0,0,1,1,1,1,1,1,1,100,High
CT0057,Samastipur,Bihar,0,0,0,0,0,0,0,0,0,0,0,0,1,1,1,1,1,1,1,100,High
CT0058,Sasaram,Bihar,1,0,0,0,0,1,0,0,0,1,1,1,50.95,37,32,55,47.5,100,52.04,100,High
CT0059,Sitamarhi,Bihar,0,0,0,0,0,0,0,0,0,0,0,0,1,1,1,1,1,1,1,100,High
CT0060,Siwan,Bihar,0,0,0,0,0,0,0,0,0,0,0,0,1,1,1,1,1,1,1,100,High
CT0061,Chandigarh,Chandigarh,3,0,1,0,0,2,0,0,0,2,3,3,81.9,64.6,49,90,86.67,85,74.39,100,High
CT0062,Ambikapur,Chhattisgarh,0,0,0,0,0,0,0,0,0,0,0,0,1,1,1,1,1,1,1,100,High
CT0063,Bhilai,Chhattisgarh,0,0,0,0,0,0,0,0,0,0,0,0,1,1,1,1,1,1,1,100,High
CT0064,Bilaspur,Chhattisgarh,1,0,0,1,0,0,0,0,0,1,1,1,50.95,37,32,55,47.5,95,51.29,100,High
CT0065,Dhamtari,Chhattisgarh,1,0,1,0,0,0,0,0,0,1,1,1,50.95,37,32,55,87.5,95,55.29,100,High
CT0066,Durg,Chhattisgarh,0,0,0,0,0,0,0,0,0,0,0,0,1,1,1,1,1,1,1,100,High
CT0067,Jagdalpur,Chhattisgarh,2,1,1,0,0,0,0,0,0,2,2,2,69.05,54,49,80,60,95,66.36,100,High
CT0068,Raipur,Chhattisgarh,1,0,0,1,0,0,0,0,0,1,1,1,50.95,37,32,55,87.5,95,55.29,100,High
CT0069,Rajnandgaon,Chhattisgarh,0,0,0,0,0,0,0,0,0,0,0,0,1,1,1,1,1,1,1,100,High
CT0070,Daman,Dadra and Nagar Haveli and Daman and Diu,2,0,1,0,0,1,0,0,0,2,2,2,69.05,54,49,55,80,97.5,66.24,100,High
CT0071,Diu,Dadra and Nagar Haveli and Daman and Diu,2,0,1,0,0,1,0,0,0,2,2,2,69.05,54,49,55,80,92.5,65.49,100,High
CT0072,Silvassa,Dadra and Nagar Haveli and Daman and Diu,3,0,1,1,0,1,0,0,0,3,3,3,81.9,71,66,65,87.5,95,77.62,100,High
CT0073,Delhi,Delhi,3,0,0,1,0,2,0,0,0,2,3,3,81.9,64.6,49,80,47.5,88.33,69.97,100,High
CT0074,New Delhi,Delhi,2,0,0,0,0,2,0,0,0,1,2,2,69.05,47.6,32,80,80,92.5,63.84,100,High
CT0075,Madgaon,Goa,2,0,1,0,0,1,0,0,0,2,2,2,69.05,54,49,55,80,85,64.36,100,High
CT0076,Panaji,Goa,4,1,2,0,0,1,0,0,0,3,4,4,91.86,81.6,66,55,90,92.5,81.64,100,High
CT0077,Ahmadabad,Gujarat,3,0,1,0,0,2,0,0,0,2,3,3,81.9,64.6,49,55,86.67,85,70.89,100,High
CT0078,Amreli,Gujarat,0,0,0,0,0,0,0,0,0,0,0,0,1,1,1,1,1,1,1,100,High
CT0079,Bharuch,Gujarat,1,0,1,0,0,0,0,0,0,1,1,1,50.95,37,32,55,87.5,85,53.79,100,High
CT0080,Bhavnagar,Gujarat,2,0,0,1,0,0,1,0,0,2,2,2,69.05,54,49,80,47.5,90,64.36,100,High
CT0081,Bhuj,Gujarat,2,0,0,0,0,2,0,0,0,1,2,1,69.05,42.6,32,65,80,85,59.96,100,High
CT0082,Dwarka,Gujarat,2,1,0,1,0,0,0,0,0,2,2,2,69.05,54,49,55,80,90,65.11,100,High
CT0083,Gandhinagar,Gujarat,1,0,0,0,1,0,0,0,0,1,1,1,50.95,37,32,55,87.5,85,53.79,100,High
CT0084,Godhra,Gujarat,0,0,0,0,0,0,0,0,0,0,0,0,1,1,1,1,1,1,1,100,High
CT0085,Jamnagar,Gujarat,2,0,0,1,1,0,0,0,0,2,2,1,69.05,49,49,55,47.5,95,61.36,100,High
CT0086,Junagadh,Gujarat,2,0,0,1,0,0,1,0,0,2,2,2,69.05,54,49,80,80,90,67.61,100,High
CT0087,Kandla,Gujarat,0,0,0,0,0,0,0,0,0,0,0,0,1,1,1,1,1,1,1,100,High
CT0088,Khambhat,Gujarat,0,0,0,0,0,0,0,0,0,0,0,0,1,1,1,1,1,1,1,100,High
CT0089,Kheda,Gujarat,0,0,0,0,0,0,0,0,0,0,0,0,1,1,1,1,1,1,1,100,High
CT0090,Mahesana,Gujarat,0,0,0,0,0,0,0,0,0,0,0,0,1,1,1,1,1,1,1,100,High
CT0091,Morbi,Gujarat,0,0,0,0,0,0,0,0,0,0,0,0,1,1,1,1,1,1,1,100,High
CT0092,Nadiad,Gujarat,0,0,0,0,0,0,0,0,0,0,0,0,1,1,1,1,1,1,1,100,High
CT0093,Navsari,Gujarat,0,0,0,0,0,0,0,0,0,0,0,0,1,1,1,1,1,1,1,100,High
CT0094,Okha,Gujarat,1,0,1,0,0,0,0,0,0,1,1,1,50.95,37,32,55,87.5,95,55.29,100,High
CT0095,Palanpur,Gujarat,0,0,0,0,0,0,0,0,0,0,0,0,1,1,1,1,1,1,1,100,High
CT0096,Patan,Gujarat,2,0,0,0,0,2,0,0,0,1,2,2,69.05,47.6,32,55,80,92.5,61.34,100,High
CT0097,Porbandar,Gujarat,2,0,0,1,0,1,0,0,0,2,2,2,69.05,54,49,65,80,90,66.11,100,High
CT0098,Rajkot,Gujarat,0,0,0,0,0,0,0,0,0,0,0,0,1,1,1,1,1,1,1,100,High
CT0099,Surat,Gujarat,1,0,0,0,0,1,0,0,0,1,1,1,50.95,37,32,55,87.5,85,53.79,100,High
CT0100,Surendranagar,Gujarat,0,0,0,0,0,0,0,0,0,0,0,0,1,1,1,1,1,1,1,100,High
CT0101,Valsad,Gujarat,0,0,0,0,0,0,0,0,0,0,0,0,1,1,1,1,1,1,1,100,High
CT0102,Veraval,Gujarat,1,0,0,0,0,1,0,0,0,1,1,1,50.95,37,32,55,87.5,85,53.79,100,High
CT0103,Ambala,Haryana,0,0,0,0,0,0,0,0,0,0,0,0,1,1,1,1,1,1,1,100,High
CT0104,Bhiwani,Haryana,0,0,0,0,0,0,0,0,0,0,0,0,1,1,1,1,1,1,1,100,High
CT0105,Chandigarh,Haryana,1,0,1,0,0,0,0,0,0,1,1,1,50.95,37,32,55,87.5,85,53.79,100,High
CT0106,Faridabad,Haryana,1,0,0,0,0,1,0,0,0,1,1,1,50.95,37,32,55,47.5,85,49.79,100,High
CT0107,Firozpur Jhirka,Haryana,0,0,0,0,0,0,0,0,0,0,0,0,1,1,1,1,1,1,1,100,High
CT0108,Gurugram,Haryana,3,1,0,1,1,0,0,0,0,3,3,2,81.9,66,66,80,73.33,88.33,75.46,100,High
CT0109,Hansi,Haryana,0,0,0,0,0,0,0,0,0,0,0,0,1,1,1,1,1,1,1,100,High
CT0110,Hisar,Haryana,1,0,0,0,0,1,0,0,0,1,1,1,50.95,37,32,55,87.5,100,56.04,100,High
CT0111,Jind,Haryana,0,0,0,0,0,0,0,0,0,0,0,0,1,1,1,1,1,1,1,100,High
CT0112,Kaithal,Haryana,0,0,0,0,0,0,0,0,0,0,0,0,1,1,1,1,1,1,1,100,High
CT0113,Karnal,Haryana,1,0,1,0,0,0,0,0,0,1,1,1,50.95,37,32,55,87.5,85,53.79,100,High
CT0114,Kurukshetra,Haryana,2,0,0,0,0,1,1,0,0,2,2,2,69.05,54,49,55,87.5,95,66.61,100,High
CT0115,Panipat,Haryana,1,0,0,0,0,1,0,0,0,1,1,1,50.95,37,32,55,87.5,85,53.79,100,High
CT0116,Pehowa,Haryana,1,0,0,0,0,0,1,0,0,1,1,1,50.95,37,32,55,87.5,95,55.29,100,High
CT0117,Rewari,Haryana,1,0,0,0,0,1,0,0,0,1,1,1,50.95,37,32,55,87.5,100,56.04,100,High
CT0118,Rohtak,Haryana,0,0,0,0,0,0,0,0,0,0,0,0,1,1,1,1,1,1,1,100,High
CT0119,Sirsa,Haryana,0,0,0,0,0,0,0,0,0,0,0,0,1,1,1,1,1,1,1,100,High
CT0120,Sonipat,Haryana,0,0,0,0,0,0,0,0,0,0,0,0,1,1,1,1,1,1,1,100,High
CT0121,Bilaspur,Himachal Pradesh,2,1,1,0,0,0,0,0,0,2,2,1,69.05,49,49,55,47.5,85,59.86,100,High
CT0122,Chamba,Himachal Pradesh,1,0,0,0,0,1,0,0,0,1,1,1,50.95,37,32,55,87.5,95,55.29,100,High
CT0123,Dalhousie,Himachal Pradesh,2,1,1,0,0,0,0,0,0,2,2,2,69.05,54,49,55,80,95,65.86,100,High
CT0124,Dharmshala,Himachal Pradesh,2,1,0,0,0,1,0,0,0,2,2,2,69.05,54,49,80,80,95,68.36,100,High
CT0125,Hamirpur,Himachal Pradesh,1,0,0,0,0,1,0,0,0,1,1,1,50.95,37,32,55,87.5,100,56.04,100,High
CT0126,Kangra,Himachal Pradesh,1,0,0,0,0,1,0,0,0,1,1,1,50.95,37,32,55,87.5,100,56.04,100,High
CT0127,Kullu,Himachal Pradesh,4,3,1,0,0,0,0,0,0,2,4,3,91.86,70.2,49,90,60,90,76.36,100,High
CT0128,Mandi,Himachal Pradesh,1,1,0,0,0,0,0,0,0,1,1,1,50.95,37,32,55,87.5,85,53.79,100,High
CT0129,Nahan,Himachal Pradesh,2,0,1,1,0,0,0,0,0,2,2,2,69.05,54,49,55,87.5,95,66.61,100,High
CT0130,Shimla,Himachal Pradesh,3,1,0,0,0,1,0,1,0,3,3,2,81.9,66,66,65,86.67,93.33,76.04,100,High
CT0131,Una,Himachal Pradesh,1,0,1,0,0,0,0,0,0,1,1,1,50.95,37,32,55,47.5,85,49.79,100,High
CT0132,Anantnag,Jammu and Kashmir,2,2,0,0,0,0,0,0,0,1,2,2,69.05,47.6,32,80,60,85,60.71,100,High
CT0133,Baramula,Jammu and Kashmir,1,0,0,1,0,0,0,0,0,1,1,1,50.95,37,32,55,47.5,85,49.79,100,High
CT0134,Doda,Jammu and Kashmir,0,0,0,0,0,0,0,0,0,0,0,0,1,1,1,1,1,1,1,100,High
CT0135,Gulmarg,Jammu and Kashmir,3,1,0,0,0,0,0,1,1,3,3,2,81.9,66,66,90,73.33,91.67,76.96,100,High
CT0136,Jammu,Jammu and Kashmir,1,0,0,0,0,0,0,1,0,1,1,1,50.95,37,32,55,87.5,85,53.79,100,High
CT0137,Kathua,Jammu and Kashmir,0,0,0,0,0,0,0,0,0,0,0,0,1,1,1,1,1,1,1,100,High
CT0138,Punch,Jammu and Kashmir,0,0,0,0,0,0,0,0,0,0,0,0,1,1,1,1,1,1,1,100,High
CT0139,Rajouri,Jammu and Kashmir,0,0,0,0,0,0,0,0,0,0,0,0,1,1,1,1,1,1,1,100,High
CT0140,Srinagar,Jammu and Kashmir,5,1,1,1,0,1,0,1,0,5,5,4,100,100,100,90,76,93,95.55,100,High
CT0141,Udhampur,Jammu and Kashmir,2,2,0,0,0,0,0,0,0,1,2,1,69.05,42.6,32,55,60,85,56.96,100,High
CT0142,Bokaro,Jharkhand,0,0,0,0,0,0,0,0,0,0,0,0,1,1,1,1,1,1,1,100,High
CT0143,Chaibasa,Jharkhand,0,0,0,0,0,0,0,0,0,0,0,0,1,1,1,1,1,1,1,100,High
CT0144,Deoghar,Jharkhand,1,0,0,0,0,0,0,1,0,1,1,1,50.95,37,32,55,87.5,95,55.29,100,High
CT0145,Dhanbad,Jharkhand,0,0,0,0,0,0,0,0,0,0,0,0,1,1,1,1,1,1,1,100,High
CT0146,Dumka,Jharkhand,0,0,0,0,0,0,0,0,0,0,0,0,1,1,1,1,1,1,1,100,High
CT0147,Giridih,Jharkhand,1,0,0,0,0,0,1,0,0,1,1,1,50.95,37,32,55,47.5,85,49.79,100,High
CT0148,Hazaribag,Jharkhand,1,0,0,0,0,1,0,0,0,1,1,1,50.95,37,32,55,47.5,85,49.79,100,High
CT0149,Jamshedpur,Jharkhand,1,0,0,1,0,0,0,0,0,1,1,1,50.95,37,32,55,47.5,95,51.29,100,High
CT0150,Jharia,Jharkhand,0,0,0,0,0,0,0,0,0,0,0,0,1,1,1,1,1,1,1,100,High
CT0151,Rajmahal,Jharkhand,0,0,0,0,0,0,0,0,0,0,0,0,1,1,1,1,1,1,1,100,High
CT0152,Ranchi,Jharkhand,2,1,1,0,0,0,0,0,0,2,2,2,69.05,54,49,80,80,95,68.36,100,High
CT0153,Saraikela,Jharkhand,0,0,0,0,0,0,0,0,0,0,0,0,1,1,1,1,1,1,1,100,High
CT0154,Badami,Karnataka,2,1,0,0,0,1,0,0,0,2,2,2,69.05,54,49,80,47.5,92.5,64.74,100,High
CT0155,Ballari,Karnataka,2,0,1,1,0,0,0,0,0,2,2,2,69.05,54,49,55,80,90,65.11,100,High
CT0156,Bengaluru,Karnataka,2,0,0,1,0,1,0,0,0,2,2,2,69.05,54,49,55,87.5,90,65.86,100,High
CT0157,Belagavi,Karnataka,1,0,0,0,0,1,0,0,0,1,1,1,50.95,37,32,55,47.5,100,52.04,100,High
CT0158,Bhadravati,Karnataka,0,0,0,0,0,0,0,0,0,0,0,0,1,1,1,1,1,1,1,100,High
CT0159,Bidar,Karnataka,1,0,0,0,0,1,0,0,0,1,1,1,50.95,37,32,55,47.5,100,52.04,100,High
CT0160,Chikkamagaluru,Karnataka,2,1,0,1,0,0,0,0,0,2,2,2,69.05,54,49,80,60,95,66.36,100,High
CT0161,Chitradurga,Karnataka,1,1,0,0,0,0,0,0,0,1,1,1,50.95,37,32,55,47.5,100,52.04,100,High
CT0162,Davangere,Karnataka,0,0,0,0,0,0,0,0,0,0,0,0,1,1,1,1,1,1,1,100,High
CT0163,Halebid,Karnataka,1,0,0,0,0,1,0,0,0,1,1,1,50.95,37,32,55,87.5,100,56.04,100,High
CT0164,Hassan,Karnataka,1,0,1,0,0,0,0,0,0,1,1,1,50.95,37,32,55,47.5,85,49.79,100,High
CT0165,Hubballi-Dharwad,Karnataka,0,0,0,0,0,0,0,0,0,0,0,0,1,1,1,1,1,1,1,100,High
CT0166,Kalaburagi,Karnataka,1,0,0,0,0,1,0,0,0,1,1,1,50.95,37,32,55,47.5,100,52.04,100,High
CT0167,Kolar,Karnataka,0,0,0,0,0,0,0,0,0,0,0,0,1,1,1,1,1,1,1,100,High
CT0168,Madikeri,Karnataka,3,1,0,1,0,1,0,0,0,3,3,3,81.9,71,66,80,73.33,95,77.71,100,High
CT0169,Mandya,Karnataka,0,0,0,0,0,0,0,0,0,0,0,0,1,1,1,1,1,1,1,100,High
CT0170,Mangaluru,Karnataka,1,1,0,0,0,0,0,0,0,1,1,1,50.95,37,32,55,47.5,85,49.79,100,High
CT0171,Mysuru,Karnataka,3,0,0,1,0,1,1,0,0,3,3,3,81.9,71,66,80,86.67,91.67,78.54,100,High
CT0172,Raichur,Karnataka,0,0,0,0,0,0,0,0,0,0,0,0,1,1,1,1,1,1,1,100,High
CT0173,Shivamogga,Karnataka,1,0,1,0,0,0,0,0,0,1,1,1,50.95,37,32,55,47.5,95,51.29,100,High
CT0174,Shravanabelagola,Karnataka,1,0,0,0,0,0,1,0,0,1,1,1,50.95,37,32,55,87.5,100,56.04,100,High
CT0175,Shrirangapattana,Karnataka,1,0,0,0,0,1,0,0,0,1,1,1,50.95,37,32,55,87.5,100,56.04,100,High
CT0176,Tumakuru,Karnataka,0,0,0,0,0,0,0,0,0,0,0,0,1,1,1,1,1,1,1,100,High
CT0177,Vijayapura,Karnataka,1,0,0,0,0,1,0,0,0,1,1,1,50.95,37,32,55,87.5,100,56.04,100,High
CT0178,Alappuzha,Kerala,2,0,2,0,0,0,0,0,0,1,2,2,69.05,47.6,32,55,87.5,85,60.96,100,High
CT0179,Vatakara,Kerala,1,0,0,0,0,1,0,0,0,1,1,1,50.95,37,32,55,87.5,85,53.79,100,High
CT0180,Idukki,Kerala,3,1,0,1,0,1,0,0,0,3,3,3,81.9,71,66,80,87.5,91.67,78.62,100,High
CT0181,Kannur,Kerala,2,0,0,0,0,1,0,1,0,2,2,2,69.05,54,49,65,80,85,65.36,100,High
CT0182,Kochi,Kerala,3,0,0,0,0,3,0,0,0,1,2,2,81.9,47.6,32,65,86.67,85,65.09,100,High
CT0183,Kollam,Kerala,2,0,2,0,0,0,0,0,0,1,2,2,69.05,47.6,32,65,87.5,85,61.96,100,High
CT0184,Kottayam,Kerala,1,0,0,1,0,0,0,0,0,1,1,1,50.95,37,32,55,47.5,95,51.29,100,High
CT0185,Kozhikode,Kerala,1,0,0,0,0,1,0,0,0,1,1,1,50.95,37,32,55,87.5,85,53.79,100,High
CT0186,Mattancheri,Kerala,1,0,0,0,0,1,0,0,0,1,1,1,50.95,37,32,55,87.5,100,56.04,100,High
CT0187,Palakkad,Kerala,1,0,0,1,0,0,0,0,0,1,1,1,50.95,37,32,55,47.5,95,51.29,100,High
CT0188,Thalassery,Kerala,1,0,0,0,0,1,0,0,0,1,1,1,50.95,37,32,55,47.5,100,52.04,100,High
CT0189,Thiruvananthapuram,Kerala,2,1,1,0,0,0,0,0,0,2,2,2,69.05,54,49,55,80,85,64.36,100,High
CT0190,Thrissur,Kerala,1,0,0,0,1,0,0,0,0,1,1,1,50.95,37,32,55,47.5,95,51.29,100,High
CT0191,Kargil,Ladakh,2,1,0,0,0,1,0,0,0,2,2,2,69.05,54,49,80,47.5,92.5,64.74,100,High
CT0192,Leh,Ladakh,5,3,0,2,0,0,0,0,0,2,4,3,100,70.2,49,90,60,93,78.85,100,High
CT0193,Balaghat,Madhya Pradesh,1,0,0,1,0,0,0,0,0,1,1,1,50.95,37,32,55,47.5,95,51.29,100,High
CT0194,Barwani,Madhya Pradesh,0,0,0,0,0,0,0,0,0,0,0,0,1,1,1,1,1,1,1,100,High
CT0195,Betul,Madhya Pradesh,0,0,0,0,0,0,0,0,0,0,0,0,1,1,1,1,1,1,1,100,High
CT0196,Bharhut,Madhya Pradesh,0,0,0,0,0,0,0,0,0,0,0,0,1,1,1,1,1,1,1,100,High
CT0197,Bhind,Madhya Pradesh,0,0,0,0,0,0,0,0,0,0,0,0,1,1,1,1,1,1,1,100,High
CT0198,Bhojpur,Madhya Pradesh,1,0,0,0,0,1,0,0,0,1,1,1,50.95,37,32,55,47.5,100,52.04,100,High
CT0199,Bhopal,Madhya Pradesh,3,0,1,0,1,1,0,0,0,3,3,3,81.9,71,66,55,86.67,96.67,76.79,100,High
CT0200,Burhanpur,Madhya Pradesh,1,0,0,0,0,1,0,0,0,1,1,1,50.95,37,32,55,47.5,100,52.04,100,High
CT0201,Chhatarpur,Madhya Pradesh,0,0,0,0,0,0,0,0,0,0,0,0,1,1,1,1,1,1,1,100,High
CT0202,Chhindwara,Madhya Pradesh,1,1,0,0,0,0,0,0,0,1,1,1,50.95,37,32,55,47.5,95,51.29,100,High
CT0203,Damoh,Madhya Pradesh,1,0,0,1,0,0,0,0,0,1,1,1,50.95,37,32,55,47.5,95,51.29,100,High
CT0204,Datia,Madhya Pradesh,1,0,0,0,0,1,0,0,0,1,1,1,50.95,37,32,55,47.5,100,52.04,100,High
CT0205,Dewas,Madhya Pradesh,0,0,0,0,0,0,0,0,0,0,0,0,1,1,1,1,1,1,1,100,High
CT0206,Dhar,Madhya Pradesh,1,0,0,0,0,1,0,0,0,1,1,1,50.95,37,32,55,47.5,100,52.04,100,High
CT0207,Dr. Ambedkar Nagar (Mhow),Madhya Pradesh,0,0,0,0,0,0,0,0,0,0,0,0,1,1,1,1,1,1,1,100,High
CT0208,Guna,Madhya Pradesh,0,0,0,0,0,0,0,0,0,0,0,0,1,1,1,1,1,1,1,100,High
CT0209,Gwalior,Madhya Pradesh,1,0,0,0,0,1,0,0,0,1,1,1,50.95,37,32,55,47.5,100,52.04,100,High
CT0210,Hoshangabad,Madhya Pradesh,1,1,0,0,0,0,0,0,0,1,1,1,50.95,37,32,55,47.5,95,51.29,100,High
CT0211,Indore,Madhya Pradesh,1,0,0,0,0,1,0,0,0,1,1,1,50.95,37,32,55,87.5,85,53.79,100,High
CT0212,Itarsi,Madhya Pradesh,0,0,0,0,0,0,0,0,0,0,0,0,1,1,1,1,1,1,1,100,High
CT0213,Jabalpur,Madhya Pradesh,1,0,1,0,0,0,0,0,0,1,1,1,50.95,37,32,55,87.5,95,55.29,100,High
CT0214,Jhabua,Madhya Pradesh,0,0,0,0,0,0,0,0,0,0,0,0,1,1,1,1,1,1,1,100,High
CT0215,Khajuraho,Madhya Pradesh,2,0,0,1,0,1,0,0,0,2,2,2,69.05,54,49,55,47.5,97.5,62.99,100,High
CT0216,Khandwa,Madhya Pradesh,0,0,0,0,0,0,0,0,0,0,0,0,1,1,1,1,1,1,1,100,High
CT0217,Khargone,Madhya Pradesh,0,0,0,0,0,0,0,0,0,0,0,0,1,1,1,1,1,1,1,100,High
CT0218,Maheshwar,Madhya Pradesh,1,0,0,0,0,1,0,0,0,1,1,1,50.95,37,32,55,87.5,85,53.79,100,High
CT0219,Mandla,Madhya Pradesh,1,0,0,1,0,0,0,0,0,1,1,1,50.95,37,32,55,47.5,95,51.29,100,High
CT0220,Mandsaur,Madhya Pradesh,1,0,0,1,0,0,0,0,0,1,1,1,50.95,37,32,55,47.5,95,51.29,100,High
CT0221,Morena,Madhya Pradesh,1,0,0,1,0,0,0,0,0,1,1,1,50.95,37,32,55,47.5,95,51.29,100,High
CT0222,Murwara,Madhya Pradesh,0,0,0,0,0,0,0,0,0,0,0,0,1,1,1,1,1,1,1,100,High
CT0223,Narsimhapur,Madhya Pradesh,0,0,0,0,0,0,0,0,0,0,0,0,1,1,1,1,1,1,1,100,High
CT0224,Narsinghgarh,Madhya Pradesh,0,0,0,0,0,0,0,0,0,0,0,0,1,1,1,1,1,1,1,100,High
CT0225,Narwar,Madhya Pradesh,0,0,0,0,0,0,0,0,0,0,0,0,1,1,1,1,1,1,1,100,High
CT0226,Neemuch,Madhya Pradesh,0,0,0,0,0,0,0,0,0,0,0,0,1,1,1,1,1,1,1,100,High
CT0227,Nowgong,Madhya Pradesh,0,0,0,0,0,0,0,0,0,0,0,0,1,1,1,1,1,1,1,100,High
CT0228,Orchha,Madhya Pradesh,2,1,0,0,0,1,0,0,0,2,2,2,69.05,54,49,55,60,97.5,64.24,100,High
CT0229,Panna,Madhya Pradesh,1,0,0,1,0,0,0,0,0,1,1,1,50.95,37,32,55,47.5,95,51.29,100,High
CT0230,Raisen,Madhya Pradesh,0,0,0,0,0,0,0,0,0,0,0,0,1,1,1,1,1,1,1,100,High
CT0231,Rajgarh,Madhya Pradesh,0,0,0,0,0,0,0,0,0,0,0,0,1,1,1,1,1,1,1,100,High
CT0232,Ratlam,Madhya Pradesh,0,0,0,0,0,0,0,0,0,0,0,0,1,1,1,1,1,1,1,100,High
CT0233,Rewa,Madhya Pradesh,1,0,0,1,0,0,0,0,0,1,1,1,50.95,37,32,55,87.5,95,55.29,100,High
CT0234,Sagar,Madhya Pradesh,0,0,0,0,0,0,0,0,0,0,0,0,1,1,1,1,1,1,1,100,High
CT0235,Sarangpur,Madhya Pradesh,0,0,0,0,0,0,0,0,0,0,0,0,1,1,1,1,1,1,1,100,High
CT0236,Satna,Madhya Pradesh,1,0,0,0,0,0,1,0,0,1,1,1,50.95,37,32,55,87.5,85,53.79,100,High
CT0237,Sehore,Madhya Pradesh,0,0,0,0,0,0,0,0,0,0,0,0,1,1,1,1,1,1,1,100,High
CT0238,Seoni,Madhya Pradesh,1,0,0,1,0,0,0,0,0,1,1,1,50.95,37,32,55,47.5,95,51.29,100,High
CT0239,Shahdol,Madhya Pradesh,0,0,0,0,0,0,0,0,0,0,0,0,1,1,1,1,1,1,1,100,High
CT0240,Shajapur,Madhya Pradesh,0,0,0,0,0,0,0,0,0,0,0,0,1,1,1,1,1,1,1,100,High
CT0241,Sheopur,Madhya Pradesh,1,0,0,1,0,0,0,0,0,1,1,1,50.95,37,32,55,47.5,95,51.29,100,High
CT0242,Shivpuri,Madhya Pradesh,1,0,0,1,0,0,0,0,0,1,1,1,50.95,37,32,55,47.5,95,51.29,100,High
CT0243,Ujjain,Madhya Pradesh,1,0,0,0,0,0,1,0,0,1,1,1,50.95,37,32,55,87.5,85,53.79,100,High
CT0244,Vidisha,Madhya Pradesh,1,0,0,0,0,1,0,0,0,1,1,1,50.95,37,32,55,47.5,100,52.04,100,High
CT0245,Ahmadnagar,Maharashtra,0,0,0,0,0,0,0,0,0,0,0,0,1,1,1,1,1,1,1,100,High
CT0246,Akola,Maharashtra,0,0,0,0,0,0,0,0,0,0,0,0,1,1,1,1,1,1,1,100,High
CT0247,Amravati,Maharashtra,1,0,0,1,0,0,0,0,0,1,1,1,50.95,37,32,55,47.5,95,51.29,100,High
CT0248,Aurangabad,Maharashtra,2,0,0,0,0,2,0,0,0,1,1,1,69.05,37,32,80,47.5,100,59.06,100,High
CT0249,Bhandara,Maharashtra,1,0,0,1,0,0,0,0,0,1,1,1,50.95,37,32,55,47.5,95,51.29,100,High
CT0250,Bhusawal,Maharashtra,0,0,0,0,0,0,0,0,0,0,0,0,1,1,1,1,1,1,1,100,High
CT0251,Bid,Maharashtra,0,0,0,0,0,0,0,0,0,0,0,0,1,1,1,1,1,1,1,100,High
CT0252,Buldhana,Maharashtra,0,0,0,0,0,0,0,0,0,0,0,0,1,1,1,1,1,1,1,100,High
CT0253,Chandrapur,Maharashtra,1,0,0,1,0,0,0,0,0,1,1,1,50.95,37,32,55,47.5,95,51.29,100,High
CT0254,Daulatabad,Maharashtra,1,0,0,0,0,1,0,0,0,1,1,1,50.95,37,32,55,87.5,100,56.04,100,High
CT0255,Dhule,Maharashtra,0,0,0,0,0,0,0,0,0,0,0,0,1,1,1,1,1,1,1,100,High
CT0256,Jalgaon,Maharashtra,0,0,0,0,0,0,0,0,0,0,0,0,1,1,1,1,1,1,1,100,High
CT0257,Kalyan,Maharashtra,0,0,0,0,0,0,0,0,0,0,0,0,1,1,1,1,1,1,1,100,High
CT0258,Karli,Maharashtra,1,0,0,0,0,1,0,0,0,1,1,1,50.95,37,32,55,87.5,100,56.04,100,High
CT0259,Kolhapur,Maharashtra,1,0,0,0,0,0,1,0,0,1,1,1,50.95,37,32,55,87.5,85,53.79,100,High
CT0260,Mahabaleshwar,Maharashtra,3,0,1,0,0,2,0,0,0,2,3,3,81.9,64.6,49,80,86.67,88.33,73.89,100,High
CT0261,Malegaon,Maharashtra,0,0,0,0,0,0,0,0,0,0,0,0,1,1,1,1,1,1,1,100,High
CT0262,Matheran,Maharashtra,2,0,0,0,0,0,0,2,0,1,1,2,69.05,42,32,65,80,92.5,60.94,100,High
CT0263,Mumbai,Maharashtra,3,0,1,0,1,1,0,0,0,3,3,3,81.9,71,66,80,73.33,96.67,77.96,100,High
CT0264,Nagpur,Maharashtra,1,0,0,1,0,0,0,0,0,1,1,1,50.95,37,32,55,47.5,95,51.29,100,High
CT0265,Nanded,Maharashtra,1,0,0,0,0,0,1,0,0,1,1,1,50.95,37,32,55,87.5,95,55.29,100,High
CT0266,Nashik,Maharashtra,3,0,1,0,0,1,1,0,0,3,3,3,81.9,71,66,65,86.67,91.67,77.04,100,High
CT0267,Osmanabad,Maharashtra,0,0,0,0,0,0,0,0,0,0,0,0,1,1,1,1,1,1,1,100,High
CT0268,Pandharpur,Maharashtra,1,0,0,0,0,0,1,0,0,1,1,1,50.95,37,32,55,87.5,85,53.79,100,High
CT0269,Parbhani,Maharashtra,0,0,0,0,0,0,0,0,0,0,0,0,1,1,1,1,1,1,1,100,High
CT0270,Pune,Maharashtra,3,1,1,0,0,1,0,0,0,3,3,2,81.9,66,66,80,73.33,91.67,75.96,100,High
CT0271,Ratnagiri,Maharashtra,1,0,1,0,0,0,0,0,0,1,1,1,50.95,37,32,55,47.5,95,51.29,100,High
CT0272,Sangli,Maharashtra,0,0,0,0,0,0,0,0,0,0,0,0,1,1,1,1,1,1,1,100,High
CT0273,Satara,Maharashtra,1,0,0,0,1,0,0,0,0,1,1,1,50.95,37,32,55,47.5,95,51.29,100,High
CT0274,Sevagram,Maharashtra,1,0,0,0,0,1,0,0,0,1,1,1,50.95,37,32,55,87.5,85,53.79,100,High
CT0275,Solapur,Maharashtra,1,0,0,1,0,0,0,0,0,1,1,1,50.95,37,32,55,47.5,95,51.29,100,High
CT0276,Thane,Maharashtra,1,0,0,0,1,0,0,0,0,1,1,1,50.95,37,32,55,47.5,95,51.29,100,High
CT0277,Ulhasnagar,Maharashtra,0,0,0,0,0,0,0,0,0,0,0,0,1,1,1,1,1,1,1,100,High
CT0278,Vasai-Virar,Maharashtra,1,0,0,0,0,1,0,0,0,1,1,1,50.95,37,32,55,47.5,100,52.04,100,High
CT0279,Wardha,Maharashtra,1,0,0,0,0,1,0,0,0,1,1,1,50.95,37,32,55,87.5,85,53.79,100,High
CT0280,Yavatmal,Maharashtra,0,0,0,0,0,0,0,0,0,0,0,0,1,1,1,1,1,1,1,100,High
CT0281,Imphal,Manipur,2,0,0,1,0,1,0,0,0,2,2,2,69.05,54,49,65,80,90,66.11,100,High
CT0282,Cherrapunji,Meghalaya,2,2,0,0,0,0,0,0,0,1,2,1,69.05,42.6,32,65,80,90,60.71,100,High
CT0283,Shillong,Meghalaya,2,0,1,0,1,0,0,0,0,2,2,2,69.05,54,49,55,87.5,90,65.86,100,High
CT0284,Aizawl,Mizoram,1,1,0,0,0,0,0,0,0,1,1,1,50.95,37,32,55,47.5,85,49.79,100,High
CT0285,Lunglei,Mizoram,0,0,0,0,0,0,0,0,0,0,0,0,1,1,1,1,1,1,1,100,High
CT0286,Kohima,Nagaland,2,1,0,0,0,1,0,0,0,2,2,2,69.05,54,49,80,60,95,66.36,100,High
CT0287,Mon,Nagaland,1,0,0,0,0,1,0,0,0,1,1,1,50.95,37,32,55,47.5,95,51.29,100,High
CT0288,Phek,Nagaland,0,0,0,0,0,0,0,0,0,0,0,0,1,1,1,1,1,1,1,100,High
CT0289,Wokha,Nagaland,1,0,0,1,0,0,0,0,0,1,1,1,50.95,37,32,55,47.5,95,51.29,100,High
CT0290,Zunheboto,Nagaland,0,0,0,0,0,0,0,0,0,0,0,0,1,1,1,1,1,1,1,100,High
CT0291,Balangir,Odisha,0,0,0,0,0,0,0,0,0,0,0,0,1,1,1,1,1,1,1,100,High
CT0292,Baleshwar,Odisha,1,0,0,0,1,0,0,0,0,1,1,1,50.95,37,32,55,87.5,95,55.29,100,High
CT0293,Baripada,Odisha,1,0,0,1,0,0,0,0,0,1,1,1,50.95,37,32,55,47.5,95,51.29,100,High
CT0294,Bhubaneshwar,Odisha,2,0,0,1,0,1,0,0,0,2,2,2,69.05,54,49,55,80,90,65.11,100,High
CT0295,Brahmapur,Odisha,1,0,1,0,0,0,0,0,0,1,1,1,50.95,37,32,55,47.5,85,49.79,100,High
CT0296,Cuttack,Odisha,1,0,0,0,0,1,0,0,0,1,1,1,50.95,37,32,55,87.5,85,53.79,100,High
CT0297,Dhenkanal,Odisha,0,0,0,0,0,0,0,0,0,0,0,0,1,1,1,1,1,1,1,100,High
CT0298,Kendujhar,Odisha,1,1,0,0,0,0,0,0,0,1,1,1,50.95,37,32,55,47.5,95,51.29,100,High
CT0299,Konark,Odisha,1,0,0,0,0,1,0,0,0,1,1,1,50.95,37,32,55,47.5,100,52.04,100,High
CT0300,Koraput,Odisha,1,1,0,0,0,0,0,0,0,1,1,1,50.95,37,32,55,47.5,85,49.79,100,High
CT0301,Paradip,Odisha,0,0,0,0,0,0,0,0,0,0,0,0,1,1,1,1,1,1,1,100,High
CT0302,Phulabani,Odisha,1,0,0,0,1,0,0,0,0,1,1,1,50.95,37,32,55,47.5,95,51.29,100,High
CT0303,Puri,Odisha,2,0,1,0,0,1,0,0,0,2,2,2,69.05,54,49,55,80,95,65.86,100,High
CT0304,Sambalpur,Odisha,1,0,1,0,0,0,0,0,0,1,1,1,50.95,37,32,55,87.5,95,55.29,100,High
CT0305,Udayagiri,Odisha,1,0,0,0,0,1,0,0,0,1,1,1,50.95,37,32,55,47.5,100,52.04,100,High
CT0306,Karaikal,Puducherry,1,0,0,0,0,0,0,1,0,1,1,1,50.95,37,32,55,87.5,85,53.79,100,High
CT0307,Mahe,Puducherry,1,0,0,0,0,1,0,0,0,1,1,1,50.95,37,32,55,87.5,85,53.79,100,High
CT0308,Puducherry,Puducherry,3,1,1,0,0,1,0,0,0,3,3,3,81.9,71,66,55,73.33,88.33,74.21,100,High
CT0309,Yanam,Puducherry,1,0,1,0,0,0,0,0,0,1,1,1,50.95,37,32,55,87.5,85,53.79,100,High
CT0310,Amritsar,Punjab,3,0,0,0,0,2,1,0,0,2,3,2,81.9,59.6,49,65,86.67,93.33,71.89,100,High
CT0311,Batala,Punjab,0,0,0,0,0,0,0,0,0,0,0,0,1,1,1,1,1,1,1,100,High
CT0312,Chandigarh,Punjab,1,0,1,0,0,0,0,0,0,1,1,1,50.95,37,32,55,87.5,85,53.79,100,High
CT0313,Faridkot,Punjab,0,0,0,0,0,0,0,0,0,0,0,0,1,1,1,1,1,1,1,100,High
CT0314,Firozpur,Punjab,2,0,0,1,0,1,0,0,0,2,2,2,69.05,54,49,65,80,90,66.11,100,High
CT0315,Gurdaspur,Punjab,1,0,0,1,0,0,0,0,0,1,1,1,50.95,37,32,55,47.5,95,51.29,100,High
CT0316,Hoshiarpur,Punjab,0,0,0,0,0,0,0,0,0,0,0,0,1,1,1,1,1,1,1,100,High
CT0317,Jalandhar,Punjab,0,0,0,0,0,0,0,0,0,0,0,0,1,1,1,1,1,1,1,100,High
CT0318,Kapurthala,Punjab,2,0,0,1,0,1,0,0,0,2,2,2,69.05,54,49,55,80,90,65.11,100,High
CT0319,Ludhiana,Punjab,0,0,0,0,0,0,0,0,0,0,0,0,1,1,1,1,1,1,1,100,High
CT0320,Nabha,Punjab,0,0,0,0,0,0,0,0,0,0,0,0,1,1,1,1,1,1,1,100,High
CT0321,Patiala,Punjab,1,0,0,0,0,1,0,0,0,1,1,1,50.95,37,32,55,87.5,95,55.29,100,High
CT0322,Rupnagar,Punjab,1,0,0,1,0,0,0,0,0,1,1,1,50.95,37,32,55,47.5,95,51.29,100,High
CT0323,Sangrur,Punjab,0,0,0,0,0,0,0,0,0,0,0,0,1,1,1,1,1,1,1,100,High
CT0324,Abu,Rajasthan,2,1,1,0,0,0,0,0,0,2,2,2,69.05,54,49,80,80,90,67.61,100,High
CT0325,Ajmer,Rajasthan,1,0,0,0,0,0,1,0,0,1,1,1,50.95,37,32,55,87.5,85,53.79,100,High
CT0326,Alwar,Rajasthan,2,0,1,1,0,0,0,0,0,2,2,2,69.05,54,49,55,80,95,65.86,100,High
CT0327,Amer,Rajasthan,1,0,0,0,0,1,0,0,0,1,1,1,50.95,37,32,55,87.5,100,56.04,100,High
CT0328,Barmer,Rajasthan,1,0,0,0,0,1,0,0,0,1,1,1,50.95,37,32,55,47.5,85,49.79,100,High
CT0329,Beawar,Rajasthan,0,0,0,0,0,0,0,0,0,0,0,0,1,1,1,1,1,1,1,100,High
CT0330,Bharatpur,Rajasthan,1,0,0,1,0,0,0,0,0,1,1,1,50.95,37,32,55,47.5,100,52.04,100,High
CT0331,Bhilwara,Rajasthan,0,0,0,0,0,0,0,0,0,0,0,0,1,1,1,1,1,1,1,100,High
CT0332,Bikaner,Rajasthan,2,0,0,0,0,2,0,0,0,1,2,2,69.05,47.6,32,55,80,92.5,61.34,100,High
CT0333,Bundi,Rajasthan,1,0,0,0,0,1,0,0,0,1,1,1,50.95,37,32,55,47.5,100,52.04,100,High
CT0334,Chittaurgarh,Rajasthan,1,0,0,0,0,1,0,0,0,1,1,1,50.95,37,32,55,47.5,100,52.04,100,High
CT0335,Churu,Rajasthan,0,0,0,0,0,0,0,0,0,0,0,0,1,1,1,1,1,1,1,100,High
CT0336,Dhaulpur,Rajasthan,1,0,0,1,0,0,0,0,0,1,1,1,50.95,37,32,55,47.5,95,51.29,100,High
CT0337,Dungarpur,Rajasthan,1,0,0,1,0,0,0,0,0,1,1,1,50.95,37,32,55,47.5,85,49.79,100,High
CT0338,Ganganagar,Rajasthan,0,0,0,0,0,0,0,0,0,0,0,0,1,1,1,1,1,1,1,100,High
CT0339,Hanumangarh,Rajasthan,0,0,0,0,0,0,0,0,0,0,0,0,1,1,1,1,1,1,1,100,High
CT0340,Jaipur,Rajasthan,3,2,0,0,0,1,0,0,0,2,3,2,81.9,59.6,49,80,60,88.33,69.97,100,High
CT0341,Jaisalmer,Rajasthan,3,2,0,0,0,1,0,0,0,2,3,3,81.9,64.6,49,55,73.33,90,70.31,100,High
CT0342,Jalor,Rajasthan,0,0,0,0,0,0,0,0,0,0,0,0,1,1,1,1,1,1,1,100,High
CT0343,Jhalawar,Rajasthan,1,0,0,0,0,1,0,0,0,1,1,1,50.95,37,32,55,47.5,100,52.04,100,High
CT0344,Jhunjhunu,Rajasthan,1,0,0,0,0,1,0,0,0,1,1,1,50.95,37,32,55,47.5,85,49.79,100,High
CT0345,Jodhpur,Rajasthan,3,1,0,1,0,1,0,0,0,3,3,3,81.9,71,66,55,86.67,88.33,75.54,100,High
CT0346,Kishangarh,Rajasthan,0,0,0,0,0,0,0,0,0,0,0,0,1,1,1,1,1,1,1,100,High
CT0347,Kota,Rajasthan,1,0,1,0,0,0,0,0,0,1,1,1,50.95,37,32,55,47.5,85,49.79,100,High
CT0348,Merta,Rajasthan,0,0,0,0,0,0,0,0,0,0,0,0,1,1,1,1,1,1,1,100,High
CT0349,Nagaur,Rajasthan,1,0,0,0,0,1,0,0,0,1,1,1,50.95,37,32,55,47.5,85,49.79,100,High
CT0350,Nathdwara,Rajasthan,1,1,0,0,0,0,0,0,0,1,1,1,50.95,37,32,55,87.5,95,55.29,100,High
CT0351,Pali,Rajasthan,0,0,0,0,0,0,0,0,0,0,0,0,1,1,1,1,1,1,1,100,High
CT0352,Phalodi,Rajasthan,1,0,0,1,0,0,0,0,0,1,1,1,50.95,37,32,55,47.5,95,51.29,100,High
CT0353,Pushkar,Rajasthan,1,0,0,0,0,0,1,0,0,1,1,1,50.95,37,32,55,87.5,95,55.29,100,High
CT0354,Sawai Madhopur,Rajasthan,2,0,0,2,0,0,0,0,0,1,2,1,69.05,42.6,32,55,60,95,58.46,100,High
CT0355,Shahpura,Rajasthan,0,0,0,0,0,0,0,0,0,0,0,0,1,1,1,1,1,1,1,100,High
CT0356,Sikar,Rajasthan,1,0,0,0,0,1,0,0,0,1,1,1,50.95,37,32,55,47.5,85,49.79,100,High
CT0357,Sirohi,Rajasthan,0,0,0,0,0,0,0,0,0,0,0,0,1,1,1,1,1,1,1,100,High
CT0358,Tonk,Rajasthan,0,0,0,0,0,0,0,0,0,0,0,0,1,1,1,1,1,1,1,100,High
CT0359,Udaipur,Rajasthan,2,0,1,0,0,0,0,1,0,2,2,2,69.05,54,49,80,80,90,67.61,100,High
CT0360,Gangtok,Sikkim,2,1,0,1,0,0,0,0,0,2,2,2,69.05,54,49,55,80,95,65.86,100,High
CT0361,Gyalshing,Sikkim,1,0,0,0,0,0,0,1,0,1,1,1,50.95,37,32,55,87.5,95,55.29,100,High
CT0362,Lachung,Sikkim,1,1,0,0,0,0,0,0,0,1,1,1,50.95,37,32,55,47.5,95,51.29,100,High
CT0363,Mangan,Sikkim,1,0,0,0,0,1,0,0,0,1,1,1,50.95,37,32,55,87.5,85,53.79,100,High
CT0364,Arcot,Tamil Nadu,0,0,0,0,0,0,0,0,0,0,0,0,1,1,1,1,1,1,1,100,High
CT0365,Chengalpattu,Tamil Nadu,0,0,0,0,0,0,0,0,0,0,0,0,1,1,1,1,1,1,1,100,High
CT0366,Chennai,Tamil Nadu,2,0,0,0,0,1,0,1,0,2,2,2,69.05,54,49,65,80,90,66.11,100,High
CT0367,Chidambaram,Tamil Nadu,1,0,0,0,0,0,1,0,0,1,1,1,50.95,37,32,55,87.5,85,53.79,100,High
CT0368,Coimbatore,Tamil Nadu,2,0,0,1,1,0,0,0,0,2,2,2,69.05,54,49,80,60,95,66.36,100,High
CT0369,Cuddalore,Tamil Nadu,1,0,1,0,0,0,0,0,0,1,1,1,50.95,37,32,55,87.5,95,55.29,100,High
CT0370,Dharmapuri,Tamil Nadu,1,0,1,0,0,0,0,0,0,1,1,1,50.95,37,32,55,47.5,95,51.29,100,High
CT0371,Dindigul,Tamil Nadu,0,0,0,0,0,0,0,0,0,0,0,0,1,1,1,1,1,1,1,100,High
CT0372,Erode,Tamil Nadu,0,0,0,0,0,0,0,0,0,0,0,0,1,1,1,1,1,1,1,100,High
CT0373,Kanchipuram,Tamil Nadu,1,0,0,0,0,1,0,0,0,1,1,1,50.95,37,32,55,87.5,85,53.79,100,High
CT0374,Kanniyakumari,Tamil Nadu,1,0,1,0,0,0,0,0,0,1,1,1,50.95,37,32,55,87.5,85,53.79,100,High
CT0375,Kodaikanal,Tamil Nadu,2,0,1,0,1,0,0,0,0,2,2,2,69.05,54,49,55,87.5,90,65.86,100,High
CT0376,Kumbakonam,Tamil Nadu,1,0,0,0,0,0,1,0,0,1,1,1,50.95,37,32,55,87.5,85,53.79,100,High
CT0377,Madurai,Tamil Nadu,2,0,0,0,0,1,1,0,0,2,2,2,69.05,54,49,65,87.5,85,66.11,100,High
CT0378,Mamallapuram,Tamil Nadu,2,1,0,0,0,1,0,0,0,2,2,2,69.05,54,49,80,60,92.5,65.99,100,High
CT0379,Nagappattinam,Tamil Nadu,0,0,0,0,0,0,0,0,0,0,0,0,1,1,1,1,1,1,1,100,High
CT0380,Nagercoil,Tamil Nadu,0,0,0,0,0,0,0,0,0,0,0,0,1,1,1,1,1,1,1,100,High
CT0381,Palayamkottai,Tamil Nadu,0,0,0,0,0,0,0,0,0,0,0,0,1,1,1,1,1,1,1,100,High
CT0382,Pudukkottai,Tamil Nadu,0,0,0,0,0,0,0,0,0,0,0,0,1,1,1,1,1,1,1,100,High
CT0383,Rajapalayam,Tamil Nadu,0,0,0,0,0,0,0,0,0,0,0,0,1,1,1,1,1,1,1,100,High
CT0384,Ramanathapuram,Tamil Nadu,2,1,0,0,0,0,1,0,0,2,2,2,69.05,54,49,65,80,85,65.36,100,High
CT0385,Salem,Tamil Nadu,0,0,0,0,0,0,0,0,0,0,0,0,1,1,1,1,1,1,1,100,High
CT0386,Thanjavur,Tamil Nadu,2,0,0,0,0,2,0,0,0,1,2,2,69.05,47.6,32,55,80,92.5,61.34,100,High
CT0387,Tiruchchirappalli,Tamil Nadu,1,0,0,0,0,0,1,0,0,1,1,1,50.95,37,32,55,87.5,100,56.04,100,High
CT0388,Tirunelveli,Tamil Nadu,1,0,0,0,0,0,1,0,0,1,1,1,50.95,37,32,55,87.5,85,53.79,100,High
CT0389,Tiruppur,Tamil Nadu,0,0,0,0,0,0,0,0,0,0,0,0,1,1,1,1,1,1,1,100,High
CT0390,Thoothukudi,Tamil Nadu,1,0,1,0,0,0,0,0,0,1,1,1,50.95,37,32,55,47.5,95,51.29,100,High
CT0391,Udhagamandalam,Tamil Nadu,3,1,1,0,0,0,0,1,0,3,3,3,81.9,71,66,90,86.67,96.67,80.29,100,High
CT0392,Vellore,Tamil Nadu,1,0,0,0,0,1,0,0,0,1,1,1,50.95,37,32,55,87.5,100,56.04,100,High
CT0393,Hyderabad,Telangana,3,0,1,0,0,2,0,0,0,2,3,3,81.9,64.6,49,80,87.5,93.33,74.72,100,High
CT0394,Karimnagar,Telangana,0,0,0,0,0,0,0,0,0,0,0,0,1,1,1,1,1,1,1,100,High
CT0395,Khammam,Telangana,0,0,0,0,0,0,0,0,0,0,0,0,1,1,1,1,1,1,1,100,High
CT0396,Mahbubnagar,Telangana,0,0,0,0,0,0,0,0,0,0,0,0,1,1,1,1,1,1,1,100,High
CT0397,Nizamabad,Telangana,0,0,0,0,0,0,0,0,0,0,0,0,1,1,1,1,1,1,1,100,High
CT0398,Sangareddi,Telangana,1,0,0,1,0,0,0,0,0,1,1,1,50.95,37,32,55,47.5,95,51.29,100,High
CT0399,Warangal,Telangana,2,0,1,0,0,1,0,0,0,2,2,2,69.05,54,49,55,80,97.5,66.24,100,High
CT0400,Agartala,Tripura,2,0,1,1,0,0,0,0,0,2,2,2,69.05,54,49,55,80,95,65.86,100,High
CT0401,Agra,Uttar Pradesh,3,0,0,0,0,3,0,0,0,1,3,3,81.9,58.2,32,55,73.33,90,66.16,100,High
CT0402,Aligarh,Uttar Pradesh,0,0,0,0,0,0,0,0,0,0,0,0,1,1,1,1,1,1,1,100,High
CT0403,Amroha,Uttar Pradesh,0,0,0,0,0,0,0,0,0,0,0,0,1,1,1,1,1,1,1,100,High
CT0404,Ayodhya,Uttar Pradesh,2,0,1,0,0,0,1,0,0,2,2,2,69.05,54,49,65,87.5,85,66.11,100,High
CT0405,Azamgarh,Uttar Pradesh,0,0,0,0,0,0,0,0,0,0,0,0,1,1,1,1,1,1,1,100,High
CT0406,Bahraich,Uttar Pradesh,1,0,0,1,0,0,0,0,0,1,1,1,50.95,37,32,55,47.5,95,51.29,100,High
CT0407,Ballia,Uttar Pradesh,0,0,0,0,0,0,0,0,0,0,0,0,1,1,1,1,1,1,1,100,High
CT0408,Banda,Uttar Pradesh,1,1,0,0,0,0,0,0,0,1,1,1,50.95,37,32,55,47.5,100,52.04,100,High
CT0409,Bara Banki,Uttar Pradesh,0,0,0,0,0,0,0,0,0,0,0,0,1,1,1,1,1,1,1,100,High
CT0410,Bareilly,Uttar Pradesh,0,0,0,0,0,0,0,0,0,0,0,0,1,1,1,1,1,1,1,100,High
CT0411,Basti,Uttar Pradesh,0,0,0,0,0,0,0,0,0,0,0,0,1,1,1,1,1,1,1,100,High
CT0412,Bijnor,Uttar Pradesh,1,0,0,1,0,0,0,0,0,1,1,1,50.95,37,32,55,47.5,95,51.29,100,High
CT0413,Bithur,Uttar Pradesh,1,0,0,0,0,1,0,0,0,1,1,1,50.95,37,32,55,87.5,85,53.79,100,High
CT0414,Budaun,Uttar Pradesh,0,0,0,0,0,0,0,0,0,0,0,0,1,1,1,1,1,1,1,100,High
CT0415,Bulandshahr,Uttar Pradesh,0,0,0,0,0,0,0,0,0,0,0,0,1,1,1,1,1,1,1,100,High
CT0416,Deoria,Uttar Pradesh,0,0,0,0,0,0,0,0,0,0,0,0,1,1,1,1,1,1,1,100,High
CT0417,Etah,Uttar Pradesh,0,0,0,0,0,0,0,0,0,0,0,0,1,1,1,1,1,1,1,100,High
CT0418,Etawah,Uttar Pradesh,0,0,0,0,0,0,0,0,0,0,0,0,1,1,1,1,1,1,1,100,High
CT0419,Faizabad,Uttar Pradesh,0,0,0,0,0,0,0,0,0,0,0,0,1,1,1,1,1,1,1,100,High
CT0420,Farrukhabad-cum-Fatehgarh,Uttar Pradesh,0,0,0,0,0,0,0,0,0,0,0,0,1,1,1,1,1,1,1,100,High
CT0421,Fatehpur,Uttar Pradesh,0,0,0,0,0,0,0,0,0,0,0,0,1,1,1,1,1,1,1,100,High
CT0422,Fatehpur Sikri,Uttar Pradesh,1,0,0,0,0,1,0,0,0,1,1,1,50.95,37,32,55,47.5,100,52.04,100,High
CT0423,Ghaziabad,Uttar Pradesh,0,0,0,0,0,0,0,0,0,0,0,0,1,1,1,1,1,1,1,100,High
CT0424,Ghazipur,Uttar Pradesh,0,0,0,0,0,0,0,0,0,0,0,0,1,1,1,1,1,1,1,100,High
CT0425,Gonda,Uttar Pradesh,0,0,0,0,0,0,0,0,0,0,0,0,1,1,1,1,1,1,1,100,High
CT0426,Gorakhpur,Uttar Pradesh,1,0,1,0,0,0,0,0,0,1,1,1,50.95,37,32,55,87.5,85,53.79,100,High
CT0427,Hamirpur,Uttar Pradesh,0,0,0,0,0,0,0,0,0,0,0,0,1,1,1,1,1,1,1,100,High
CT0428,Hardoi,Uttar Pradesh,0,0,0,0,0,0,0,0,0,0,0,0,1,1,1,1,1,1,1,100,High
CT0429,Hathras,Uttar Pradesh,0,0,0,0,0,0,0,0,0,0,0,0,1,1,1,1,1,1,1,100,High
CT0430,Jalaun,Uttar Pradesh,0,0,0,0,0,0,0,0,0,0,0,0,1,1,1,1,1,1,1,100,High
CT0431,Jaunpur,Uttar Pradesh,0,0,0,0,0,0,0,0,0,0,0,0,1,1,1,1,1,1,1,100,High
CT0432,Jhansi,Uttar Pradesh,1,0,0,0,0,1,0,0,0,1,1,1,50.95,37,32,55,47.5,100,52.04,100,High
CT0433,Kannauj,Uttar Pradesh,1,0,0,0,0,1,0,0,0,1,1,1,50.95,37,32,55,47.5,85,49.79,100,High
CT0434,Kanpur,Uttar Pradesh,1,0,0,0,0,1,0,0,0,1,1,1,50.95,37,32,55,47.5,100,52.04,100,High
CT0435,Lakhimpur,Uttar Pradesh,1,0,0,1,0,0,0,0,0,1,1,1,50.95,37,32,55,47.5,95,51.29,100,High
CT0436,Lalitpur,Uttar Pradesh,0,0,0,0,0,0,0,0,0,0,0,0,1,1,1,1,1,1,1,100,High
CT0437,Lucknow,Uttar Pradesh,3,0,0,0,0,3,0,0,0,1,3,2,81.9,53.2,32,55,86.67,90,66.24,100,High
CT0438,Mainpuri,Uttar Pradesh,0,0,0,0,0,0,0,0,0,0,0,0,1,1,1,1,1,1,1,100,High
CT0439,Mathura,Uttar Pradesh,1,0,0,0,0,0,1,0,0,1,1,1,50.95,37,32,55,87.5,85,53.79,100,High
CT0440,Meerut,Uttar Pradesh,1,0,0,0,0,1,0,0,0,1,1,1,50.95,37,32,55,47.5,85,49.79,100,High
CT0441,Mirzapur-Vindhyachal,Uttar Pradesh,1,0,0,0,0,0,1,0,0,1,1,1,50.95,37,32,55,87.5,85,53.79,100,High
CT0442,Moradabad,Uttar Pradesh,1,0,0,0,0,1,0,0,0,1,1,1,50.95,37,32,55,47.5,85,49.79,100,High
CT0443,Muzaffarnagar,Uttar Pradesh,0,0,0,0,0,0,0,0,0,0,0,0,1,1,1,1,1,1,1,100,High
CT0444,Partapgarh,Uttar Pradesh,0,0,0,0,0,0,0,0,0,0,0,0,1,1,1,1,1,1,1,100,High
CT0445,Pilibhit,Uttar Pradesh,1,0,0,1,0,0,0,0,0,1,1,1,50.95,37,32,55,47.5,95,51.29,100,High
CT0446,Prayagraj,Uttar Pradesh,2,0,0,0,0,1,1,0,0,2,2,2,69.05,54,49,55,87.5,85,65.11,100,High
CT0447,Rae Bareli,Uttar Pradesh,0,0,0,0,0,0,0,0,0,0,0,0,1,1,1,1,1,1,1,100,High
CT0448,Rampur,Uttar Pradesh,0,0,0,0,0,0,0,0,0,0,0,0,1,1,1,1,1,1,1,100,High
CT0449,Saharanpur,Uttar Pradesh,1,0,0,0,0,1,0,0,0,1,1,1,50.95,37,32,55,47.5,85,49.79,100,High
CT0450,Sambhal,Uttar Pradesh,0,0,0,0,0,0,0,0,0,0,0,0,1,1,1,1,1,1,1,100,High
CT0451,Shahjahanpur,Uttar Pradesh,0,0,0,0,0,0,0,0,0,0,0,0,1,1,1,1,1,1,1,100,High
CT0452,Sitapur,Uttar Pradesh,0,0,0,0,0,0,0,0,0,0,0,0,1,1,1,1,1,1,1,100,High
CT0453,Sultanpur,Uttar Pradesh,0,0,0,0,0,0,0,0,0,0,0,0,1,1,1,1,1,1,1,100,High
CT0454,Tehri,Uttar Pradesh,1,0,1,0,0,0,0,0,0,1,1,1,50.95,37,32,55,87.5,85,53.79,100,High
CT0455,Varanasi,Uttar Pradesh,4,0,1,0,0,2,1,0,0,3,4,2,91.86,71.6,66,65,90,96.25,80.7,100,High
CT0456,Almora,Uttarakhand,2,0,0,1,0,1,0,0,0,2,2,2,69.05,54,49,80,80,90,67.61,100,High
CT0457,Dehra Dun,Uttarakhand,4,2,0,1,1,0,0,0,0,3,4,3,91.86,76.6,66,90,80,92.5,82.89,100,High
CT0458,Haridwar,Uttarakhand,2,0,0,1,0,0,1,0,0,2,2,2,69.05,54,49,65,80,90,66.11,100,High
CT0459,Mussoorie,Uttarakhand,3,1,0,1,0,1,0,0,0,3,3,3,81.9,71,66,80,86.67,95,79.04,100,High
CT0460,Nainital,Uttarakhand,3,1,1,1,0,0,0,0,0,3,3,3,81.9,71,66,80,73.33,88.33,76.71,100,High
CT0461,Pithoragarh,Uttarakhand,2,2,0,0,0,0,0,0,0,1,2,1,69.05,42.6,32,80,60,95,60.96,100,High
CT0462,Alipore,West Bengal,0,0,0,0,0,0,0,0,0,0,0,0,1,1,1,1,1,1,1,100,High
CT0463,Alipur Duar,West Bengal,1,0,0,1,0,0,0,0,0,1,1,1,50.95,37,32,55,47.5,95,51.29,100,High
CT0464,Asansol,West Bengal,0,0,0,0,0,0,0,0,0,0,0,0,1,1,1,1,1,1,1,100,High
CT0465,Baharampur,West Bengal,0,0,0,0,0,0,0,0,0,0,0,0,1,1,1,1,1,1,1,100,High
CT0466,Bally,West Bengal,0,0,0,0,0,0,0,0,0,0,0,0,1,1,1,1,1,1,1,100,High
CT0467,Balurghat,West Bengal,0,0,0,0,0,0,0,0,0,0,0,0,1,1,1,1,1,1,1,100,High
CT0468,Bankura,West Bengal,0,0,0,0,0,0,0,0,0,0,0,0,1,1,1,1,1,1,1,100,High
CT0469,Baranagar,West Bengal,0,0,0,0,0,0,0,0,0,0,0,0,1,1,1,1,1,1,1,100,High
CT0470,Barasat,West Bengal,0,0,0,0,0,0,0,0,0,0,0,0,1,1,1,1,1,1,1,100,High
CT0471,Barrackpore,West Bengal,1,0,0,0,0,1,0,0,0,1,1,1,50.95,37,32,55,47.5,85,49.79,100,High
CT0472,Basirhat,West Bengal,0,0,0,0,0,0,0,0,0,0,0,0,1,1,1,1,1,1,1,100,High
CT0473,Bhatpara,West Bengal,0,0,0,0,0,0,0,0,0,0,0,0,1,1,1,1,1,1,1,100,High
CT0474,Bishnupur,West Bengal,1,0,0,0,0,1,0,0,0,1,1,1,50.95,37,32,55,47.5,100,52.04,100,High
CT0475,Budge Budge,West Bengal,0,0,0,0,0,0,0,0,0,0,0,0,1,1,1,1,1,1,1,100,High
CT0476,Burdwan,West Bengal,0,0,0,0,0,0,0,0,0,0,0,0,1,1,1,1,1,1,1,100,High
CT0477,Chandernagore,West Bengal,1,0,0,0,0,1,0,0,0,1,1,1,50.95,37,32,55,47.5,85,49.79,100,High
CT0478,Darjeeling,West Bengal,3,1,0,0,0,1,0,1,0,3,3,3,81.9,71,66,90,73.33,96.67,78.96,100,High
CT0479,Diamond Harbour,West Bengal,1,0,1,0,0,0,0,0,0,1,1,1,50.95,37,32,55,47.5,95,51.29,100,High
CT0480,Dum Dum,West Bengal,0,0,0,0,0,0,0,0,0,0,0,0,1,1,1,1,1,1,1,100,High
CT0481,Durgapur,West Bengal,0,0,0,0,0,0,0,0,0,0,0,0,1,1,1,1,1,1,1,100,High
CT0482,Halisahar,West Bengal,0,0,0,0,0,0,0,0,0,0,0,0,1,1,1,1,1,1,1,100,High
CT0483,Haora,West Bengal,0,0,0,0,0,0,0,0,0,0,0,0,1,1,1,1,1,1,1,100,High
CT0484,Hugli,West Bengal,0,0,0,0,0,0,0,0,0,0,0,0,1,1,1,1,1,1,1,100,High
CT0485,Ingraj Bazar,West Bengal,0,0,0,0,0,0,0,0,0,0,0,0,1,1,1,1,1,1,1,100,High
CT0486,Jalpaiguri,West Bengal,1,0,0,1,0,0,0,0,0,1,1,1,50.95,37,32,55,47.5,95,51.29,100,High
CT0487,Kalimpong,West Bengal,2,2,0,0,0,0,0,0,0,1,2,1,69.05,42.6,32,80,47.5,90,58.96,100,High
CT0488,Kamarhati,West Bengal,0,0,0,0,0,0,0,0,0,0,0,0,1,1,1,1,1,1,1,100,High
CT0489,Kanchrapara,West Bengal,0,0,0,0,0,0,0,0,0,0,0,0,1,1,1,1,1,1,1,100,High
CT0490,Kharagpur,West Bengal,0,0,0,0,0,0,0,0,0,0,0,0,1,1,1,1,1,1,1,100,High
CT0491,Cooch Behar,West Bengal,1,0,0,0,0,1,0,0,0,1,1,1,50.95,37,32,55,47.5,100,52.04,100,High
CT0492,Kolkata,West Bengal,2,0,1,0,0,1,0,0,0,2,2,2,69.05,54,49,55,80,90,65.11,100,High
CT0493,Krishnanagar,West Bengal,0,0,0,0,0,0,0,0,0,0,0,0,1,1,1,1,1,1,1,100,High
CT0494,Malda,West Bengal,1,0,0,0,0,1,0,0,0,1,1,1,50.95,37,32,55,47.5,100,52.04,100,High
CT0495,Midnapore,West Bengal,0,0,0,0,0,0,0,0,0,0,0,0,1,1,1,1,1,1,1,100,High
CT0496,Murshidabad,West Bengal,1,0,0,0,0,1,0,0,0,1,1,1,50.95,37,32,55,47.5,100,52.04,100,High
CT0497,Nabadwip,West Bengal,1,0,0,0,0,0,1,0,0,1,1,1,50.95,37,32,55,87.5,85,53.79,100,High
CT0498,Palashi,West Bengal,0,0,0,0,0,0,0,0,0,0,0,0,1,1,1,1,1,1,1,100,High
CT0499,Panihati,West Bengal,0,0,0,0,0,0,0,0,0,0,0,0,1,1,1,1,1,1,1,100,High
CT0500,Purulia,West Bengal,1,0,0,0,0,1,0,0,0,1,1,1,50.95,37,32,55,47.5,85,49.79,100,High
CT0501,Raiganj,West Bengal,0,0,0,0,0,0,0,0,0,0,0,0,1,1,1,1,1,1,1,100,High
CT0502,Santipur,West Bengal,1,0,0,0,0,1,0,0,0,1,1,1,50.95,37,32,55,87.5,85,53.79,100,High
CT0503,Shantiniketan,West Bengal,2,0,0,0,0,2,0,0,0,1,2,2,69.05,47.6,32,55,47.5,92.5,58.09,100,High
CT0504,Shrirampur,West Bengal,0,0,0,0,0,0,0,0,0,0,0,0,1,1,1,1,1,1,1,100,High
CT0505,Siliguri,West Bengal,1,0,0,1,0,0,0,0,0,1,1,1,50.95,37,32,55,87.5,95,55.29,100,High
CT0506,Siuri,West Bengal,0,0,0,0,0,0,0,0,0,0,0,0,1,1,1,1,1,1,1,100,High
CT0507,Tamluk,West Bengal,0,0,0,0,0,0,0,0,0,0,0,0,1,1,1,1,1,1,1,100,High
CT0508,Titagarh,West Bengal,0,0,0,0,0,0,0,0,0,0,0,0,1,1,1,1,1,1,1,100,High