user_id,age_group,budget,travel_style,preferred_categories,preferred_activities
usr-0001,50+,mid,beach,"nature, cultural, spiritual","solo, shopping, couple"
usr-0002,26-35,budget,heritage,"spiritual, heritage, urban","spiritual, solo, family, long_trip"
usr-0003,36-50,mid,heritage,nature,"luxury, budget, short_trip"
usr-0004,50+,mid,beach,nature,"beach, budget, nature, shopping"
usr-0005,36-50,luxury,adventure,cultural,"family, shopping"
usr-0006,26-35,budget,spiritual,"beach, cultural","short_trip, beach, nature, nightlife"
usr-0007,26-35,luxury,cultural,"urban, nature, adventure","beach, budget"
usr-0008,36-50,mid,adventure,heritage,"family, nature"
usr-0009,18-25,budget,nature,"cultural, nature, beach","luxury, beach, budget"
usr-0010,50+,mid,spiritual,"urban, heritage, cultural","luxury, solo, family, food"
usr-0011,26-35,mid,nature,"adventure, nature","budget, spiritual"
usr-0012,36-50,budget,wildlife,"heritage, adventure, beach","food, couple, mountain, nature"
usr-0013,36-50,luxury,wildlife,"nature, beach, heritage","spiritual, couple, heritage, budget"
usr-0014,36-50,budget,heritage,"heritage, cultural, urban","heritage, short_trip, budget"
usr-0015,36-50,luxury,wildlife,hill_station,"beach, wildlife"
usr-0016,26-35,budget,heritage,"wildlife, heritage","food, solo"
usr-0017,26-35,mid,adventure,hill_station,"short_trip, solo, adventure"
usr-0018,26-35,budget,adventure,"adventure, spiritual","shopping, long_trip, short_trip"
usr-0019,36-50,luxury,adventure,"adventure, urban, hill_station","adventure, wildlife"
usr-0020,18-25,mid,wildlife,urban,"beach, spiritual, long_trip, mountain"
usr-0021,26-35,budget,wildlife,"urban, heritage","wildlife, luxury, short_trip"
usr-0022,36-50,budget,adventure,"urban, wildlife, beach","nature, heritage, budget"
usr-0023,26-35,mid,spiritual,"wildlife, nature","mountain, long_trip, food"
usr-0024,18-25,luxury,heritage,"hill_station, wildlife","nightlife, nature, food, solo"
usr-0025,26-35,budget,heritage,"hill_station, adventure","heritage, mountain, couple, luxury"
usr-0026,36-50,budget,spiritual,spiritual,"luxury, beach, nightlife, adventure"
usr-0027,18-25,mid,cultural,"spiritual, nature, adventure","family, luxury, wildlife, short_trip"
usr-0028,18-25,luxury,beach,"urban, beach","shopping, nightlife"
usr-0029,26-35,mid,spiritual,"wildlife, cultural, adventure","food, couple, short_trip"
usr-0030,26-35,mid,nature,"spiritual, hill_station, adventure","short_trip, long_trip, adventure, couple"
usr-0031,36-50,mid,nature,nature,"heritage, short_trip, wildlife"
usr-0032,18-25,mid,nature,hill_station,"budget, mountain, couple"
usr-0033,36-50,budget,heritage,"cultural, urban","food, mountain"
usr-0034,26-35,budget,wildlife,"spiritual, nature, hill_station","wildlife, mountain, spiritual"
usr-0035,18-25,budget,nature,"urban, cultural","wildlife, solo, nature"
usr-0036,26-35,mid,adventure,"beach, cultural","beach, budget, nature, nightlife"
usr-0037,36-50,mid,heritage,"hill_station, nature, cultural","mountain, family, solo, nightlife"
usr-0038,26-35,budget,adventure,cultural,"mountain, wildlife, luxury, budget"
usr-0039,36-50,luxury,heritage,nature,"short_trip, shopping, wildlife"
usr-0040,18-25,budget,heritage,"urban, cultural","long_trip, food, mountain, spiritual"
usr-0041,18-25,mid,heritage,"nature, hill_station, spiritual","wildlife, shopping, solo"
usr-0042,26-35,luxury,nature,adventure,"wildlife, short_trip"
usr-0043,36-50,budget,heritage,"beach, cultural, adventure","spiritual, beach, short_trip"
usr-0044,26-35,budget,wildlife,adventure,"spiritual, solo"
usr-0045,26-35,budget,wildlife,"heritage, beach","adventure, short_trip, nature"
usr-0046,26-35,budget,heritage,"spiritual, urban","family, shopping, solo, mountain"
usr-0047,26-35,budget,nature,"urban, heritage, nature","spiritual, shopping, long_trip"
usr-0048,26-35,mid,spiritual,beach,"budget, food"
usr-0049,18-25,budget,beach,cultural,"family, nightlife"
usr-0050,18-25,budget,cultural,adventure,"heritage, spiritual"
usr-0051,18-25,mid,wildlife,urban,"food, long_trip, shopping, wildlife"
usr-0052,26-35,budget,adventure,"heritage, spiritual, wildlife","heritage, couple, solo, wildlife"
usr-0053,18-25,mid,spiritual,beach,"spiritual, wildlife"
usr-0054,26-35,budget,cultural,spiritual,"family, couple"
usr-0055,36-50,mid,spiritual,cultural,"food, nightlife, solo"
usr-0056,26-35,mid,nature,"spiritual, beach","nature, spiritual"
usr-0057,26-35,budget,heritage,"wildlife, heritage","budget, beach"
usr-0058,26-35,budget,nature,beach,"mountain, luxury"
usr-0059,36-50,budget,beach,"hill_station, spiritual, beach","budget, spiritual"
usr-0060,50+,budget,spiritual,"wildlife, nature, urban","long_trip, mountain"
usr-0061,36-50,mid,wildlife,"beach, cultural","nature, spiritual, family"
usr-0062,18-25,mid,cultural,"urban, nature, cultural","nightlife, shopping"
usr-0063,18-25,mid,wildlife,"urban, hill_station, cultural","nightlife, spiritual, solo, beach"
usr-0064,26-35,mid,wildlife,"urban, nature, heritage","wildlife, nightlife"
usr-0065,36-50,budget,spiritual,urban,"budget, food"
usr-0066,36-50,mid,spiritual,"beach, wildlife, spiritual","food, budget, solo, mountain"
usr-0067,36-50,mid,wildlife,"hill_station, wildlife, cultural","heritage, long_trip, mountain"
usr-0068,36-50,luxury,nature,"cultural, wildlife","spiritual, heritage, food"
usr-0069,36-50,budget,spiritual,nature,"spiritual, adventure"
usr-0070,18-25,budget,spiritual,adventure,"long_trip, heritage, beach"
usr-0071,18-25,luxury,spiritual,cultural,"beach, short_trip, budget"
usr-0072,36-50,mid,wildlife,"cultural, nature, spiritual","long_trip, luxury, family"
usr-0073,36-50,luxury,cultural,"hill_station, spiritual, cultural","nature, nightlife, short_trip"
usr-0074,18-25,mid,spiritual,"urban, nature, cultural","nightlife, shopping, couple"
usr-0075,26-35,budget,cultural,"adventure, cultural","long_trip, shopping, adventure, luxury"
usr-0076,50+,mid,beach,adventure,"adventure, food, nightlife, family"
usr-0077,18-25,budget,beach,"cultural, spiritual, heritage","family, nature"
usr-0078,26-35,luxury,wildlife,"cultural, spiritual","short_trip, food"
usr-0079,18-25,mid,beach,"heritage, adventure, nature","nature, budget"
usr-0080,50+,budget,spiritual,wildlife,"wildlife, nature"
usr-0081,36-50,budget,wildlife,spiritual,"nature, shopping, long_trip"
usr-0082,26-35,budget,wildlife,"hill_station, adventure, urban","food, couple, short_trip"
usr-0083,26-35,mid,adventure,"nature, beach, cultural","food, couple, luxury, mountain"
usr-0084,26-35,mid,beach,"spiritual, cultural, hill_station","shopping, beach, nightlife"
usr-0085,26-35,mid,cultural,"wildlife, urban","food, nightlife, luxury"
usr-0086,26-35,mid,adventure,"adventure, hill_station","shopping, luxury, nightlife, spiritual"
usr-0087,26-35,mid,heritage,beach,"solo, couple"
usr-0088,36-50,budget,wildlife,"adventure, beach, hill_station","mountain, long_trip, beach"
usr-0089,36-50,mid,nature,"adventure, heritage, urban","beach, shopping, couple, food"
usr-0090,26-35,luxury,beach,nature,"short_trip, solo"
usr-0091,36-50,mid,beach,heritage,"nightlife, wildlife, budget"
usr-0092,36-50,luxury,heritage,adventure,"beach, mountain"
usr-0093,18-25,mid,beach,"hill_station, wildlife","mountain, adventure"
usr-0094,18-25,budget,nature,"spiritual, nature, beach","luxury, short_trip, couple, solo"
usr-0095,18-25,budget,spiritual,"adventure, wildlife","couple, luxury, nightlife"
usr-0096,26-35,budget,heritage,"hill_station, adventure","heritage, short_trip"
usr-0097,26-35,mid,wildlife,wildlife,"couple, solo"
usr-0098,26-35,budget,adventure,"heritage, nature, urban","mountain, budget, long_trip"
usr-0099,50+,budget,adventure,"spiritual, nature, hill_station","long_trip, couple, luxury"
usr-0100,26-35,budget,cultural,"cultural, heritage, hill_station","beach, mountain, long_trip, family"
usr-0101,26-35,mid,cultural,"nature, heritage","solo, wildlife, adventure, couple"
usr-0102,26-35,luxury,heritage,"adventure, hill_station, heritage","beach, spiritual"
usr-0103,18-25,mid,spiritual,"heritage, hill_station","couple, nature"
usr-0104,26-35,budget,nature,"wildlife, beach, spiritual","nature, adventure"
usr-0105,36-50,mid,beach,"adventure, hill_station","spiritual, solo, adventure, couple"
usr-0106,26-35,mid,nature,"heritage, wildlife, beach","food, mountain, family"
usr-0107,18-25,mid,heritage,"adventure, urban","family, mountain, luxury, nightlife"
usr-0108,18-25,mid,heritage,"cultural, wildlife, spiritual","shopping, short_trip, nature, wildlife"
usr-0109,26-35,mid,beach,nature,"couple, shopping"
usr-0110,50+,budget,wildlife,"wildlife, cultural, urban","luxury, nature, beach, food"
usr-0111,18-25,budget,nature,"heritage, wildlife, cultural","wildlife, shopping, luxury, couple"
usr-0112,26-35,mid,spiritual,"spiritual, hill_station, beach","spiritual, adventure, short_trip, beach"
usr-0113,18-25,mid,spiritual,"urban, cultural","couple, solo, food"
usr-0114,26-35,budget,adventure,"spiritual, heritage, cultural","long_trip, wildlife, adventure"
usr-0115,26-35,budget,adventure,heritage,"heritage, long_trip, luxury"
usr-0116,50+,budget,beach,cultural,"solo, spiritual, shopping, beach"
usr-0117,26-35,luxury,spiritual,urban,"luxury, couple, shopping, nature"
usr-0118,36-50,mid,cultural,"adventure, spiritual","food, mountain"
usr-0119,26-35,mid,spiritual,beach,"wildlife, adventure"
usr-0120,18-25,mid,wildlife,urban,"mountain, shopping, luxury"
usr-0121,26-35,mid,spiritual,"wildlife, beach, heritage","nature, food"
usr-0122,26-35,luxury,beach,"heritage, spiritual, adventure","heritage, spiritual, family"
usr-0123,26-35,budget,nature,"hill_station, cultural, urban","family, nature, spiritual, adventure"
usr-0124,18-25,budget,wildlife,heritage,"long_trip, wildlife, shopping"
usr-0125,18-25,budget,wildlife,"heritage, spiritual","nature, beach, short_trip, shopping"
usr-0126,50+,luxury,adventure,"cultural, hill_station","solo, long_trip, short_trip, luxury"
usr-0127,50+,mid,heritage,"nature, spiritual, wildlife","heritage, couple"
usr-0128,36-50,budget,beach,"cultural, hill_station","wildlife, nature"
usr-0129,26-35,budget,wildlife,"heritage, adventure","beach, shopping, adventure, short_trip"
usr-0130,18-25,mid,adventure,adventure,"wildlife, short_trip"
usr-0131,18-25,luxury,wildlife,nature,"solo, spiritual, food"
usr-0132,18-25,mid,spiritual,"heritage, nature","solo, spiritual, couple, adventure"
usr-0133,26-35,budget,wildlife,spiritual,"adventure, heritage"
usr-0134,36-50,luxury,adventure,"heritage, urban, adventure","long_trip, budget, spiritual, short_trip"
usr-0135,26-35,budget,spiritual,spiritual,"nature, luxury, spiritual"
usr-0136,26-35,budget,cultural,"beach, nature","nature, food, family"
usr-0137,18-25,mid,beach,"heritage, urban","mountain, nature, luxury"
usr-0138,36-50,budget,heritage,"cultural, adventure, urban","luxury, heritage, mountain, spiritual"
usr-0139,36-50,mid,spiritual,"hill_station, spiritual, wildlife","food, beach"
usr-0140,50+,mid,adventure,"beach, hill_station","adventure, couple, nightlife, budget"
usr-0141,50+,budget,beach,"wildlife, spiritual, cultural","luxury, budget, beach"
usr-0142,26-35,mid,adventure,heritage,"wildlife, luxury"
usr-0143,36-50,mid,nature,"heritage, spiritual, nature","budget, wildlife, solo, short_trip"
usr-0144,26-35,mid,adventure,"nature, beach, urban","nightlife, shopping, long_trip, short_trip"
usr-0145,36-50,budget,cultural,spiritual,"luxury, adventure, nightlife, budget"
usr-0146,18-25,budget,nature,"wildlife, hill_station, adventure","food, spiritual, long_trip, luxury"
usr-0147,26-35,budget,wildlife,adventure,"food, long_trip, heritage"
usr-0148,26-35,mid,adventure,"nature, wildlife, cultural","mountain, wildlife, long_trip"
usr-0149,18-25,mid,wildlife,"spiritual, urban","long_trip, luxury"
usr-0150,50+,budget,nature,"wildlife, urban, cultural","long_trip, spiritual"
usr-0151,18-25,mid,beach,urban,"nightlife, long_trip, luxury"
usr-0152,26-35,mid,nature,"hill_station, adventure","nature, wildlife"
usr-0153,26-35,budget,heritage,urban,"mountain, family, short_trip"
usr-0154,18-25,budget,nature,"adventure, urban, heritage","spiritual, solo, shopping, beach"
usr-0155,18-25,budget,wildlife,"heritage, beach, hill_station","solo, adventure, heritage, nightlife"
usr-0156,18-25,mid,nature,spiritual,"mountain, couple, wildlife, solo"
usr-0157,18-25,mid,nature,adventure,"short_trip, luxury, adventure, nature"
usr-0158,26-35,mid,adventure,"cultural, spiritual","budget, beach"
usr-0159,26-35,mid,wildlife,"cultural, heritage","budget, nightlife, short_trip"
usr-0160,36-50,budget,nature,"spiritual, urban, hill_station","nightlife, shopping"
usr-0161,26-35,mid,cultural,heritage,"short_trip, nightlife"
usr-0162,18-25,mid,wildlife,adventure,"spiritual, family, wildlife"
usr-0163,18-25,luxury,wildlife,"hill_station, adventure, cultural","budget, shopping"
usr-0164,26-35,mid,nature,heritage,"couple, luxury"
usr-0165,36-50,mid,spiritual,urban,"spiritual, adventure, luxury, long_trip"
usr-0166,50+,mid,spiritual,cultural,"adventure, spiritual, budget"
usr-0167,18-25,mid,adventure,"adventure, beach","nature, spiritual"
usr-0168,26-35,luxury,cultural,"urban, spiritual, nature","family, mountain, nightlife"
usr-0169,26-35,budget,beach,"heritage, nature, urban","mountain, spiritual, wildlife, long_trip"
usr-0170,36-50,luxury,beach,"beach, heritage, wildlife","adventure, wildlife"
usr-0171,36-50,budget,adventure,"beach, heritage, nature","nightlife, wildlife, short_trip"
usr-0172,26-35,budget,heritage,hill_station,"nature, mountain"
usr-0173,18-25,mid,beach,"hill_station, adventure, urban","luxury, solo"
usr-0174,18-25,mid,adventure,"adventure, spiritual","family, luxury"
usr-0175,36-50,mid,nature,"urban, beach","short_trip, nightlife, luxury"
usr-0176,26-35,mid,spiritual,"nature, wildlife, adventure","short_trip, budget"
usr-0177,26-35,mid,cultural,hill_station,"short_trip, adventure, luxury"
usr-0178,50+,mid,beach,"beach, wildlife, heritage","budget, adventure"
usr-0179,36-50,mid,beach,"cultural, adventure, beach","couple, luxury, beach"
usr-0180,26-35,luxury,spiritual,"spiritual, nature, adventure","adventure, wildlife, spiritual, food"
usr-0181,26-35,mid,cultural,"cultural, beach","food, nightlife"
usr-0182,18-25,mid,beach,"beach, spiritual","adventure, luxury"
usr-0183,18-25,budget,spiritual,"spiritual, adventure","solo, nature, long_trip"
usr-0184,26-35,budget,wildlife,hill_station,"heritage, food"
usr-0185,26-35,mid,beach,"beach, hill_station","adventure, heritage"
usr-0186,36-50,mid,wildlife,hill_station,"beach, solo"
usr-0187,50+,budget,cultural,"beach, nature, wildlife","solo, shopping"
usr-0188,26-35,budget,wildlife,"adventure, urban","family, nature, heritage, food"
usr-0189,18-25,mid,cultural,spiritual,"shopping, heritage, couple, food"
usr-0190,26-35,budget,adventure,heritage,"luxury, short_trip"
usr-0191,18-25,mid,cultural,"beach, hill_station, cultural","food, mountain, shopping, nightlife"
usr-0192,26-35,budget,beach,"wildlife, urban","long_trip, spiritual, heritage, wildlife"
usr-0193,36-50,mid,beach,beach,"food, shopping, mountain, couple"
usr-0194,26-35,mid,beach,"cultural, urban","budget, spiritual"
usr-0195,26-35,budget,heritage,cultural,"adventure, family"
usr-0196,26-35,luxury,beach,hill_station,"shopping, food, spiritual"
usr-0197,50+,budget,cultural,wildlife,"luxury, wildlife, family"
usr-0198,18-25,budget,heritage,"urban, hill_station, wildlife","nature, food, spiritual"
usr-0199,26-35,budget,heritage,"beach, cultural, wildlife","spiritual, nightlife"
usr-0200,26-35,budget,cultural,adventure,"nature, nightlife, food"
usr-0201,26-35,budget,adventure,"adventure, nature","shopping, family"
usr-0202,26-35,mid,wildlife,"hill_station, nature, heritage","adventure, budget"
usr-0203,26-35,mid,cultural,"wildlife, spiritual","mountain, family, food, adventure"
usr-0204,36-50,budget,nature,"hill_station, adventure","shopping, food, nightlife, spiritual"
usr-0205,50+,budget,adventure,"cultural, beach","heritage, long_trip"
usr-0206,36-50,mid,beach,"hill_station, heritage","budget, shopping, short_trip, adventure"
usr-0207,26-35,mid,adventure,"wildlife, spiritual","solo, nightlife"
usr-0208,36-50,budget,nature,beach,"shopping, mountain, wildlife"
usr-0209,26-35,mid,wildlife,"heritage, cultural, spiritual","adventure, solo, nightlife"
usr-0210,26-35,mid,wildlife,urban,"spiritual, wildlife"
usr-0211,26-35,luxury,spiritual,"heritage, spiritual, wildlife","nature, nightlife, spiritual, couple"
usr-0212,18-25,mid,beach,beach,"food, spiritual"
usr-0213,26-35,mid,nature,"beach, spiritual","wildlife, luxury, family, nature"
usr-0214,18-25,mid,heritage,"hill_station, nature, spiritual","family, budget"
usr-0215,26-35,mid,beach,hill_station,"long_trip, food, nightlife, spiritual"
usr-0216,50+,budget,nature,heritage,"family, adventure"
usr-0217,26-35,budget,nature,"hill_station, wildlife, adventure","heritage, couple, nature, family"
usr-0218,26-35,mid,heritage,"nature, spiritual","mountain, solo, wildlife, couple"
usr-0219,26-35,mid,spiritual,adventure,"adventure, luxury"
usr-0220,18-25,mid,cultural,nature,"food, budget, long_trip"
usr-0221,26-35,budget,beach,"adventure, cultural","adventure, short_trip"
usr-0222,18-25,budget,cultural,"beach, spiritual","couple, spiritual"
usr-0223,26-35,luxury,beach,"cultural, nature","beach, long_trip"
usr-0224,26-35,mid,cultural,"wildlife, heritage, adventure","food, long_trip, adventure"
usr-0225,18-25,mid,adventure,"nature, cultural, urban","nightlife, luxury, mountain"
usr-0226,50+,luxury,wildlife,"wildlife, beach, heritage","long_trip, budget"
usr-0227,26-35,budget,beach,"wildlife, nature","mountain, long_trip, family, short_trip"
usr-0228,36-50,mid,wildlife,urban,"shopping, food"
usr-0229,26-35,budget,nature,"wildlife, adventure","nature, couple, solo, mountain"
usr-0230,18-25,budget,adventure,spiritual,"food, wildlife, shopping"
usr-0231,26-35,budget,cultural,"cultural, spiritual","beach, heritage"
usr-0232,18-25,budget,spiritual,nature,"mountain, nature, long_trip, beach"
usr-0233,26-35,luxury,adventure,heritage,"spiritual, nightlife, food, shopping"
usr-0234,26-35,budget,nature,"hill_station, cultural","solo, wildlife"
usr-0235,26-35,luxury,nature,urban,"food, budget"
usr-0236,18-25,budget,nature,"wildlife, hill_station, cultural","solo, nature"
usr-0237,18-25,mid,nature,heritage,"couple, family, adventure, long_trip"
usr-0238,18-25,luxury,spiritual,"cultural, beach, spiritual","short_trip, mountain"
usr-0239,50+,budget,spiritual,"urban, beach, heritage","long_trip, adventure"
usr-0240,36-50,mid,wildlife,cultural,"solo, long_trip, family"
usr-0241,36-50,mid,heritage,"spiritual, cultural","nature, long_trip, solo"
usr-0242,26-35,mid,heritage,"nature, cultural, hill_station","budget, nightlife, short_trip"
usr-0243,26-35,luxury,adventure,cultural,"heritage, adventure, couple, long_trip"
usr-0244,50+,budget,cultural,urban,"mountain, couple, short_trip, long_trip"
usr-0245,26-35,mid,adventure,"beach, adventure","wildlife, solo, budget, food"
usr-0246,26-35,luxury,beach,"cultural, adventure","nightlife, shopping, wildlife"
usr-0247,50+,mid,wildlife,"beach, nature","adventure, long_trip, budget, beach"
usr-0248,26-35,luxury,adventure,urban,"adventure, food, long_trip, couple"
usr-0249,50+,mid,spiritual,"adventure, urban","short_trip, shopping, long_trip, wildlife"
usr-0250,26-35,mid,beach,"nature, heritage, cultural","luxury, family, couple"
usr-0251,36-50,budget,heritage,adventure,"adventure, couple, wildlife"
usr-0252,50+,mid,adventure,"wildlife, beach, adventure","solo, luxury, nightlife"
usr-0253,18-25,budget,spiritual,"urban, cultural","wildlife, adventure, spiritual"
usr-0254,26-35,budget,wildlife,"adventure, heritage, nature","heritage, mountain, spiritual, beach"
usr-0255,26-35,budget,wildlife,nature,"couple, wildlife, mountain"
usr-0256,18-25,mid,spiritual,"urban, spiritual, wildlife","heritage, spiritual, couple"
usr-0257,18-25,mid,adventure,hill_station,"adventure, spiritual, short_trip"
usr-0258,26-35,mid,wildlife,"nature, beach","luxury, couple, mountain"
usr-0259,26-35,budget,cultural,beach,"food, couple, budget"
usr-0260,18-25,luxury,heritage,"urban, wildlife","shopping, food"
usr-0261,36-50,mid,beach,"wildlife, hill_station, heritage","family, nature, wildlife"
usr-0262,50+,budget,nature,adventure,"beach, adventure, family"
usr-0263,18-25,budget,nature,beach,"shopping, short_trip, wildlife, nightlife"
usr-0264,18-25,luxury,nature,"hill_station, wildlife, nature","budget, wildlife"
usr-0265,26-35,mid,heritage,urban,"long_trip, spiritual, food, couple"
usr-0266,18-25,budget,spiritual,"adventure, heritage, beach","adventure, family, food, spiritual"
usr-0267,18-25,mid,heritage,"wildlife, cultural, urban","luxury, nightlife, nature"
usr-0268,26-35,budget,nature,"adventure, urban","family, shopping, short_trip, wildlife"
usr-0269,26-35,mid,beach,beach,"heritage, adventure"
usr-0270,18-25,budget,cultural,"adventure, heritage, cultural","family, solo"
usr-0271,18-25,budget,cultural,nature,"budget, couple"
usr-0272,18-25,mid,beach,"spiritual, hill_station","beach, budget"
usr-0273,36-50,budget,wildlife,cultural,"family, food"
usr-0274,26-35,mid,nature,spiritual,"beach, solo, budget"
usr-0275,26-35,mid,spiritual,wildlife,"wildlife, couple, nature"
usr-0276,18-25,luxury,beach,wildlife,"beach, couple, family, budget"
usr-0277,26-35,luxury,wildlife,"cultural, spiritual, adventure","luxury, beach, heritage"
usr-0278,36-50,budget,cultural,spiritual,"budget, mountain"
usr-0279,18-25,budget,heritage,hill_station,"mountain, short_trip, wildlife, shopping"
usr-0280,36-50,budget,heritage,"heritage, spiritual, nature","shopping, beach, luxury, nature"
usr-0281,36-50,mid,spiritual,spiritual,"solo, family"
usr-0282,36-50,mid,nature,"wildlife, heritage","budget, spiritual, short_trip"
usr-0283,36-50,budget,beach,"beach, heritage","short_trip, beach, shopping, food"
usr-0284,18-25,mid,heritage,heritage,"heritage, long_trip, mountain, luxury"
usr-0285,18-25,mid,spiritual,urban,"mountain, family, luxury, budget"
usr-0286,18-25,mid,heritage,"nature, cultural","nature, couple, wildlife"
usr-0287,26-35,luxury,beach,"urban, cultural","family, long_trip"
usr-0288,36-50,luxury,adventure,"beach, wildlife, adventure","luxury, heritage, mountain"
usr-0289,36-50,mid,cultural,adventure,"family, couple, heritage"
usr-0290,26-35,mid,nature,"adventure, cultural","nature, shopping, budget, beach"
usr-0291,36-50,budget,wildlife,spiritual,"short_trip, long_trip, beach, food"
usr-0292,18-25,mid,wildlife,"nature, hill_station","spiritual, wildlife, nightlife"
usr-0293,26-35,luxury,heritage,adventure,"couple, luxury"
usr-0294,26-35,mid,beach,"adventure, beach, spiritual","couple, budget"
usr-0295,26-35,luxury,heritage,nature,"nightlife, long_trip"
usr-0296,36-50,luxury,cultural,"urban, heritage","long_trip, short_trip"
usr-0297,36-50,budget,adventure,"wildlife, spiritual","budget, wildlife, nature"
usr-0298,36-50,budget,wildlife,urban,"adventure, couple, budget"
usr-0299,26-35,mid,nature,"cultural, nature","luxury, nightlife, budget, short_trip"
usr-0300,50+,mid,beach,"adventure, wildlife, spiritual","luxury, short_trip, mountain"
usr-0301,36-50,budget,beach,heritage,"nightlife, food, spiritual"
usr-0302,36-50,budget,spiritual,"nature, hill_station","shopping, beach, short_trip, spiritual"
usr-0303,26-35,budget,heritage,"adventure, beach","heritage, beach, family, mountain"
usr-0304,18-25,mid,beach,"adventure, cultural","solo, wildlife"
usr-0305,26-35,budget,beach,"adventure, beach","mountain, family, solo, food"
usr-0306,26-35,mid,wildlife,"nature, spiritual","shopping, adventure, beach"
usr-0307,26-35,budget,adventure,"adventure, cultural, nature","budget, nightlife"
usr-0308,36-50,mid,adventure,hill_station,"nightlife, solo"
usr-0309,18-25,mid,heritage,"adventure, nature","couple, beach"
usr-0310,26-35,mid,spiritual,heritage,"adventure, long_trip, heritage"
usr-0311,36-50,mid,beach,"heritage, hill_station","solo, shopping, budget, heritage"
usr-0312,36-50,budget,spiritual,"heritage, beach, cultural","family, budget"
usr-0313,18-25,mid,nature,"cultural, adventure, wildlife","beach, couple, long_trip, adventure"
usr-0314,26-35,mid,beach,"wildlife, beach, hill_station","beach, nightlife, wildlife, nature"
usr-0315,26-35,budget,cultural,"spiritual, heritage","short_trip, family, heritage"
usr-0316,36-50,budget,wildlife,"nature, wildlife","shopping, beach, adventure"
usr-0317,26-35,mid,nature,beach,"couple, adventure, mountain"
usr-0318,26-35,mid,beach,"beach, urban","shopping, luxury, budget"
usr-0319,36-50,mid,cultural,"cultural, beach, heritage","beach, family"
usr-0320,36-50,budget,heritage,"wildlife, spiritual, nature","family, solo, shopping"
usr-0321,50+,mid,wildlife,nature,"food, spiritual, short_trip, shopping"
usr-0322,18-25,luxury,wildlife,nature,"luxury, long_trip, wildlife"
usr-0323,36-50,budget,spiritual,"adventure, nature, heritage","budget, family, beach"
usr-0324,26-35,luxury,nature,urban,"family, nightlife"
usr-0325,26-35,budget,beach,beach,"solo, heritage, family, adventure"
usr-0326,26-35,luxury,heritage,"hill_station, spiritual, beach","mountain, budget"
usr-0327,26-35,budget,cultural,"nature, hill_station","solo, beach, wildlife"
usr-0328,18-25,mid,spiritual,urban,"budget, wildlife, nature, mountain"
usr-0329,26-35,luxury,nature,cultural,"long_trip, spiritual"
usr-0330,18-25,budget,wildlife,"wildlife, heritage","budget, beach"
usr-0331,18-25,mid,wildlife,"spiritual, hill_station, urban","adventure, long_trip, budget, shopping"
usr-0332,26-35,budget,spiritual,cultural,"heritage, shopping"
usr-0333,18-25,mid,adventure,"cultural, adventure","nightlife, adventure, family"
usr-0334,36-50,budget,spiritual,"adventure, wildlife, spiritual","adventure, heritage"
usr-0335,26-35,budget,adventure,"beach, heritage","short_trip, heritage, couple"
usr-0336,26-35,mid,heritage,"adventure, wildlife","adventure, solo, couple, luxury"
usr-0337,26-35,budget,cultural,"cultural, hill_station, adventure","shopping, adventure, nature"
usr-0338,26-35,mid,wildlife,"urban, adventure, cultural","nightlife, mountain"
usr-0339,18-25,mid,beach,"beach, spiritual","nightlife, food, wildlife, solo"
usr-0340,26-35,budget,beach,"cultural, adventure","long_trip, food"
usr-0341,26-35,mid,beach,heritage,"luxury, shopping, nature"
usr-0342,26-35,mid,beach,heritage,"beach, nightlife"
usr-0343,50+,mid,beach,"heritage, wildlife, cultural","food, couple, budget, nature"
usr-0344,18-25,mid,beach,"wildlife, spiritual, cultural","heritage, couple, short_trip, budget"
usr-0345,50+,mid,beach,"spiritual, nature","family, nature, long_trip"
usr-0346,50+,budget,wildlife,hill_station,"family, nature, mountain"
usr-0347,18-25,mid,spiritual,wildlife,"nightlife, beach, solo, wildlife"
usr-0348,50+,budget,heritage,"beach, spiritual, cultural","nightlife, spiritual, luxury"
usr-0349,18-25,budget,beach,"wildlife, urban, beach","nightlife, nature, luxury, couple"
usr-0350,18-25,mid,nature,cultural,"wildlife, shopping, long_trip, budget"
usr-0351,50+,budget,cultural,"cultural, hill_station","beach, mountain, short_trip"
usr-0352,26-35,budget,spiritual,cultural,"spiritual, shopping"
usr-0353,26-35,budget,wildlife,hill_station,"budget, adventure, food, mountain"
usr-0354,18-25,luxury,cultural,adventure,"nightlife, food, heritage, budget"
usr-0355,50+,luxury,nature,"spiritual, beach, adventure","luxury, beach, adventure"
usr-0356,26-35,mid,heritage,"spiritual, wildlife","short_trip, mountain"
usr-0357,36-50,budget,cultural,"spiritual, wildlife","shopping, wildlife, beach"
usr-0358,18-25,budget,spiritual,"heritage, hill_station","beach, wildlife"
usr-0359,18-25,mid,spiritual,"adventure, hill_station","luxury, solo, mountain"
usr-0360,36-50,luxury,spiritual,"adventure, beach, cultural","heritage, wildlife, family"
usr-0361,26-35,budget,beach,spiritual,"luxury, food, short_trip, solo"
usr-0362,26-35,mid,adventure,nature,"heritage, spiritual, shopping"
usr-0363,18-25,luxury,nature,"hill_station, adventure","heritage, mountain, food, budget"
usr-0364,18-25,budget,heritage,"hill_station, wildlife","luxury, beach"
usr-0365,18-25,mid,wildlife,adventure,"couple, beach, adventure"
usr-0366,26-35,luxury,cultural,"urban, hill_station","food, luxury, couple, budget"
usr-0367,18-25,budget,wildlife,"cultural, heritage, adventure","family, couple, budget"
usr-0368,26-35,mid,nature,"heritage, adventure","adventure, heritage, long_trip, mountain"
usr-0369,26-35,budget,cultural,"cultural, spiritual","budget, food"
usr-0370,36-50,budget,spiritual,"heritage, beach, hill_station","couple, mountain"
usr-0371,50+,budget,wildlife,"adventure, hill_station","long_trip, adventure, luxury"
usr-0372,26-35,luxury,beach,"spiritual, wildlife","adventure, couple"
usr-0373,26-35,luxury,cultural,"adventure, heritage, nature","nature, heritage, budget, spiritual"
usr-0374,26-35,budget,cultural,"heritage, spiritual, hill_station","solo, luxury"
usr-0375,18-25,luxury,wildlife,"hill_station, spiritual","nature, long_trip, nightlife, beach"
usr-0376,18-25,luxury,spiritual,"wildlife, adventure","family, heritage, short_trip, luxury"
usr-0377,18-25,mid,beach,adventure,"couple, food, adventure"
usr-0378,26-35,mid,nature,"spiritual, adventure, wildlife","beach, food"
usr-0379,26-35,mid,cultural,"wildlife, cultural","spiritual, solo"
usr-0380,26-35,budget,heritage,hill_station,"heritage, mountain"
usr-0381,36-50,budget,heritage,"hill_station, adventure","nature, couple, long_trip, budget"
usr-0382,26-35,mid,heritage,"heritage, beach","short_trip, mountain, spiritual, couple"
usr-0383,36-50,luxury,nature,"urban, nature, wildlife","adventure, nature, short_trip, family"
usr-0384,18-25,mid,wildlife,"spiritual, beach","heritage, family"
usr-0385,26-35,budget,cultural,spiritual,"luxury, mountain, spiritual, family"
usr-0386,18-25,budget,heritage,"nature, urban, beach","long_trip, beach, adventure, couple"
usr-0387,26-35,budget,heritage,"wildlife, adventure, hill_station","long_trip, solo, short_trip, mountain"
usr-0388,26-35,mid,cultural,"beach, cultural, urban","food, nature"
usr-0389,18-25,mid,nature,beach,"nightlife, solo, wildlife"
usr-0390,26-35,luxury,nature,"urban, spiritual","spiritual, wildlife, luxury"
usr-0391,26-35,budget,nature,"heritage, cultural, urban","wildlife, adventure"
usr-0392,26-35,budget,wildlife,"nature, cultural","couple, family, spiritual"
usr-0393,50+,mid,cultural,"adventure, nature, heritage","nightlife, family"
usr-0394,50+,mid,heritage,"nature, beach","couple, nature, short_trip"
usr-0395,18-25,mid,spiritual,"wildlife, beach","adventure, shopping, beach, couple"
usr-0396,50+,budget,beach,"nature, beach, adventure","heritage, solo, couple, nature"
usr-0397,26-35,budget,adventure,"heritage, wildlife, urban","nightlife, spiritual, heritage"
usr-0398,18-25,budget,wildlife,heritage,"beach, luxury, mountain"
usr-0399,18-25,budget,nature,"beach, hill_station, urban","adventure, nature, mountain"
usr-0400,18-25,mid,heritage,"nature, beach, adventure","shopping, food, short_trip"
usr-0401,36-50,budget,wildlife,"adventure, wildlife, beach","beach, heritage, nature, shopping"
usr-0402,50+,luxury,heritage,cultural,"luxury, short_trip, budget"
usr-0403,36-50,budget,wildlife,heritage,"nightlife, family, adventure"
usr-0404,18-25,mid,cultural,"urban, heritage","budget, luxury"
usr-0405,18-25,mid,heritage,"cultural, beach","wildlife, heritage, short_trip"
usr-0406,26-35,mid,wildlife,spiritual,"mountain, wildlife, spiritual, adventure"
usr-0407,18-25,mid,heritage,wildlife,"long_trip, wildlife"
usr-0408,36-50,budget,nature,"spiritual, nature, urban","couple, spiritual, wildlife"
usr-0409,50+,budget,heritage,beach,"beach, adventure, long_trip"
usr-0410,36-50,budget,beach,"beach, adventure, heritage","short_trip, long_trip"
usr-0411,50+,budget,heritage,spiritual,"solo, nature"
usr-0412,50+,mid,wildlife,cultural,"long_trip, solo, luxury"
usr-0413,18-25,mid,cultural,"urban, beach","wildlife, beach"
usr-0414,18-25,mid,nature,"spiritual, adventure, hill_station","shopping, long_trip, luxury, budget"
usr-0415,36-50,budget,cultural,spiritual,"mountain, spiritual, short_trip, nightlife"
usr-0416,26-35,mid,nature,spiritual,"family, luxury, adventure, spiritual"
usr-0417,26-35,mid,adventure,wildlife,"short_trip, food, spiritual"
usr-0418,26-35,luxury,heritage,"beach, urban","long_trip, heritage"
usr-0419,18-25,mid,nature,"hill_station, nature","nightlife, short_trip, couple"
usr-0420,18-25,budget,beach,"spiritual, wildlife","wildlife, family, long_trip, shopping"
usr-0421,18-25,mid,beach,"wildlife, hill_station, beach","solo, adventure, short_trip, luxury"
usr-0422,26-35,mid,nature,"urban, spiritual","spiritual, nightlife"
usr-0423,50+,mid,wildlife,"adventure, nature, urban","shopping, adventure, luxury"
usr-0424,18-25,budget,spiritual,"beach, cultural","food, spiritual"
usr-0425,26-35,budget,adventure,"hill_station, wildlife, urban","solo, nightlife, couple"
usr-0426,18-25,mid,beach,"spiritual, urban","beach, family, couple"
usr-0427,26-35,mid,wildlife,"hill_station, adventure, nature","mountain, nature"
usr-0428,50+,budget,adventure,adventure,"beach, budget"
usr-0429,26-35,mid,spiritual,"spiritual, hill_station","spiritual, nature, mountain"
usr-0430,36-50,luxury,spiritual,urban,"beach, couple, family, nightlife"
usr-0431,36-50,mid,spiritual,heritage,"nature, nightlife, luxury"
usr-0432,50+,budget,cultural,"adventure, cultural, urban","beach, wildlife"
usr-0433,26-35,mid,heritage,wildlife,"solo, spiritual, nature, budget"
usr-0434,36-50,budget,wildlife,"hill_station, nature, heritage","heritage, shopping, family"
usr-0435,26-35,mid,wildlife,urban,"long_trip, luxury, budget"
usr-0436,18-25,budget,adventure,"cultural, hill_station","adventure, short_trip"
usr-0437,26-35,luxury,wildlife,"spiritual, cultural, beach","heritage, family, luxury"
usr-0438,36-50,mid,spiritual,"nature, urban, adventure","nature, mountain"
usr-0439,26-35,budget,spiritual,"urban, spiritual","family, nature"
usr-0440,18-25,mid,nature,heritage,"heritage, long_trip"
usr-0441,36-50,budget,heritage,"urban, heritage, nature","spiritual, long_trip"
usr-0442,36-50,mid,spiritual,heritage,"long_trip, luxury, spiritual"
usr-0443,36-50,budget,wildlife,"adventure, hill_station, urban","beach, spiritual, solo"
usr-0444,36-50,luxury,adventure,"spiritual, urban","adventure, shopping, beach, solo"
usr-0445,50+,mid,wildlife,"adventure, urban","short_trip, heritage, nature, adventure"
usr-0446,50+,budget,beach,"hill_station, beach, spiritual","nightlife, heritage"
usr-0447,36-50,mid,nature,"cultural, urban","budget, family, food"
usr-0448,50+,mid,nature,"beach, spiritual, urban","wildlife, adventure"
usr-0449,50+,mid,nature,"hill_station, wildlife","family, nightlife, shopping"
usr-0450,36-50,mid,beach,wildlife,"mountain, spiritual, food, shopping"
usr-0451,36-50,mid,nature,"wildlife, heritage, spiritual","beach, shopping, short_trip, nature"
usr-0452,36-50,budget,wildlife,beach,"mountain, shopping, food, wildlife"
usr-0453,26-35,mid,spiritual,"heritage, hill_station","heritage, solo, budget, couple"
usr-0454,26-35,budget,cultural,"wildlife, hill_station, adventure","budget, family"
usr-0455,26-35,luxury,wildlife,"cultural, hill_station","short_trip, mountain, solo"
usr-0456,26-35,budget,heritage,"cultural, adventure","long_trip, nature, nightlife"
usr-0457,36-50,budget,nature,"adventure, nature, urban","beach, long_trip, short_trip, nature"
usr-0458,50+,budget,beach,heritage,"wildlife, luxury"
usr-0459,18-25,luxury,adventure,"heritage, beach","couple, heritage"
usr-0460,50+,mid,beach,"adventure, wildlife","spiritual, family, heritage"
usr-0461,36-50,mid,nature,"cultural, wildlife","luxury, couple"
usr-0462,50+,mid,heritage,adventure,"spiritual, shopping, luxury"
usr-0463,26-35,mid,cultural,wildlife,"short_trip, budget, beach, shopping"
usr-0464,50+,luxury,wildlife,"wildlife, spiritual","solo, adventure, couple"
usr-0465,50+,mid,beach,"cultural, adventure","wildlife, food"
usr-0466,26-35,mid,beach,"urban, spiritual","adventure, family, heritage"
usr-0467,18-25,mid,wildlife,urban,"heritage, long_trip, beach"
usr-0468,18-25,mid,nature,cultural,"shopping, solo"
usr-0469,26-35,budget,adventure,"hill_station, adventure, spiritual","heritage, short_trip"
usr-0470,50+,budget,beach,"wildlife, urban","adventure, solo, long_trip, heritage"
usr-0471,36-50,luxury,adventure,spiritual,"wildlife, family"
usr-0472,50+,budget,spiritual,hill_station,"solo, shopping, nature"
usr-0473,26-35,luxury,spiritual,nature,"adventure, luxury"
usr-0474,18-25,budget,cultural,"nature, spiritual","food, wildlife"
usr-0475,36-50,mid,spiritual,spiritual,"couple, long_trip, wildlife, family"
usr-0476,26-35,mid,nature,"cultural, spiritual","budget, food, adventure"
usr-0477,26-35,budget,adventure,wildlife,"mountain, family, luxury"
usr-0478,36-50,budget,nature,"cultural, heritage, beach","couple, long_trip"
usr-0479,18-25,budget,cultural,"beach, spiritual, cultural","family, long_trip, nature, spiritual"
usr-0480,26-35,mid,nature,beach,"nature, beach, heritage, luxury"
usr-0481,18-25,mid,beach,"adventure, nature, beach","food, nightlife, adventure"
usr-0482,26-35,budget,spiritual,"spiritual, wildlife","long_trip, nature, food"
usr-0483,18-25,mid,nature,"adventure, spiritual, beach","family, heritage"
usr-0484,18-25,luxury,heritage,"wildlife, spiritual","wildlife, budget"
usr-0485,26-35,mid,wildlife,wildlife,"family, heritage, budget, nightlife"
usr-0486,36-50,mid,nature,heritage,"adventure, nightlife"
usr-0487,36-50,budget,wildlife,"spiritual, heritage","nightlife, food"
usr-0488,50+,budget,nature,hill_station,"spiritual, shopping, nightlife, food"
usr-0489,18-25,budget,beach,hill_station,"food, nature, luxury"
usr-0490,26-35,budget,nature,"hill_station, urban, beach","luxury, food, family, nature"
usr-0491,26-35,luxury,beach,"heritage, spiritual","budget, couple"
usr-0492,18-25,mid,wildlife,"urban, heritage, beach","adventure, spiritual"
usr-0493,18-25,mid,heritage,"heritage, adventure","family, short_trip, nature, budget"
usr-0494,18-25,mid,adventure,"nature, wildlife, spiritual","spiritual, short_trip"
usr-0495,26-35,mid,spiritual,"beach, adventure","heritage, wildlife, spiritual, nightlife"
usr-0496,26-35,mid,wildlife,cultural,"mountain, adventure, food"
usr-0497,26-35,budget,beach,"urban, cultural, wildlife","heritage, short_trip, nature"
usr-0498,26-35,mid,heritage,"heritage, spiritual","short_trip, nature, food, mountain"
usr-0499,18-25,mid,nature,"beach, adventure, cultural","food, shopping, short_trip, luxury"
usr-0500,36-50,budget,wildlife,"adventure, wildlife, hill_station","mountain, beach"
usr-0501,26-35,mid,cultural,"urban, heritage, wildlife","mountain, solo, nature"
usr-0502,36-50,luxury,wildlife,adventure,"heritage, family, short_trip, mountain"
usr-0503,26-35,budget,heritage,wildlife,"solo, mountain, adventure"
usr-0504,18-25,budget,nature,"urban, hill_station","nightlife, wildlife, solo"
usr-0505,26-35,budget,spiritual,"cultural, urban","long_trip, short_trip"
usr-0506,50+,luxury,spiritual,hill_station,"shopping, luxury, nature"
usr-0507,26-35,budget,cultural,"urban, beach","beach, nightlife, shopping, mountain"
usr-0508,18-25,budget,heritage,"heritage, nature","short_trip, nightlife, luxury"
usr-0509,18-25,budget,cultural,"hill_station, wildlife","nature, beach, luxury"
usr-0510,36-50,mid,cultural,"beach, nature","budget, nightlife"
usr-0511,50+,budget,adventure,"wildlife, nature","spiritual, family, beach"
usr-0512,50+,budget,nature,cultural,"nightlife, beach, solo"
usr-0513,26-35,mid,heritage,"beach, urban","luxury, family, food"
usr-0514,36-50,budget,nature,"nature, heritage, wildlife","adventure, food, nature, long_trip"
usr-0515,26-35,mid,adventure,"urban, wildlife, spiritual","adventure, family, mountain"
usr-0516,26-35,mid,spiritual,"adventure, wildlife","food, solo, budget, nature"
usr-0517,26-35,budget,wildlife,"adventure, urban","budget, shopping, couple, nightlife"
usr-0518,26-35,budget,beach,wildlife,"shopping, nature, family, spiritual"
usr-0519,26-35,budget,heritage,"wildlife, urban, heritage","nightlife, wildlife"
usr-0520,18-25,mid,wildlife,cultural,"couple, beach, luxury, long_trip"
usr-0521,26-35,mid,adventure,"spiritual, nature, adventure","food, family, mountain, nature"
usr-0522,26-35,mid,wildlife,"cultural, heritage","long_trip, short_trip, luxury, spiritual"
usr-0523,18-25,budget,spiritual,heritage,"luxury, mountain, spiritual, solo"
usr-0524,36-50,budget,nature,"heritage, wildlife, cultural","nature, luxury, short_trip, solo"
usr-0525,50+,budget,adventure,hill_station,"budget, family"
usr-0526,18-25,mid,nature,"wildlife, hill_station, heritage","adventure, mountain, long_trip"
usr-0527,50+,luxury,nature,"adventure, cultural, nature","adventure, heritage, budget, spiritual"
usr-0528,26-35,luxury,beach,"adventure, cultural, hill_station","beach, mountain, couple"
usr-0529,26-35,mid,heritage,"nature, urban, wildlife","family, mountain, adventure"
usr-0530,50+,budget,heritage,"wildlife, urban, nature","budget, nightlife, luxury, wildlife"
usr-0531,18-25,budget,nature,"beach, nature, cultural","short_trip, wildlife"
usr-0532,26-35,luxury,wildlife,"heritage, hill_station","shopping, luxury, solo, food"
usr-0533,26-35,mid,cultural,"hill_station, urban, nature","food, luxury, budget"
usr-0534,36-50,mid,wildlife,beach,"couple, heritage, luxury"
usr-0535,36-50,mid,adventure,"beach, wildlife","budget, beach"
usr-0536,26-35,mid,cultural,"spiritual, wildlife","wildlife, food"
usr-0537,26-35,luxury,adventure,"spiritual, heritage, hill_station","mountain, food, shopping"
usr-0538,36-50,luxury,beach,"urban, heritage, wildlife","wildlife, solo"
usr-0539,26-35,luxury,adventure,"beach, nature","couple, shopping, adventure, wildlife"
usr-0540,18-25,mid,wildlife,nature,"food, heritage, nightlife, short_trip"
usr-0541,18-25,mid,nature,"spiritual, nature","nature, short_trip"
usr-0542,26-35,mid,wildlife,"adventure, spiritual, cultural","solo, wildlife, adventure"
usr-0543,36-50,mid,wildlife,"urban, wildlife","budget, heritage, adventure"
usr-0544,36-50,mid,adventure,"cultural, beach","food, wildlife, short_trip, adventure"
usr-0545,18-25,budget,beach,"spiritual, beach, urban","wildlife, budget, mountain"
usr-0546,26-35,mid,wildlife,hill_station,"mountain, nightlife, short_trip"
usr-0547,36-50,budget,wildlife,"urban, spiritual","solo, heritage, luxury"
usr-0548,18-25,mid,adventure,"beach, cultural, hill_station","nightlife, beach, family"
usr-0549,36-50,luxury,heritage,"nature, hill_station","short_trip, luxury, family, adventure"
usr-0550,26-35,mid,heritage,"cultural, hill_station, spiritual","long_trip, shopping, mountain"
usr-0551,26-35,budget,heritage,"hill_station, spiritual, urban","long_trip, wildlife"
usr-0552,50+,budget,adventure,"wildlife, spiritual","couple, solo"
usr-0553,18-25,budget,beach,"urban, hill_station","wildlife, family"
usr-0554,26-35,mid,wildlife,"hill_station, cultural, spiritual","wildlife, solo, long_trip"
usr-0555,26-35,mid,adventure,"nature, beach","solo, heritage, long_trip, nightlife"
usr-0556,50+,budget,heritage,beach,"nightlife, nature, adventure"
usr-0557,36-50,mid,heritage,spiritual,"wildlife, heritage"
usr-0558,36-50,luxury,cultural,"spiritual, heritage, nature","food, nightlife, short_trip"
usr-0559,18-25,luxury,nature,"heritage, wildlife, beach","heritage, budget, nightlife, shopping"
usr-0560,36-50,budget,cultural,"heritage, cultural, wildlife","wildlife, solo, heritage"
usr-0561,26-35,budget,adventure,"cultural, spiritual, wildlife","couple, budget, nightlife"
usr-0562,18-25,luxury,wildlife,beach,"solo, shopping, budget"
usr-0563,18-25,budget,beach,"cultural, urban, nature","mountain, couple, nightlife"
usr-0564,18-25,budget,spiritual,nature,"adventure, budget, spiritual, short_trip"
usr-0565,18-25,mid,wildlife,"cultural, wildlife, urban","nightlife, wildlife, luxury, budget"
usr-0566,18-25,budget,cultural,"wildlife, adventure","shopping, food"
usr-0567,18-25,mid,cultural,"hill_station, cultural","couple, short_trip, long_trip"
usr-0568,18-25,mid,nature,"beach, wildlife","nightlife, food"
usr-0569,26-35,budget,beach,"wildlife, spiritual","spiritual, shopping"
usr-0570,26-35,mid,adventure,"urban, heritage","heritage, luxury, short_trip"
usr-0571,26-35,mid,adventure,"nature, spiritual","solo, shopping, short_trip, family"
usr-0572,50+,mid,beach,"adventure, wildlife","solo, shopping, beach"
usr-0573,26-35,budget,beach,nature,"couple, food, solo"
usr-0574,26-35,mid,cultural,heritage,"couple, nightlife, solo"
usr-0575,26-35,mid,adventure,hill_station,"spiritual, nightlife, luxury"
usr-0576,50+,mid,cultural,"adventure, hill_station, wildlife","mountain, family"
usr-0577,18-25,mid,cultural,"hill_station, urban","luxury, nature, long_trip, adventure"
usr-0578,18-25,mid,spiritual,"hill_station, urban","nightlife, short_trip"
usr-0579,26-35,mid,cultural,"wildlife, beach","short_trip, long_trip, shopping"
usr-0580,18-25,mid,cultural,"beach, cultural","mountain, short_trip, adventure"
usr-0581,26-35,mid,wildlife,heritage,"mountain, nightlife, luxury, food"
usr-0582,36-50,mid,adventure,"spiritual, hill_station","nightlife, short_trip, budget"
usr-0583,50+,mid,heritage,"cultural, urban","spiritual, couple, nightlife"
usr-0584,26-35,mid,cultural,wildlife,"couple, solo"
usr-0585,36-50,mid,cultural,"hill_station, urban, wildlife","wildlife, solo, long_trip, couple"
usr-0586,26-35,budget,adventure,"urban, heritage","nature, family"
usr-0587,36-50,luxury,nature,wildlife,"couple, food"
usr-0588,36-50,budget,adventure,"heritage, cultural, beach","budget, shopping, heritage"
usr-0589,18-25,budget,adventure,"spiritual, wildlife","wildlife, mountain, luxury, long_trip"
usr-0590,50+,budget,wildlife,adventure,"shopping, wildlife"
usr-0591,50+,budget,wildlife,"urban, cultural, beach","shopping, luxury"
usr-0592,18-25,budget,beach,"heritage, nature","nature, luxury"
usr-0593,18-25,mid,wildlife,adventure,"luxury, solo"
usr-0594,26-35,mid,nature,"heritage, adventure","nature, beach"
usr-0595,36-50,budget,nature,"adventure, urban, beach","spiritual, shopping, luxury"
usr-0596,18-25,mid,nature,"wildlife, hill_station, adventure","short_trip, solo"
usr-0597,18-25,luxury,wildlife,"urban, wildlife","nature, heritage, wildlife"
usr-0598,18-25,budget,adventure,"cultural, nature","wildlife, solo, budget, food"
usr-0599,50+,mid,nature,"wildlife, beach","food, shopping, beach"
usr-0600,26-35,mid,wildlife,"beach, spiritual, adventure","short_trip, heritage, beach"
usr-0601,26-35,luxury,nature,heritage,"food, mountain, wildlife, nightlife"
usr-0602,36-50,mid,spiritual,"beach, spiritual, cultural","long_trip, food, heritage"
usr-0603,36-50,mid,wildlife,"hill_station, cultural","luxury, wildlife, spiritual"
usr-0604,26-35,budget,wildlife,"beach, hill_station","nature, luxury, family, spiritual"
usr-0605,36-50,mid,spiritual,"nature, hill_station, beach","wildlife, shopping, long_trip, nature"
usr-0606,26-35,budget,adventure,"hill_station, urban, beach","adventure, family"
usr-0607,18-25,mid,adventure,beach,"solo, short_trip, beach, heritage"
usr-0608,26-35,mid,nature,beach,"nightlife, short_trip, food, wildlife"
usr-0609,18-25,budget,adventure,"cultural, urban, heritage","beach, couple, budget"
usr-0610,26-35,mid,wildlife,"nature, wildlife, urban","couple, wildlife, adventure"
usr-0611,50+,budget,beach,adventure,"wildlife, food"
usr-0612,36-50,mid,spiritual,"wildlife, nature","mountain, nightlife, solo, family"
usr-0613,36-50,budget,spiritual,cultural,"budget, spiritual, short_trip"
usr-0614,18-25,mid,cultural,"wildlife, urban, heritage","wildlife, family"
usr-0615,18-25,budget,heritage,beach,"spiritual, solo, adventure, heritage"
usr-0616,50+,mid,heritage,wildlife,"spiritual, short_trip"
usr-0617,36-50,budget,heritage,"nature, adventure, urban","mountain, adventure"
usr-0618,36-50,mid,adventure,"beach, adventure, urban","short_trip, shopping, beach"
usr-0619,18-25,budget,spiritual,"adventure, heritage","couple, heritage"
usr-0620,18-25,budget,beach,"spiritual, urban, beach","adventure, couple, luxury, wildlife"
usr-0621,26-35,budget,spiritual,"spiritual, urban","wildlife, solo"
usr-0622,18-25,luxury,wildlife,"nature, hill_station, cultural","spiritual, wildlife, couple, nightlife"
usr-0623,26-35,budget,spiritual,"adventure, wildlife","solo, short_trip, beach, luxury"
usr-0624,26-35,mid,nature,"wildlife, hill_station","wildlife, beach, shopping, adventure"
usr-0625,36-50,mid,cultural,"hill_station, adventure, beach","shopping, long_trip, luxury, spiritual"
usr-0626,18-25,mid,heritage,"hill_station, adventure","couple, nightlife"
usr-0627,26-35,mid,cultural,"heritage, cultural","nightlife, shopping, mountain"
usr-0628,26-35,mid,beach,"spiritual, nature, adventure","nature, nightlife, mountain"
usr-0629,26-35,mid,nature,"cultural, beach, spiritual","wildlife, nightlife, nature"
usr-0630,18-25,budget,adventure,heritage,"spiritual, family, wildlife, shopping"
usr-0631,50+,luxury,adventure,"adventure, urban, wildlife","solo, wildlife, family"
usr-0632,36-50,budget,spiritual,adventure,"spiritual, luxury, adventure"
usr-0633,26-35,budget,beach,adventure,"budget, nightlife, beach, heritage"
usr-0634,26-35,budget,spiritual,"cultural, hill_station","nature, budget, food, wildlife"
usr-0635,26-35,mid,heritage,"urban, heritage","nature, mountain"
usr-0636,18-25,mid,cultural,"urban, adventure","heritage, wildlife, budget, spiritual"
usr-0637,26-35,mid,heritage,"hill_station, cultural","wildlife, adventure, solo"
usr-0638,36-50,budget,cultural,"adventure, hill_station","solo, food"
usr-0639,18-25,mid,adventure,beach,"wildlife, food"
usr-0640,50+,mid,nature,heritage,"spiritual, mountain"
usr-0641,26-35,mid,heritage,"nature, hill_station","couple, wildlife, long_trip, shopping"
usr-0642,26-35,budget,heritage,"hill_station, heritage","couple, nightlife, beach"
usr-0643,26-35,mid,heritage,urban,"spiritual, adventure, food, mountain"
usr-0644,18-25,mid,heritage,"spiritual, cultural","wildlife, mountain"
usr-0645,18-25,mid,adventure,"adventure, beach, spiritual","solo, couple, budget, shopping"
usr-0646,26-35,mid,spiritual,"wildlife, spiritual","luxury, spiritual, food, adventure"
usr-0647,18-25,mid,beach,"wildlife, adventure, heritage","short_trip, budget, couple"
usr-0648,26-35,budget,spiritual,"cultural, urban, spiritual","wildlife, budget, nature, nightlife"
usr-0649,36-50,budget,cultural,"urban, spiritual, heritage","beach, budget, wildlife"
usr-0650,36-50,budget,nature,wildlife,"nature, nightlife, adventure, budget"
usr-0651,26-35,budget,nature,"beach, hill_station","family, mountain, spiritual, adventure"
usr-0652,36-50,budget,adventure,"nature, beach","shopping, long_trip"
usr-0653,26-35,budget,heritage,"adventure, cultural","spiritual, beach, long_trip"
usr-0654,50+,mid,beach,"cultural, adventure, spiritual","mountain, shopping"
usr-0655,36-50,budget,heritage,"hill_station, adventure","short_trip, spiritual, heritage, mountain"
usr-0656,36-50,budget,nature,"adventure, wildlife, hill_station","beach, nightlife"
usr-0657,18-25,budget,heritage,cultural,"long_trip, nature, solo"
usr-0658,18-25,mid,cultural,"nature, beach, wildlife","couple, food, spiritual"
usr-0659,36-50,budget,spiritual,"beach, cultural, nature","family, short_trip"
usr-0660,18-25,budget,heritage,"cultural, nature, heritage","adventure, nightlife, long_trip"
usr-0661,26-35,budget,heritage,hill_station,"beach, adventure, mountain, nightlife"
usr-0662,18-25,budget,nature,"adventure, wildlife, nature","adventure, solo, couple, long_trip"
usr-0663,18-25,budget,heritage,"cultural, urban","heritage, food, family"
usr-0664,26-35,luxury,beach,"spiritual, heritage","wildlife, adventure, beach, budget"
usr-0665,26-35,luxury,heritage,"beach, cultural","budget, family, luxury, wildlife"
usr-0666,50+,mid,adventure,"cultural, spiritual, hill_station","nature, shopping, nightlife, mountain"
usr-0667,18-25,luxury,heritage,beach,"mountain, couple, nature, budget"
usr-0668,26-35,budget,cultural,"hill_station, wildlife, nature","food, solo, long_trip"
usr-0669,26-35,budget,cultural,spiritual,"beach, heritage, budget"
usr-0670,36-50,budget,adventure,"hill_station, wildlife","adventure, beach"
usr-0671,26-35,mid,beach,"nature, spiritual, beach","nightlife, solo, family"
usr-0672,36-50,mid,spiritual,"hill_station, adventure, beach","long_trip, mountain"
usr-0673,26-35,mid,beach,urban,"beach, short_trip, mountain, heritage"
usr-0674,26-35,mid,heritage,"heritage, beach, cultural","nightlife, heritage"
usr-0675,18-25,mid,wildlife,adventure,"nature, nightlife"
usr-0676,18-25,mid,adventure,"beach, urban","heritage, beach, nightlife, adventure"
usr-0677,18-25,budget,spiritual,"urban, adventure, beach","budget, nature, spiritual"
usr-0678,36-50,mid,cultural,hill_station,"heritage, mountain, solo, couple"
usr-0679,18-25,mid,spiritual,urban,"heritage, spiritual, shopping, short_trip"
usr-0680,50+,budget,nature,"beach, heritage, nature","family, shopping, solo"
usr-0681,18-25,luxury,wildlife,adventure,"short_trip, nature, luxury"
usr-0682,26-35,budget,wildlife,spiritual,"mountain, wildlife, shopping, heritage"
usr-0683,36-50,budget,wildlife,"beach, wildlife","spiritual, mountain"
usr-0684,26-35,budget,nature,"heritage, wildlife, nature","shopping, beach, long_trip"
usr-0685,26-35,budget,wildlife,heritage,"spiritual, family, budget, nature"
usr-0686,26-35,luxury,adventure,"beach, hill_station, adventure","long_trip, heritage"
usr-0687,36-50,mid,heritage,"cultural, urban","luxury, heritage"
usr-0688,26-35,mid,cultural,"urban, hill_station, cultural","short_trip, beach"
usr-0689,36-50,mid,adventure,"wildlife, heritage","family, budget"
usr-0690,36-50,budget,adventure,wildlife,"wildlife, short_trip, spiritual"
usr-0691,18-25,luxury,wildlife,spiritual,"luxury, food, solo"
usr-0692,36-50,mid,nature,beach,"long_trip, heritage"
usr-0693,26-35,mid,wildlife,"spiritual, adventure","beach, nightlife, solo"
usr-0694,26-35,mid,cultural,"nature, wildlife, spiritual","luxury, mountain, wildlife, shopping"
usr-0695,26-35,luxury,nature,"hill_station, urban, adventure","short_trip, long_trip"
usr-0696,26-35,mid,adventure,urban,"short_trip, shopping, nature, long_trip"
usr-0697,26-35,budget,nature,"spiritual, cultural","nature, solo, nightlife, wildlife"
usr-0698,36-50,luxury,spiritual,heritage,"shopping, luxury, couple"
usr-0699,36-50,mid,wildlife,hill_station,"nightlife, spiritual, long_trip"
usr-0700,36-50,budget,spiritual,hill_station,"shopping, adventure, long_trip"
usr-0701,36-50,mid,nature,"urban, nature","short_trip, solo, shopping, heritage"
usr-0702,26-35,budget,cultural,"hill_station, nature","shopping, spiritual, couple"
usr-0703,26-35,mid,heritage,adventure,"adventure, budget"
usr-0704,36-50,mid,heritage,"urban, heritage","wildlife, food, spiritual, beach"
usr-0705,36-50,budget,beach,nature,"family, nightlife, couple"
usr-0706,26-35,luxury,heritage,"spiritual, hill_station","solo, spiritual, adventure"
usr-0707,26-35,budget,heritage,"cultural, wildlife","luxury, short_trip"
usr-0708,50+,mid,adventure,"nature, urban","shopping, wildlife, budget"
usr-0709,26-35,luxury,spiritual,"heritage, wildlife, adventure","budget, solo, nightlife"
usr-0710,26-35,mid,cultural,heritage,"couple, luxury, beach"
usr-0711,18-25,mid,cultural,"heritage, cultural","adventure, solo, budget"
usr-0712,18-25,mid,heritage,"wildlife, heritage, beach","mountain, couple"
usr-0713,36-50,mid,nature,adventure,"nature, long_trip, beach, adventure"
usr-0714,26-35,mid,cultural,nature,"food, heritage, long_trip"
usr-0715,18-25,budget,wildlife,heritage,"solo, nightlife"
usr-0716,18-25,mid,heritage,"adventure, wildlife, urban","family, mountain, nature"
usr-0717,26-35,budget,cultural,urban,"budget, food, nature, mountain"
usr-0718,18-25,mid,cultural,"cultural, nature, heritage","short_trip, couple, shopping"
usr-0719,36-50,budget,nature,"wildlife, hill_station, beach","mountain, heritage"
usr-0720,18-25,budget,wildlife,"spiritual, nature, heritage","family, mountain, beach"
usr-0721,50+,mid,wildlife,"cultural, nature","luxury, family"
usr-0722,18-25,mid,heritage,"heritage, adventure, hill_station","mountain, solo, shopping"
usr-0723,18-25,budget,nature,"urban, spiritual","nightlife, spiritual, family, shopping"
usr-0724,26-35,mid,beach,"nature, cultural, urban","long_trip, couple, beach, adventure"
usr-0725,26-35,budget,beach,"wildlife, spiritual, adventure","nature, solo"
usr-0726,18-25,mid,nature,spiritual,"nightlife, adventure, spiritual, long_trip"
usr-0727,26-35,mid,wildlife,"heritage, wildlife, cultural","family, budget, food, wildlife"
usr-0728,18-25,mid,wildlife,heritage,"short_trip, adventure, family"
usr-0729,18-25,mid,nature,"cultural, urban, beach","heritage, mountain, food, long_trip"
usr-0730,26-35,mid,spiritual,hill_station,"long_trip, solo, mountain"
usr-0731,18-25,mid,spiritual,"hill_station, beach, wildlife","luxury, wildlife, shopping, couple"
usr-0732,18-25,budget,cultural,"nature, urban, hill_station","couple, luxury, shopping, mountain"
usr-0733,26-35,mid,heritage,"hill_station, cultural","nature, beach, nightlife, solo"
usr-0734,36-50,mid,wildlife,nature,"short_trip, beach, spiritual, shopping"
usr-0735,26-35,budget,wildlife,"beach, cultural","long_trip, beach, family"
usr-0736,26-35,budget,cultural,nature,"family, heritage, nightlife"
usr-0737,26-35,budget,heritage,"hill_station, spiritual, nature","nightlife, food, luxury"
usr-0738,36-50,mid,cultural,spiritual,"mountain, nature, adventure"
usr-0739,50+,budget,cultural,"beach, wildlife","shopping, couple, adventure, wildlife"
usr-0740,26-35,mid,adventure,"urban, cultural","nature, spiritual"
usr-0741,26-35,mid,beach,"cultural, spiritual, hill_station","adventure, nature, food"
usr-0742,26-35,mid,cultural,"wildlife, heritage","nightlife, wildlife"
usr-0743,26-35,mid,cultural,urban,"food, long_trip, couple, budget"
usr-0744,50+,luxury,cultural,urban,"family, long_trip, luxury, spiritual"
usr-0745,26-35,budget,wildlife,"adventure, cultural, nature","food, nightlife"
usr-0746,50+,mid,nature,adventure,"luxury, shopping, family, short_trip"
usr-0747,18-25,budget,wildlife,beach,"beach, nature, long_trip"
usr-0748,36-50,mid,adventure,spiritual,"spiritual, couple, budget"
usr-0749,26-35,budget,beach,"hill_station, nature, cultural","luxury, nightlife, mountain, food"
usr-0750,36-50,budget,spiritual,"beach, nature","wildlife, heritage, mountain, spiritual"
usr-0751,26-35,mid,spiritual,wildlife,"couple, mountain"
usr-0752,18-25,budget,beach,"wildlife, hill_station","solo, shopping, mountain"
usr-0753,50+,luxury,wildlife,urban,"beach, solo, budget, heritage"
usr-0754,18-25,mid,beach,"adventure, beach","mountain, couple, wildlife"
usr-0755,18-25,mid,spiritual,hill_station,"couple, long_trip"
usr-0756,26-35,mid,beach,"urban, hill_station, spiritual","shopping, couple"
usr-0757,18-25,budget,nature,spiritual,"nightlife, adventure"
usr-0758,26-35,mid,heritage,"spiritual, cultural","long_trip, family"
usr-0759,36-50,budget,adventure,adventure,"solo, budget, heritage, beach"
usr-0760,26-35,mid,wildlife,adventure,"nature, beach, short_trip"
usr-0761,18-25,luxury,beach,"wildlife, hill_station, cultural","heritage, mountain"
usr-0762,26-35,mid,wildlife,"adventure, hill_station","budget, shopping"
usr-0763,36-50,mid,cultural,adventure,"wildlife, adventure, nature, family"
usr-0764,18-25,luxury,cultural,adventure,"luxury, heritage"
usr-0765,26-35,mid,cultural,hill_station,"short_trip, wildlife, beach"
usr-0766,36-50,mid,nature,"heritage, spiritual","nightlife, family, food, beach"
usr-0767,36-50,mid,nature,heritage,"luxury, heritage, spiritual"
usr-0768,18-25,mid,beach,heritage,"mountain, shopping"
usr-0769,26-35,mid,nature,"cultural, wildlife","food, solo, nature"
usr-0770,26-35,budget,wildlife,"spiritual, urban, adventure","beach, solo, family"
usr-0771,36-50,budget,heritage,heritage,"nature, family"
usr-0772,50+,mid,heritage,"nature, wildlife","long_trip, food, budget, adventure"
usr-0773,18-25,budget,wildlife,"adventure, hill_station, nature","short_trip, long_trip, nightlife"
usr-0774,50+,mid,cultural,"hill_station, spiritual","wildlife, couple, heritage"
usr-0775,18-25,luxury,beach,"nature, adventure, spiritual","nature, heritage, adventure, beach"
usr-0776,26-35,mid,heritage,"urban, cultural","shopping, luxury"
usr-0777,36-50,mid,spiritual,nature,"nature, food, spiritual, adventure"
usr-0778,18-25,mid,wildlife,"hill_station, urban","food, heritage, shopping, nature"
usr-0779,36-50,budget,beach,"hill_station, cultural, heritage","couple, wildlife"
usr-0780,26-35,budget,spiritual,wildlife,"beach, luxury, long_trip, shopping"
usr-0781,26-35,budget,beach,"adventure, spiritual, cultural","mountain, spiritual, long_trip"
usr-0782,18-25,mid,heritage,"adventure, spiritual","nature, solo, wildlife"
usr-0783,26-35,mid,beach,"wildlife, adventure, nature","beach, spiritual, couple"
usr-0784,26-35,luxury,nature,"urban, hill_station","beach, heritage"
usr-0785,18-25,mid,adventure,nature,"spiritual, solo, budget"
usr-0786,18-25,budget,heritage,"adventure, wildlife","beach, mountain, adventure"
usr-0787,36-50,budget,beach,"adventure, wildlife, spiritual","spiritual, mountain, food"
usr-0788,18-25,mid,spiritual,"urban, adventure","beach, nightlife, solo, nature"
usr-0789,36-50,luxury,adventure,hill_station,"short_trip, luxury"
usr-0790,26-35,budget,heritage,"wildlife, urban, beach","couple, adventure"
usr-0791,26-35,mid,wildlife,urban,"nature, luxury, spiritual"
usr-0792,26-35,mid,beach,"adventure, hill_station, nature","mountain, solo, budget, nightlife"
usr-0793,36-50,mid,wildlife,"cultural, spiritual","nightlife, long_trip, nature, beach"
usr-0794,36-50,mid,beach,"heritage, hill_station, wildlife","heritage, long_trip, mountain"
usr-0795,18-25,luxury,spiritual,spiritual,"short_trip, budget"
usr-0796,36-50,budget,wildlife,"wildlife, cultural, urban","couple, shopping"
usr-0797,18-25,budget,wildlife,"spiritual, adventure, heritage","mountain, couple, adventure, nature"
usr-0798,36-50,budget,nature,"wildlife, hill_station","food, couple"
usr-0799,18-25,luxury,beach,nature,"beach, solo"
usr-0800,26-35,budget,beach,cultural,"heritage, luxury"
usr-0801,18-25,luxury,heritage,spiritual,"luxury, wildlife, shopping"
usr-0802,36-50,mid,spiritual,"cultural, beach","wildlife, spiritual, beach"
usr-0803,18-25,mid,beach,nature,"heritage, family"
usr-0804,26-35,luxury,heritage,"cultural, adventure","spiritual, nightlife"
usr-0805,18-25,budget,cultural,"heritage, nature, wildlife","solo, budget, nature"
usr-0806,18-25,mid,nature,"heritage, spiritual, nature","couple, luxury"
usr-0807,18-25,mid,adventure,"heritage, beach, nature","family, budget, shopping"
usr-0808,26-35,mid,cultural,"heritage, beach, nature","heritage, wildlife, spiritual"
usr-0809,26-35,mid,adventure,"nature, urban","short_trip, couple, solo, food"
usr-0810,36-50,luxury,cultural,"spiritual, nature, adventure","luxury, wildlife, shopping"
usr-0811,50+,mid,heritage,wildlife,"food, wildlife, solo, nightlife"
usr-0812,36-50,luxury,heritage,"urban, spiritual, wildlife","spiritual, luxury, heritage"
usr-0813,26-35,mid,spiritual,"spiritual, hill_station, urban","long_trip, heritage, family, beach"
usr-0814,36-50,mid,wildlife,"nature, urban, adventure","long_trip, couple"
usr-0815,50+,budget,beach,heritage,"family, food, mountain, beach"
usr-0816,26-35,budget,wildlife,urban,"shopping, long_trip, nightlife, nature"
usr-0817,18-25,budget,beach,"heritage, hill_station, wildlife","heritage, luxury"
usr-0818,36-50,budget,cultural,hill_station,"beach, short_trip, wildlife"
usr-0819,50+,budget,spiritual,"urban, beach, hill_station","wildlife, heritage, beach, budget"
usr-0820,26-35,luxury,spiritual,"beach, cultural","couple, food, nature"
usr-0821,18-25,mid,nature,nature,"food, budget, nightlife"
usr-0822,36-50,budget,cultural,"hill_station, adventure","couple, luxury, mountain, adventure"
usr-0823,18-25,mid,adventure,"wildlife, urban, spiritual","adventure, wildlife, spiritual"
usr-0824,18-25,budget,nature,"heritage, beach","long_trip, short_trip, spiritual, budget"
usr-0825,18-25,luxury,nature,cultural,"spiritual, wildlife, solo"
usr-0826,18-25,mid,beach,wildlife,"nature, beach"
usr-0827,26-35,mid,heritage,wildlife,"spiritual, adventure"
usr-0828,26-35,budget,beach,heritage,"budget, solo, couple"
usr-0829,18-25,mid,heritage,hill_station,"mountain, family, budget"
usr-0830,26-35,budget,adventure,urban,"budget, couple, shopping"
usr-0831,18-25,mid,adventure,"heritage, hill_station","spiritual, nightlife"
usr-0832,36-50,budget,heritage,"cultural, spiritual, beach","long_trip, nightlife"
usr-0833,36-50,budget,beach,wildlife,"heritage, family, food"
usr-0834,26-35,budget,wildlife,"nature, urban, heritage","shopping, family"
usr-0835,26-35,luxury,spiritual,"urban, cultural","solo, food, beach, budget"
usr-0836,36-50,budget,spiritual,adventure,"heritage, luxury, adventure"
usr-0837,18-25,budget,beach,"heritage, hill_station, wildlife","luxury, nature"
usr-0838,26-35,mid,beach,"beach, cultural","family, heritage"
usr-0839,26-35,budget,cultural,"hill_station, cultural","beach, spiritual"
usr-0840,26-35,mid,wildlife,"adventure, wildlife, nature","adventure, spiritual, short_trip, budget"
usr-0841,26-35,mid,adventure,"cultural, nature","nightlife, food, spiritual, mountain"
usr-0842,36-50,mid,nature,beach,"couple, food"
usr-0843,26-35,luxury,adventure,cultural,"budget, solo"
usr-0844,18-25,budget,beach,heritage,"beach, wildlife, heritage, long_trip"
usr-0845,18-25,budget,cultural,"hill_station, urban","couple, wildlife, nightlife, nature"
usr-0846,18-25,mid,wildlife,"heritage, cultural, urban","wildlife, budget"
usr-0847,36-50,mid,heritage,"wildlife, urban, cultural","food, beach, shopping"
usr-0848,26-35,mid,wildlife,"beach, heritage, adventure","budget, solo, nature"
usr-0849,26-35,budget,nature,"urban, adventure, wildlife","beach, luxury"
usr-0850,26-35,budget,spiritual,"adventure, spiritual, wildlife","heritage, beach, shopping"
usr-0851,36-50,budget,cultural,"wildlife, adventure, hill_station","beach, family, food, mountain"
usr-0852,26-35,budget,heritage,"adventure, wildlife","long_trip, family, budget, spiritual"
usr-0853,18-25,budget,nature,"beach, nature, spiritual","solo, short_trip, adventure"
usr-0854,26-35,mid,nature,"wildlife, heritage, urban","wildlife, short_trip, heritage, long_trip"
usr-0855,36-50,mid,spiritual,"wildlife, cultural","solo, short_trip, nature"
usr-0856,26-35,budget,beach,urban,"family, budget, beach"
usr-0857,36-50,budget,adventure,beach,"adventure, mountain, nature"
usr-0858,26-35,budget,cultural,"spiritual, cultural","budget, short_trip"
usr-0859,18-25,budget,wildlife,adventure,"nature, short_trip"
usr-0860,26-35,mid,nature,"beach, spiritual","heritage, family"
usr-0861,26-35,mid,nature,beach,"adventure, couple"
usr-0862,18-25,mid,heritage,cultural,"short_trip, beach"
usr-0863,36-50,mid,beach,"cultural, wildlife","long_trip, nature, solo"
usr-0864,26-35,budget,wildlife,"spiritual, urban","luxury, solo"
usr-0865,36-50,mid,heritage,"nature, adventure, heritage","nightlife, luxury, solo, heritage"
usr-0866,36-50,mid,nature,urban,"couple, long_trip"
usr-0867,18-25,mid,cultural,"nature, spiritual, cultural","short_trip, luxury, nature"
usr-0868,26-35,luxury,spiritual,"urban, cultural","luxury, adventure"
usr-0869,36-50,budget,nature,urban,"short_trip, wildlife, beach"
usr-0870,26-35,luxury,nature,"nature, spiritual","adventure, shopping, nature"
usr-0871,26-35,budget,beach,beach,"heritage, food, adventure"
usr-0872,26-35,mid,heritage,"heritage, spiritual, nature","short_trip, wildlife, nightlife, family"
usr-0873,26-35,budget,wildlife,"adventure, spiritual, urban","beach, spiritual, long_trip"
usr-0874,36-50,mid,cultural,"wildlife, spiritual, cultural","family, solo, luxury, mountain"
usr-0875,26-35,budget,heritage,"wildlife, cultural, hill_station","food, adventure, heritage, long_trip"
usr-0876,36-50,luxury,wildlife,"cultural, adventure","budget, nightlife"
usr-0877,36-50,mid,heritage,"spiritual, nature, hill_station","family, solo"
usr-0878,36-50,luxury,heritage,hill_station,"mountain, food, nature, adventure"
usr-0879,36-50,budget,heritage,"adventure, spiritual, hill_station","nightlife, heritage, nature"
usr-0880,50+,mid,adventure,spiritual,"wildlife, heritage"
usr-0881,26-35,luxury,wildlife,urban,"long_trip, couple, shopping"
usr-0882,18-25,budget,adventure,"adventure, nature, spiritual","family, mountain"
usr-0883,18-25,budget,beach,nature,"mountain, budget"
usr-0884,26-35,luxury,beach,"adventure, cultural","budget, beach"
usr-0885,26-35,budget,spiritual,"nature, hill_station","couple, adventure, luxury"
usr-0886,36-50,budget,beach,"urban, hill_station","beach, short_trip, solo"
usr-0887,26-35,budget,heritage,cultural,"spiritual, wildlife"
usr-0888,36-50,mid,nature,"wildlife, nature","family, mountain, short_trip, shopping"
usr-0889,18-25,budget,spiritual,heritage,"long_trip, family, beach, short_trip"
usr-0890,50+,budget,nature,"adventure, heritage, hill_station","family, short_trip"
usr-0891,26-35,mid,cultural,heritage,"mountain, spiritual, family, nightlife"
usr-0892,26-35,budget,wildlife,"spiritual, urban","spiritual, food"
usr-0893,26-35,luxury,spiritual,"hill_station, adventure","wildlife, heritage, nature, adventure"
usr-0894,26-35,budget,nature,"urban, wildlife","beach, heritage, nature, wildlife"
usr-0895,26-35,mid,beach,wildlife,"nature, spiritual"
usr-0896,26-35,mid,spiritual,"heritage, urban, hill_station","heritage, nightlife, shopping, luxury"
usr-0897,18-25,budget,nature,"urban, nature","solo, luxury, wildlife, short_trip"
usr-0898,50+,luxury,heritage,"wildlife, hill_station, spiritual","couple, heritage"
usr-0899,26-35,budget,nature,cultural,"luxury, budget, family"
usr-0900,50+,mid,cultural,spiritual,"budget, nightlife, short_trip"
usr-0901,50+,budget,wildlife,beach,"wildlife, beach, solo, short_trip"
usr-0902,36-50,luxury,heritage,"beach, cultural","heritage, long_trip, shopping, wildlife"
usr-0903,18-25,mid,nature,"beach, hill_station, spiritual","luxury, wildlife"
usr-0904,18-25,budget,spiritual,cultural,"luxury, nature, nightlife, adventure"
usr-0905,26-35,budget,nature,"nature, beach, heritage","heritage, couple, nightlife"
usr-0906,18-25,mid,beach,"spiritual, heritage","adventure, food, wildlife"
usr-0907,36-50,luxury,adventure,"beach, nature, urban","couple, budget, food"
usr-0908,18-25,mid,nature,"spiritual, hill_station","budget, spiritual"
usr-0909,18-25,mid,nature,hill_station,"nightlife, mountain"
usr-0910,26-35,mid,beach,"wildlife, cultural","nightlife, budget"
usr-0911,36-50,mid,spiritual,hill_station,"couple, wildlife"
usr-0912,26-35,mid,cultural,cultural,"adventure, beach"
usr-0913,26-35,budget,spiritual,"heritage, cultural, urban","spiritual, luxury, food, short_trip"
usr-0914,26-35,mid,heritage,"nature, hill_station","solo, long_trip"
usr-0915,18-25,mid,spiritual,adventure,"shopping, short_trip"
usr-0916,26-35,mid,cultural,"spiritual, heritage, wildlife","couple, nature"
usr-0917,18-25,budget,adventure,"urban, spiritual","wildlife, short_trip"
usr-0918,26-35,mid,adventure,hill_station,"nightlife, mountain"
usr-0919,26-35,mid,heritage,"wildlife, urban","spiritual, long_trip, beach, nature"
usr-0920,26-35,budget,nature,"cultural, wildlife, urban","nightlife, shopping"
usr-0921,18-25,luxury,beach,wildlife,"heritage, luxury, short_trip"
usr-0922,36-50,mid,wildlife,adventure,"food, adventure, nightlife, long_trip"
usr-0923,50+,budget,nature,beach,"family, food"
usr-0924,26-35,budget,heritage,"wildlife, heritage, beach","wildlife, long_trip, nightlife, budget"
usr-0925,26-35,mid,wildlife,"hill_station, wildlife, cultural","long_trip, nature"
usr-0926,26-35,luxury,heritage,"urban, wildlife, spiritual","short_trip, budget, luxury, family"
usr-0927,36-50,luxury,adventure,"urban, adventure, beach","adventure, shopping, wildlife, beach"
usr-0928,18-25,mid,cultural,"cultural, urban, hill_station","short_trip, spiritual, solo"
usr-0929,36-50,mid,heritage,cultural,"beach, short_trip, luxury, family"
usr-0930,36-50,mid,spiritual,"beach, heritage, hill_station","couple, food, family"
usr-0931,36-50,luxury,heritage,"nature, adventure, wildlife","luxury, shopping, short_trip, heritage"
usr-0932,26-35,mid,spiritual,"adventure, wildlife, heritage","mountain, beach, family"
usr-0933,50+,luxury,cultural,"adventure, heritage, beach","nightlife, heritage"
usr-0934,36-50,budget,adventure,"hill_station, beach","long_trip, wildlife, shopping, budget"
usr-0935,36-50,budget,wildlife,"spiritual, cultural","shopping, family, couple, heritage"
usr-0936,18-25,budget,adventure,wildlife,"shopping, budget, heritage, solo"
usr-0937,18-25,budget,wildlife,"urban, heritage","long_trip, nightlife, solo, budget"
usr-0938,26-35,budget,beach,"heritage, urban","beach, short_trip, budget"
usr-0939,26-35,budget,spiritual,wildlife,"shopping, budget"
usr-0940,26-35,budget,beach,"heritage, adventure","solo, mountain, nature"
usr-0941,18-25,mid,beach,adventure,"short_trip, long_trip"
usr-0942,36-50,luxury,cultural,"spiritual, urban, beach","beach, nature"
usr-0943,36-50,mid,wildlife,heritage,"spiritual, long_trip, food"
usr-0944,26-35,budget,spiritual,adventure,"nightlife, family"
usr-0945,36-50,mid,spiritual,"spiritual, heritage","luxury, couple, long_trip"
usr-0946,26-35,budget,heritage,spiritual,"family, beach, luxury"
usr-0947,26-35,budget,beach,nature,"solo, short_trip, family, luxury"
usr-0948,26-35,mid,nature,nature,"mountain, shopping, budget, nature"
usr-0949,26-35,mid,wildlife,"wildlife, nature","shopping, mountain"
usr-0950,18-25,mid,cultural,"spiritual, adventure","wildlife, short_trip, beach, long_trip"
usr-0951,36-50,budget,nature,"hill_station, nature","family, shopping"
usr-0952,18-25,budget,beach,heritage,"shopping, adventure"
usr-0953,36-50,mid,wildlife,"beach, cultural","family, mountain"
usr-0954,26-35,mid,heritage,hill_station,"shopping, budget, spiritual, nature"
usr-0955,26-35,mid,heritage,heritage,"family, mountain"
usr-0956,26-35,budget,spiritual,heritage,"shopping, family"
usr-0957,18-25,budget,wildlife,"hill_station, heritage, nature","wildlife, luxury"
usr-0958,26-35,budget,nature,adventure,"long_trip, spiritual"
usr-0959,26-35,budget,beach,adventure,"long_trip, budget"
usr-0960,50+,budget,cultural,"beach, nature","mountain, budget, solo, nightlife"
usr-0961,36-50,budget,heritage,urban,"couple, nightlife, short_trip"
usr-0962,26-35,mid,spiritual,urban,"nature, budget"
usr-0963,50+,luxury,heritage,"beach, nature","spiritual, luxury, food"
usr-0964,18-25,luxury,nature,"spiritual, hill_station, adventure","mountain, adventure"
usr-0965,36-50,budget,beach,heritage,"long_trip, budget, food, shopping"
usr-0966,18-25,mid,nature,"spiritual, urban","beach, food, mountain"
usr-0967,18-25,budget,adventure,"urban, cultural","budget, long_trip"
usr-0968,26-35,mid,adventure,"cultural, hill_station","spiritual, beach, shopping, food"
usr-0969,26-35,luxury,adventure,"heritage, beach","mountain, solo"
usr-0970,36-50,mid,adventure,wildlife,"wildlife, nature, shopping, family"
usr-0971,26-35,budget,cultural,"spiritual, cultural, wildlife","heritage, budget, couple"
usr-0972,18-25,budget,wildlife,"spiritual, beach","spiritual, short_trip, budget"
usr-0973,26-35,luxury,spiritual,wildlife,"budget, nightlife, mountain"
usr-0974,36-50,mid,nature,"adventure, nature, hill_station","adventure, food, spiritual"
usr-0975,36-50,luxury,beach,heritage,"wildlife, long_trip"
usr-0976,26-35,budget,wildlife,"adventure, urban, cultural","food, mountain, adventure, shopping"
usr-0977,50+,budget,cultural,"urban, beach","couple, long_trip"
usr-0978,18-25,budget,beach,wildlife,"shopping, budget, luxury"
usr-0979,18-25,budget,spiritual,wildlife,"luxury, long_trip, solo"
usr-0980,26-35,budget,spiritual,"nature, heritage, wildlife","couple, long_trip"
usr-0981,36-50,mid,nature,cultural,"food, nature"
usr-0982,50+,mid,nature,wildlife,"nightlife, short_trip, long_trip"
usr-0983,26-35,mid,spiritual,heritage,"short_trip, luxury, shopping, nature"
usr-0984,26-35,budget,beach,"beach, hill_station","nature, short_trip"
usr-0985,26-35,mid,heritage,"hill_station, spiritual, heritage","long_trip, short_trip, food"
usr-0986,26-35,mid,cultural,"urban, wildlife, cultural","wildlife, beach"
usr-0987,18-25,mid,adventure,"adventure, hill_station","budget, spiritual"
usr-0988,36-50,luxury,adventure,heritage,"short_trip, long_trip"
usr-0989,18-25,mid,beach,"nature, urban, cultural","adventure, nightlife, long_trip"
usr-0990,36-50,mid,wildlife,"wildlife, spiritual, beach","family, short_trip, budget"
usr-0991,26-35,mid,spiritual,spiritual,"short_trip, couple, food, shopping"
usr-0992,36-50,budget,spiritual,"beach, spiritual","adventure, heritage, couple"
usr-0993,36-50,mid,spiritual,heritage,"wildlife, budget, long_trip"
usr-0994,18-25,budget,beach,cultural,"solo, wildlife, long_trip, food"
usr-0995,26-35,mid,wildlife,"heritage, wildlife","food, solo, family, luxury"
usr-0996,26-35,mid,adventure,heritage,"shopping, nightlife"
usr-0997,50+,mid,wildlife,cultural,"luxury, solo, wildlife, family"
usr-0998,36-50,mid,cultural,"wildlife, cultural, heritage","short_trip, nightlife, budget, couple"
usr-0999,36-50,budget,cultural,"nature, adventure","short_trip, food, nature"
usr-1000,18-25,mid,adventure,"beach, urban, wildlife","wildlife, luxury"
